path,label,keep,group_id,sha256,phash,width,height,mode,format,bytes,fold
Potato___Early_blight/001187a0-57ab-4329-baff-e7246a9edeb0___RS_Early.B 8178.JPG,Potato___Early_blight,True,0,100079e00ccf046c761599235a1a73db03980fa4847b2a2fe8ea4092bca6bf5c,ba84a1def54083f9,256,256,RGB,JPEG,20183,1
Potato___Early_blight/002a55fb-7a3d-4a3a-aca8-ce2d5ebc6925___RS_Early.B 8170.JPG,Potato___Early_blight,True,1,f82d5fed95db82eb2863eb2b236c3d4f0285a20966bd2048fdf12f97d3f4aa5a,a984f5cbc1cce364,256,256,RGB,JPEG,17224,4
Potato___Early_blight/009c8c31-f22d-4ffd-8f16-189c6f06c577___RS_Early.B 7885.JPG,Potato___Early_blight,True,2,15ac0f0ace743361f4645cbb5bc5ff7fb44f72e2dcddbd7b2a5c20268512ddc5,bf97a0349a498ccb,256,256,RGB,JPEG,21507,2
Potato___Early_blight/00d8f10f-5038-4e0f-bb58-0b885ddc0cc5___RS_Early.B 8722.JPG,Potato___Early_blight,True,3,c4949cee5155170fc987d2080323c25b9ef7190770e7df2b4ae7d0c450e7fdb8,a894975ac86de572,256,256,RGB,JPEG,17949,3
Potato___Early_blight/0182e991-97f0-4805-a1f7-6e1b4306d518___RS_Early.B 7015.JPG,Potato___Early_blight,True,4,cc5b1868b8acb1e0f0c140e37a1fedf61c96fd4303d8259f90ce7563ca17f845,aae2a58d9999d233,256,256,RGB,JPEG,19165,1
Potato___Early_blight/02578b86-b234-4ac0-9bc3-691b5610e2bf___RS_Early.B 7562.JPG,Potato___Early_blight,True,5,a5b86abe59b616942cf0855d472a6f1b753b3d5d95812f3ff6935b6145a93692,8bfcb5c1d00f0a9e,256,256,RGB,JPEG,18469,4
Potato___Early_blight/0267d4ca-522e-4ca0-b1a2-ce925e5b54a2___RS_Early.B 7020.JPG,Potato___Early_blight,True,6,3fdce534a556378a718e002d842f785012d86b86bbd36a16fb1813cd1350b92c,de72e2ca9daa1225,256,256,RGB,JPEG,19289,2
Potato___Early_blight/028f9b73-142f-499a-9c7b-d7c1ed5e5506___RS_Early.B 8546.JPG,Potato___Early_blight,True,7,cffafea78a90fc3e6bd419a36942a387720f8f649dedd5c8fc00bf9bdc6ccd7c,aa15ff17c86a8570,256,256,RGB,JPEG,19673,3
Potato___Early_blight/034959c1-f1e8-4a79-a6d5-3c1d14efa2f3___RS_Early.B 7136.JPG,Potato___Early_blight,True,8,83b0d685bb113b8ab25717da3b2ecdd8fb8775e7160ec698267d89a7ef93e8c4,d5aa8a9cc7d4ca43,256,256,RGB,JPEG,21057,0
Potato___Early_blight/03b0d3c1-b5b0-48f4-98aa-f8904670290f___RS_Early.B 7051.JPG,Potato___Early_blight,True,9,4951cb91537bcc5a40a5a9e0d863e6b574fb72cae925ae866c9b3680effad183,8a1c3e1eed4aa473,256,256,RGB,JPEG,19784,1
Potato___Early_blight/042135e2-e126-4900-9212-d42d900b8125___RS_Early.B 8791.JPG,Potato___Early_blight,True,10,6b15a625b4adf563454f9e244615146f3bed9f9aedc2feb48de8563b381578a9,abe8a4c7949d129d,256,256,RGB,JPEG,18355,3
Potato___Early_blight/044c3abc-0bc9-45fb-8fd5-094aeb605f90___RS_Early.B 8044.JPG,Potato___Early_blight,True,11,d2a249bcb5d271e3e9f6c4299d513323ab2c844c066baf67bc5e78f32b06fb0b,a281c4d38beadd47,256,256,RGB,JPEG,21158,2
Potato___Early_blight/048d18ae-98b1-484d-97da-5a0e69b9ebc1___RS_Early.B 6845.JPG,Potato___Early_blight,True,12,95e7edd57a44cdedb38851855753346dd2863b10b032619bfebd1383b3404a69,aaf035863fc2384f,256,256,RGB,JPEG,21384,4
Potato___Early_blight/04c8e6b9-7710-4cdd-b259-2d78b15d1036___RS_Early.B 7066.JPG,Potato___Early_blight,True,13,197659af8b55b839ea359dede0b9af55020d9128d5603a2502e97bbc280ca0de,ef60c069cf0fcc58,256,256,RGB,JPEG,18469,4
Potato___Early_blight/04ee51b6-07e2-4182-84f8-46b22c8938a2___RS_Early.B 8091.JPG,Potato___Early_blight,True,14,19e8b1d0843a3cc1b1f2e74a0067729369b46257f84bcee6f1c7f6c50b5b1de8,eaa3e085a55eb54a,256,256,RGB,JPEG,19699,0
Potato___Early_blight/04fd2a46-ddd4-4b0b-8f19-5ecca482a7d5___RS_Early.B 7273.JPG,Potato___Early_blight,True,15,42865db9829cdf51e244a5dace2161d8fd7e9572ed8e7991b02c0681e454384a,aa1db556ca69c561,256,256,RGB,JPEG,20483,1
Potato___Early_blight/05c35093-11b8-4cd0-b67a-148859754440___RS_Early.B 8939.JPG,Potato___Early_blight,True,16,150c26fb8f80c0d15527c75a9f767961d8d7293cc8ddebaf850b0db4ab8d7d70,fa4c7589363b8532,256,256,RGB,JPEG,21189,2
Potato___Early_blight/0604174e-3018-4faa-9975-0be32d2c0789___RS_Early.B 7123.JPG,Potato___Early_blight,True,17,b2a9eeba8d90be61fe886c92ff7725afd8430b93df57d66b5c9ea71bb786ffab,be9d85b4da42c949,256,256,RGB,JPEG,21124,3
Potato___Early_blight/060fd5a7-1606-4a59-895b-604c90d6b414___RS_Early.B 7205.JPG,Potato___Early_blight,True,18,a92fa598bad2bc35d3db078408d75ff8a294152c17fd6fe4df7984153f89c88a,8ab5b548f40bc13f,256,256,RGB,JPEG,21165,2
Potato___Early_blight/065fc68f-88c9-4fc3-b0a6-a6f5e1072eaa___RS_Early.B 7174.JPG,Potato___Early_blight,True,19,93154753245a355d7ca24d77380bf0d3fb4f22eb4023f1dcedcb6372d51965ca,ae8ca495c39e97c8,256,256,RGB,JPEG,19683,0
Potato___Early_blight/06ac6596-8d65-46dd-a343-a2209f3480e4___RS_Early.B 6921.JPG,Potato___Early_blight,True,20,9cd3cb9e45a9d17b9d1fd53191119d0d4cdaf570108c8dd996a1de0773b672d2,f733b8dcd0c08e49,256,256,RGB,JPEG,22272,1
Potato___Early_blight/06d9fcc9-4eea-4736-8392-5e483e2e948d___RS_Early.B 7411.JPG,Potato___Early_blight,True,21,d0899e772e3791ab03df19532b07cadcc5b729f8772987a86303fdf725c23eda,aa99fd12c079cb61,256,256,RGB,JPEG,21381,4
Potato___Early_blight/07953ca1-8935-449f-b338-4357ed683b2d___RS_Early.B 6815.JPG,Potato___Early_blight,True,22,d5718adfc76f4bf302928a92684b919a64dd0855ef4090fe6024e41b8949efea,aec26dc22dc91ac7,256,256,RGB,JPEG,19877,3
Potato___Early_blight/07baabd8-e118-47dd-9d8d-132d4347836a___RS_Early.B 8555.JPG,Potato___Early_blight,True,23,4a3cd60d0b086fac5607b83d994d7ea576ad71ee7581d65d974cffe166160e34,82fdbfc0f201cb07,256,256,RGB,JPEG,20407,0
Potato___Early_blight/07d777f8-2c5a-48da-935e-f17c572b1e6e___RS_Early.B 7880.JPG,Potato___Early_blight,True,24,ccaabe5a95025cee2a337e1acba6b84b78f7c04df71aa8e2325603a88aa24bc3,ff68a80b852fd415,256,256,RGB,JPEG,21067,4
Potato___Early_blight/08029ccc-387e-4be6-9389-04f7b82fdb2a___RS_Early.B 9130.JPG,Potato___Early_blight,True,25,de318aa411a0eda395435e8ee4ee43a58618b6cb9af66fe639e1e032241afb24,d9d0ea8aa5b6b429,256,256,RGB,JPEG,20456,1
Potato___Early_blight/08194ca3-f0b2-4aaa-8df8-5ec5ddc6696a___RS_Early.B 8151.JPG,Potato___Early_blight,True,26,65c938b05771196583ef1953f642d2017498782935d0dd41ca6c7f6ee3b155db,aa4ef06b636f4864,256,256,RGB,JPEG,21019,2
Potato___Early_blight/08392b44-ecc6-4f38-8566-361b552cfe21___RS_Early.B 7393.JPG,Potato___Early_blight,True,27,5b5b04b3f1a185cb3fa460fdffff924a98be56f37615ef55a721cbacbcb98eea,ffc0e00f91338ee4,256,256,RGB,JPEG,18371,3
Potato___Early_blight/0898bffc-57aa-4fdb-92d1-fd6a03d2a011___RS_Early.B 6946.JPG,Potato___Early_blight,True,28,7e552eebae615039a4dbdf6b9bbbf2a0fa95c008799201d6ab9ff2198e53e26d,abdcf520c817832f,256,256,RGB,JPEG,21852,1
Potato___Early_blight/089fb289-4bea-48b6-a29a-3a1d268d9dd3___RS_Early.B 8081.JPG,Potato___Early_blight,True,29,20c6789a26611537a5f6c83a6e84ee013da520040b137cdf39790c37ff364589,ead2258aa5cb14ed,256,256,RGB,JPEG,20945,2
Potato___Early_blight/08a892eb-19cc-45ea-babc-181b98f89238___RS_Early.B 7367.JPG,Potato___Early_blight,True,30,ce977c82a31496caab1e936a322ebd8f923ed87a1956a3c2d9541257639c5b10,f7d0e04b9ab48b32,256,256,RGB,JPEG,18861,4
Potato___Early_blight/08bbd7f1-169d-4e38-946f-8d91589b263e___RS_Early.B 7106.JPG,Potato___Early_blight,True,31,215d6d41078e3c2bb36515d9f22ef78c5d714f45592d080cac620241dae9d98b,aac863ca169db0b7,256,256,RGB,JPEG,18248,0
Potato___Early_blight/08cf1add-91f8-41ea-bc13-54e7d1cb6da0___RS_Early.B 6865.JPG,Potato___Early_blight,True,32,5891980007ba36a93d78f723edbbe50dd10753f35a63f5bb83d65c59937ae124,a2d234cdb68dfa44,256,256,RGB,JPEG,23487,3
Potato___Early_blight/094fbf4c-da00-4037-82af-03e712d8db47___RS_Early.B 6908.JPG,Potato___Early_blight,True,33,62bcaa73e06c9c37c78f2965ef686772d61940ccabf8e114c676362424dda11b,82673fd0d81ac16f,256,256,RGB,JPEG,21756,0
Potato___Early_blight/096a2c48-104c-4570-9e34-8dd60aa5ebcf___RS_Early.B 6979.JPG,Potato___Early_blight,True,34,60862cf69e2e83619848e94315a04d0a9a0bc6de401e1893f47d66a556cc1c71,aee825d1379af209,256,256,RGB,JPEG,17269,4
Potato___Early_blight/096f6928-24dd-4efd-acc6-b8246318676c___RS_Early.B 8970.JPG,Potato___Early_blight,True,35,f5e02958aaa73a1ee79d07df2485f377e797d11a1625a21a9d63208edb50f8bf,f628bb9d4018b73a,256,256,RGB,JPEG,23729,1
Potato___Early_blight/09ab9573-90d5-4001-9b74-14551935deef___RS_Early.B 7603.JPG,Potato___Early_blight,True,36,53d72392831042013092dc9beb8e09d60d2983e4ac48d70ed248c171b7144c4b,8876e68895c7d03f,256,256,RGB,JPEG,16844,2
Potato___Early_blight/0a0744dc-8486-4fbb-a44b-4d63e6db6197___RS_Early.B 7575.JPG,Potato___Early_blight,True,37,9900b6ae92d623736e9947f4222ca512396e70496b6e68db8725e0b5f5e900a2,fcc134cf1a64d913,256,256,RGB,JPEG,18349,3
Potato___Early_blight/0a47f32c-1724-4c8d-bfe4-986cedd3587b___RS_Early.B 8001.JPG,Potato___Early_blight,True,38,a9717e772970c313d2d61d30986597f3d1b8dc783d4de3656d3f2a7db03a80e4,eee2a4c2859f9698,256,256,RGB,JPEG,17231,0
Potato___Early_blight/0a6983a5-895e-4e68-9edb-88adf79211e9___RS_Early.B 9072.JPG,Potato___Early_blight,True,39,621f98780294e0dd261fd10713580be4a2128af881bbd0fb7829fa5c5325de69,b28d3f56b81e4538,256,256,RGB,JPEG,21120,3
Potato___Early_blight/0a79700b-f834-41f5-ae51-6ceda6f67a48___RS_Early.B 8951.JPG,Potato___Early_blight,True,40,781f0b62e418580360932ea7b908e7e2b589675b805bee5ced2feb38953b01c4,faac80666752359b,256,256,RGB,JPEG,22534,4
Potato___Early_blight/0a8a68ee-f587-4dea-beec-79d02e7d3fa4___RS_Early.B 8461.JPG,Potato___Early_blight,True,41,9a7d79185c2b399771cf3e24d00749c6b1ea0ddfcce5f794884d47114a568a42,ea2d855391fad252,256,256,RGB,JPEG,19344,1
Potato___Early_blight/0ad3ba53-f01b-403b-a99d-5991eed85045___RS_Early.B 7600.JPG,Potato___Early_blight,True,42,196cd7dbd3f21ad9564b1c2ae8027f68c46d8de5fda94d83888bf15aaf70480f,ff2f80d09cc2f0cc,256,256,RGB,JPEG,15804,2
Potato___Early_blight/0bbb8bce-2020-416b-8bd6-c160c2db9921___RS_Early.B 8386.JPG,Potato___Early_blight,True,43,af8169df3ab28a118690a2bae41f32cefbac439188e333396924036e5bca3663,fec8e2c297c89495,256,256,RGB,JPEG,21208,0
Potato___Early_blight/0c4f6f72-c7a2-42e1-9671-41ab3bf37fe7___RS_Early.B 6752.JPG,Potato___Early_blight,True,44,4cf1528105c07ee9b6a64dc2384d015bd39757251a36e5ccf8c81cfeefff93b7,db8374d4235ae3c8,256,256,RGB,JPEG,22538,2
Potato___Early_blight/0c5b14d9-8b1c-4c39-bb23-1835b5760caa___RS_Early.B 7937.JPG,Potato___Early_blight,True,45,d8abc2c3ff6e17e84cef2b941791ed5e3c57cf8adfdf07c0f078365011ca543e,ff8fc598ca618864,256,256,RGB,JPEG,20306,3
Potato___Early_blight/0caf6a39-3f5f-4201-a4d7-3ea35fdf1303___RS_Early.B 6762.JPG,Potato___Early_blight,True,46,3f476199d25bdfbd79ad299ae5e278522acd667ceaa86ac4819cfc41afc951b5,80997f5bf0fe0360,256,256,RGB,JPEG,21104,1
Potato___Early_blight/0d2325ff-4e3e-44bf-9614-e5ad6c23fc16___RS_Early.B 6797.JPG,Potato___Early_blight,True,47,ffa3a97e9a8474a121e5f4b93e9ec3bb04523d7ccce4749e38dfde2f394b6f36,af91f443d42d8276,256,256,RGB,JPEG,19830,4
Potato___Early_blight/0d2e2971-f1c9-4278-b35c-91dd8a22a64d___RS_Early.B 7581.JPG,Potato___Early_blight,True,48,6bf5f72508830e2f63525da6ae95884ad2c852baf4ceba4f605fc8d94c394b55,c64c28cb93b599b6,256,256,RGB,JPEG,19632,0
Potato___Early_blight/0d987d4a-26bc-4f74-8a16-12f8969dfed8___RS_Early.B 7013.JPG,Potato___Early_blight,True,49,f89990f5645f99c540ceb16c083d1f02f72be7b1903164dfadb6024854bd4ed2,d5d5ab4a94a89ab4,256,256,RGB,JPEG,20055,1
Potato___Early_blight/0d9dbf50-53a9-42b2-8b29-0360fb7dbd98___RS_Early.B 6692.JPG,Potato___Early_blight,True,50,9ea61c12b464be02e91b0d096ceebf4e181f1733a4965795eec3f75f8ae3e649,cda672d429964d9a,256,256,RGB,JPEG,18398,4
Potato___Early_blight/0ddd62cd-a999-4d58-a8f1-506e1004a595___RS_Early.B 8041.JPG,Potato___Early_blight,True,51,4526ee95dcf4a28db84dc711057cffbc26ca0243ae48868cd4bdc13d70d4b308,afe4b4c6d045ca96,256,256,RGB,JPEG,19295,2
Potato___Early_blight/0e0a1b51-f61c-4934-bc57-a820af1faacb___RS_Early.B 7147.JPG,Potato___Early_blight,True,52,e43f78df32f5a04f38e4e3715e80c206a31283b004d72c5b0c3fed67dddc1c8e,a830ff4bfcfc0038,256,256,RGB,JPEG,19738,3
Potato___Early_blight/0e6b9e09-2bcd-41e0-b001-b80a33a8a78b___RS_Early.B 8694.JPG,Potato___Early_blight,True,53,80383eb860005d2a829e936c31409710805bb039bf68eeb18f132138f3420529,d5f58a8ab4ba2463,256,256,RGB,JPEG,19838,0
Potato___Early_blight/0ed45bc2-c8cc-4d65-8f53-bdc10d78a7dc___RS_Early.B 8504.JPG,Potato___Early_blight,True,54,2338cd1153ebbcecc9618558ddcabd028caa7277aabb60407ffadd80f817171b,dc1ea2b1e0e5d4c6,256,256,RGB,JPEG,17601,3
Potato___Early_blight/0ede4acd-3685-40d9-b52b-7b3cb6536fa8___RS_Early.B 7377.JPG,Potato___Early_blight,True,55,ef20ccc79808e1750a56a689e1d1270fe7364b1317b9e75bad4e0cbac5f77793,dbb529daa48cb119,256,256,RGB,JPEG,16149,4
Potato___Early_blight/0f223bbc-d2b4-4d58-8314-359d92d0102b___RS_Early.B 8052.JPG,Potato___Early_blight,True,56,9be3e258ed52aabe7eb0d0f7674d4492633eab46c33f93ab269f6cab65b48969,bea5d09bca99c914,256,256,RGB,JPEG,20001,1
Potato___Early_blight/0f9c098f-a6df-4a73-8c14-8e7d4dbb1b0b___RS_Early.B 7991.JPG,Potato___Early_blight,True,57,b72edd1604d66eeb6c3ad3b9faffbb7aeb5e3ea36775dbb9323b986bd74bf8d6,eb52a80afe2dd815,256,256,RGB,JPEG,20630,2
Potato___Early_blight/0faca7fe-7254-4dfa-8388-bbc776338c9c___RS_Early.B 7929.JPG,Potato___Early_blight,True,58,450e479055e777d6098da4182056c4c1f1bd3d2dc44fe9ca5b841d90d1f14c39,aaf2bdc980859f94,256,256,RGB,JPEG,21551,0
Potato___Early_blight/0fd22207-cb37-42a1-965f-7dfe43f9d579___RS_Early.B 6876.JPG,Potato___Early_blight,True,59,10355feb52666b9f46a1ac2c39ba0c9859114e57bb5ffa98105ac3441a516a26,fc0a613f9712da49,256,256,RGB,JPEG,20667,1
Potato___Early_blight/107827b3-faa5-457c-97fd-3e34d2657f6b___RS_Early.B 7162.JPG,Potato___Early_blight,True,60,ce6f10fb4f4e4ce3a3826102b8b4d4886d8d44e2813fb4483cc9b7f1391b9f2a,ab05b05ecb7a9561,256,256,RGB,JPEG,20017,2
Potato___Early_blight/1082eee1-189d-4e0f-96b5-8b1393be4c4c___RS_Early.B 8743.JPG,Potato___Early_blight,True,61,816e0114f8f62e7b830950c3c8a250098082ff2003c6f645b95f04ed7e2b0ab2,ae50e4e5811bdd99,256,256,RGB,JPEG,18555,4
Potato___Early_blight/109730cd-03f3-4139-a464-5f9151483e8c___RS_Early.B 6738.JPG,Potato___Early_blight,True,62,b400e5c28a538440a851f3d4e2058d4215079b10b7a44c4687df713480938987,f969319cc6721b29,256,256,RGB,JPEG,22064,1
Potato___Early_blight/10a3920b-dd04-406d-8bbd-f92f221e4dee___RS_Early.B 7035.JPG,Potato___Early_blight,True,63,ad9b3e755920c6326fe71619cf0d4c50c16e1a25541318d38d9d267e93ad1204,abc0948f6699d31d,256,256,RGB,JPEG,19352,3
Potato___Early_blight/10c438df-8ed7-4de7-94df-83298ebcf373___RS_Early.B 7001.JPG,Potato___Early_blight,True,64,36586297bd46a93fc7b08c70561ad3db7075a559d06b399e9c3519d9e50fc48e,aa916d97f05a8578,256,256,RGB,JPEG,20482,0
Potato___Early_blight/1131b92e-ef46-441e-ac5f-c18ac09bf69a___RS_Early.B 8064.JPG,Potato___Early_blight,True,65,bf100d4f7f2c7e9c32c029b55d00ca48cd4c078d7539193bfe44a68f07f38970,9abbbd15805acbe0,256,256,RGB,JPEG,20679,2
Potato___Early_blight/1132bee0-fe6b-41a9-9583-7b959c2ca25f___RS_Early.B 7482.JPG,Potato___Early_blight,True,66,6f0c2bc94bc9a0ffbbd632b2ecc5a03fc52cc8583044c8885c6ddd9b9525f2ae,f8c08bda9cb3b225,256,256,RGB,JPEG,17884,3
Potato___Early_blight/11e974fa-928f-45f6-b983-e74c74c7d163___RS_Early.B 7992.JPG,Potato___Early_blight,True,67,4bb9b646ee4641091996a951e06036836095064a0e9cd346f1cf67ea6105f8f0,f774aa06a52f910e,256,256,RGB,JPEG,21734,4
Potato___Early_blight/12429fa8-02ea-4017-88ef-b2d219b892f7___RS_Early.B 6916.JPG,Potato___Early_blight,True,68,8c9fbfd38d3b85036e62549326d02c22e006a886732b6bebd56efe633ff8548e,883dfdc086c3f20f,256,256,RGB,JPEG,21631,0
Potato___Early_blight/12826416-efc5-49d3-b615-731629c95435___RS_Early.B 7215.JPG,Potato___Early_blight,True,69,97a1423a93ce704bee59d257ef6c8e438cce3a57edd2724b2805d850a6b72040,bb34b531707ab321,256,256,RGB,JPEG,18800,1
Potato___Early_blight/129b1c3a-4f7d-4c45-ae03-2a4c3eb17dd4___RS_Early.B 7413.JPG,Potato___Early_blight,True,70,6f878152876fa15395b12ec25047631291573ae49141a3bd1b5f806a9929fbc6,fe54e54bd20d8a34,256,256,RGB,JPEG,21004,2
Potato___Early_blight/12a7bc09-8d7f-4790-8046-6e3f12f71399___RS_Early.B 7973.JPG,Potato___Early_blight,True,71,f2d0e3fa8c0f0f7d676f98fcc702fe6c55f96f380a225000070b1851f2f62bb7,ff0fa3309c47924a,256,256,RGB,JPEG,20232,4
Potato___Early_blight/12ebe6fe-c8ce-4a00-866f-8776aca75159___RS_Early.B 6873.JPG,Potato___Early_blight,True,72,e53190617b9033952fa5e419ffd71b74914708c005c53173b69ad90a28a5f944,bfe03093d09e53c9,256,256,RGB,JPEG,21283,3
Potato___Early_blight/12f7b8bd-7aab-48de-ba2e-d2562408542f___RS_Early.B 7386.JPG,Potato___Early_blight,True,73,959b3fd469f6477d36e431339c3f4519b42ca8027497d11c0308160b26b1ac63,eadb24c8936d5866,256,256,RGB,JPEG,17174,0
Potato___Early_blight/1328ae8b-76e1-42e9-a0c4-7dd0612fdf99___RS_Early.B 8303.JPG,Potato___Early_blight,True,74,3ee446c69521afbf1bcf98c447e1d5aae8af4521f0558389ba4fcd717a512c96,aef0c10b9e84f9b1,256,256,RGB,JPEG,18543,1
Potato___Early_blight/1367d3e9-74fe-4d61-ab24-dd389dcb5d54___RS_Early.B 8011.JPG,Potato___Early_blight,True,75,fb9b5e40d44d4528fa018a774accb374e72d7096e36e06860f287bf7b0af5f56,beb3a0d8c3398789,256,256,RGB,JPEG,19108,2
Potato___Early_blight/13cfb9dc-8951-44c0-8c16-e96fd6ccc659___RS_Early.B 7070.JPG,Potato___Early_blight,True,76,131304598b5f8399f69331d118bef20dba994593672c6be0aea7896b2e39f203,acec258977c9624d,256,256,RGB,JPEG,20595,3
Potato___Early_blight/13ddd965-db42-4392-9798-fe0ba5ad7928___RS_Early.B 7631.JPG,Potato___Early_blight,True,77,a7559d6bd94cbee8b7be92013e0c2ba47cba797b3ec08961ae31d1a2cb7cacd3,af64a466862eceb4,256,256,RGB,JPEG,19115,4
Potato___Early_blight/13e2be1d-56bc-40c6-b5d1-e3bafc1b111e___RS_Early.B 8830.JPG,Potato___Early_blight,True,78,5c8dddbed327f3a23a7f26564d31823063aa0b2b0e8c89c49fb3d1786b72977a,aae2a5a5b4959696,256,256,RGB,JPEG,18757,0
Potato___Early_blight/14efc692-8ac6-4bd8-a71a-943192d6831a___RS_Early.B 6841.JPG,Potato___Early_blight,True,79,795bac0ae6ea2a1195ee27d05fc2dfaf375084afd3343fde4a2c962cea834283,a020bb9fc87ec768,256,256,RGB,JPEG,23266,2
Potato___Early_blight/159f49c5-8d80-41cb-b730-333fdefdff62___RS_Early.B 7301.JPG,Potato___Early_blight,True,80,9c5d73d8f80513f4e9b1f9b16c23269118cc6f3f3672ca83e8c1a48c5c6c5c5d,8e66fc40e00dc7fc,256,256,RGB,JPEG,20485,4
Potato___Early_blight/15ab8118-01fb-4e9c-83a9-94ab224d6854___RS_Early.B 7962.JPG,Potato___Early_blight,True,81,daa7e99eee31072c7f2203be8c432f856352110a940355b9b12697a1c857b354,df54e00b94ad9ba4,256,256,RGB,JPEG,19620,1
Potato___Early_blight/16133ed7-f960-44a5-bd03-8e665e777363___RS_Early.B 7504.JPG,Potato___Early_blight,True,82,db992d1314fade69c5add174132f6d68a5a74bd41953a0a0ddfeded74152bc0e,89fa96e11f817e03,256,256,RGB,JPEG,16783,1
Potato___Early_blight/16a6f216-6d2a-48fe-b8bc-ff385c96d0d3___RS_Early.B 7220.JPG,Potato___Early_blight,True,83,89578618e93198e36af311bb58579482350a963090d8ca7ce20815268d4faf4f,aa8da5958678cc67,256,256,RGB,JPEG,17968,3
Potato___Early_blight/17520079-9d7b-481a-bc9e-676c5404d160___RS_Early.B 6774.JPG,Potato___Early_blight,True,84,5cffe3a571f251c8a3b766ac79d2a8e6d420cec180e10f7f4104c90e94558660,ebb42dc134cb340f,256,256,RGB,JPEG,17467,0
Potato___Early_blight/17667077-cf29-4976-9282-359c6da25cf6___RS_Early.B 6971.JPG,Potato___Early_blight,True,85,30978025fa1c5b1ed366b3c4e650e88dc264019a286b0189fd80f54132f32c5a,eab16dd835e096c4,256,256,RGB,JPEG,20613,2
Potato___Early_blight/1767fee7-18fd-4597-8c77-d41ec2d62f4e___RS_Early.B 6932.JPG,Potato___Early_blight,True,86,d98e0186173c6d1ac4d8bff0617aee96673c900bf3264d9d4a0598c1cd7ead20,8f69fc10f007037f,256,256,RGB,JPEG,23182,3
Potato___Early_blight/1769d41b-fd4c-49b1-adce-e89fee6a352e___RS_Early.B 6741.JPG,Potato___Early_blight,True,87,0aec5bf9f1f7d99a278188f974da87e57c80bf218911cf4d68faa5abe12ab8fb,82072f7fb5389278,256,256,RGB,JPEG,22864,4
Potato___Early_blight/17756ec1-9c95-43b3-bedc-933b6e0887f3___RS_Early.B 8251.JPG,Potato___Early_blight,True,88,ed99188fcd7fa5cc2de385d8e908d607e6cd3bc8260a5f64e71db095426646bd,f554d142de3aca32,256,256,RGB,JPEG,20972,0
Potato___Early_blight/17848019-6609-4cc9-b27b-c70b296ceb09___RS_Early.B 7049.JPG,Potato___Early_blight,True,89,4b066f22db7251991e09775500bda29fff42694d91dda916cd4b8758967d70b8,8996259e75cc16ad,256,256,RGB,JPEG,16537,1
Potato___Early_blight/1797b5ac-ed8b-4b35-bd01-f8a14d34d6e1___RS_Early.B 8812.JPG,Potato___Early_blight,True,90,9de415938d30da49bc60755343141d8a405887b5c437d3ea9103e0471bf41a30,aa6afd01c00fcb5e,256,256,RGB,JPEG,17440,2
Potato___Early_blight/17a06d03-8a7b-48a8-aaf9-3300741c65de___RS_Early.B 7625.JPG,Potato___Early_blight,True,91,9a36db6ef1af55d229ad6312c7eb8053b9e2b49fc6b18f23e02b4321215999ba,eaca90a5baa48db3,256,256,RGB,JPEG,20694,3
Potato___Early_blight/1896de06-b6eb-4c01-a6c6-3247405765b8___RS_Early.B 8335.JPG,Potato___Early_blight,True,92,a9b4378526407c963cc4e30ef5cdf58a937e9b6ae2542d4cc3c5e703322b2fb5,af97c59ac16485e2,256,256,RGB,JPEG,18460,4
Potato___Early_blight/192c9d29-4a86-457b-a779-1dd36f225a5b___RS_Early.B 8012.JPG,Potato___Early_blight,True,93,e6b42b6ccc258e4476cb78b91cb2ba9c2b3f28074acc36a9f6a39783f56b72f5,ff8f2094c6384ee1,256,256,RGB,JPEG,21193,0
Potato___Early_blight/1994cd3e-4000-4c56-bede-d35a1eecc287___RS_Early.B 6867.JPG,Potato___Early_blight,True,94,4d7a8ee1e4ab479c1b2d24526b849c23ac253b5ce72049614afce6d27f3d38e6,aa5af160c707ce1e,256,256,RGB,JPEG,23076,1
Potato___Early_blight/1a2970b6-bafd-4812-93bc-57ff969e1045___RS_Early.B 7330.JPG,Potato___Early_blight,True,95,0a320f6f0f0cee238f6e5a3f0419f09e66ac6f8404f40233a860888ece046b15,8a51fd3fc06047a7,256,256,RGB,JPEG,21966,2
Potato___Early_blight/1a38f06b-da2a-4c57-bef1-a73254896403___RS_Early.B 9178.JPG,Potato___Early_blight,True,96,02744fea6d0dd775566bff45de149e1a09b6793da9c3fd0e0a680e35fe9360ff,bf181760f04fcb46,256,256,RGB,JPEG,23670,3
Potato___Early_blight/1a77c047-7ed8-4f02-bfaf-a19e7a67c3dd___RS_Early.B 7076.JPG,Potato___Early_blight,True,97,cd78d6043548966142bbeb92cb14cb8ead67290fb3ac4a52efd808bb172c4e34,dd2ea8f5c1d0c2c3,256,256,RGB,JPEG,20169,4
Potato___Early_blight/1af20ff8-980d-4912-b337-804b09667de3___RS_Early.B 7392.JPG,Potato___Early_blight,True,98,6d044960862a1056600f45119cf29136ffe5e9072cb19c9a5ae6036a1e8690c2,da29f51e8a619547,256,256,RGB,JPEG,19501,3
Potato___Early_blight/1b0a2898-00b9-4a12-b4dc-a89b77b9e8b7___RS_Early.B 6928.JPG,Potato___Early_blight,True,99,47ec1477e488ab7916e0c00c637cbecab19f35d34b16ffd00f31ca88c34a38b2,d7e86a27af052554,256,256,RGB,JPEG,20319,0
Potato___Early_blight/1b4304a9-88c2-4c09-bfea-830fa162a35a___RS_Early.B 7188.JPG,Potato___Early_blight,True,100,2935170cbe7652ed294c0c78347102f92bda4daac07ad23c211834f6627fbe19,fad270c39ecd9828,256,256,RGB,JPEG,19490,1
Potato___Early_blight/1c42eae7-29c8-42fd-b05a-9b8255790f6f___RS_Early.B 7719.JPG,Potato___Early_blight,True,101,1f5583bfe171c8cf0960a375b563ca7fdcf07f854ae220d72ce2751d1fdc7c18,d754e80a852b9fb1,256,256,RGB,JPEG,21128,4
Potato___Early_blight/1c4e0445-375a-4c5d-b6fd-6123d22f009f___RS_Early.B 7972.JPG,Potato___Early_blight,True,102,25cf6827985e681922c1095ad20b507f1d0156b60c43d095a4301f40851ac9d6,dfc0e84fa50f9530,256,256,RGB,JPEG,20961,2
Potato___Early_blight/1ca9e3ba-e029-48bf-b207-e8cb3546f953___RS_Early.B 7978.JPG,Potato___Early_blight,True,103,504f7461bb07ea32a2c26ef569b6c841a0a8bdc96b648080ad715ecd285eb2fb,ba8dbdd6d0cac00d,256,256,RGB,JPEG,20124,2
Potato___Early_blight/1cb05d87-027d-4bf0-b5c4-4c1a57896ac6___RS_Early.B 7936.JPG,Potato___Early_blight,True,104,d42587f0f0c5fc0f29022b94738c9358f92f15fb8e60016c191f3be7ac68d6f5,fbb1b050c3cac38d,256,256,RGB,JPEG,19760,4
Potato___Early_blight/1d038d64-7f3c-4b4d-9b3d-7736f97b59a0___RS_Early.B 7994.JPG,Potato___Early_blight,True,105,303a7ae3d0cc2527e7a808286f173e5b545323b195d25bd2e88db60a12af1572,eec9b184852f969c,256,256,RGB,JPEG,20105,0
Potato___Early_blight/1d18a770-8a16-4765-bae9-5d96f781db89___RS_Early.B 7803.JPG,Potato___Early_blight,True,106,7fb4f79281c5de56c54244a1784b1b3768834793ad23d252485dcfae6ba98079,fb49ea4a852b9615,256,256,RGB,JPEG,19582,1
Potato___Early_blight/1d2ec63e-acfb-4a80-ba21-853a724fff4a___RS_Early.B 8083.JPG,Potato___Early_blight,True,107,b49d1dcf55618cc786f3b9b8e87031e9e41b017e552a5b35a24c18c66f87c848,aa72bf81c047e09f,256,256,RGB,JPEG,22737,3
Potato___Early_blight/1d301622-e359-49d5-b4ca-6837f254fd1b___RS_Early.B 6719.JPG,Potato___Early_blight,True,108,3d76c0d3b3a156e41b486bf716d003f75ae752b6db9237b74199c3699614bb73,d54a283597329e9b,256,256,RGB,JPEG,20928,4
Potato___Early_blight/1d466431-007d-4b3b-bd45-b09f1a6f7bad___RS_Early.B 8932.JPG,Potato___Early_blight,True,109,9c9a1c7b009595d0da10a3606e679d203fa653985a33b45a4cd810c480f85fb5,dd2b269ebad1a118,256,256,RGB,JPEG,21115,0
Potato___Early_blight/1d4fc5d0-fee6-40bf-8e7b-e1598ea64161___RS_Early.B 8912.JPG,Potato___Early_blight,True,110,75bab3381ab73401cb63a35a1a08afbf396586777b4d923d9b5073a23e697215,d5087a1fa15c97e2,256,256,RGB,JPEG,22672,3
Potato___Early_blight/1daae61a-7014-4efe-b855-018999a5be9b___RS_Early.B 6852.JPG,Potato___Early_blight,True,111,53ee1123a996fed1775cc375cbb9c65686d61f67d814a073aceb89749606654f,aae4f2917ac7281b,256,256,RGB,JPEG,21381,1
Potato___Early_blight/1de8ed75-0778-4364-9178-52c1bd0dffb4___RS_Early.B 6729.JPG,Potato___Early_blight,True,112,ba6ab56bf123f8dafbca2b454ba4faff0cd8fbfc2e8285c145abfefea4dd3964,dea5a8da33b62518,256,256,RGB,JPEG,19450,2
Potato___Early_blight/1defd277-6394-4049-895d-470f1e27e189___RS_Early.B 8931.JPG,Potato___Early_blight,True,113,37e3707cd3d9b7beef25c283f5e4e7431516d2eedf86031e794a8120b0f1e7a0,fe62a88d07c5d81e,256,256,RGB,JPEG,21876,1
Potato___Early_blight/1e671694-5713-4568-b8ad-06f15688d25e___RS_Early.B 7659.JPG,Potato___Early_blight,True,114,2509502f23a5dcae345ddd263e974b7166a49b25b5a229e2cd80116cd3e307d6,ea35a1d295529acd,256,256,RGB,JPEG,21892,0
Potato___Early_blight/1e99ce6b-b7fa-4ae1-9076-279f430b8c5f___RS_Early.B 7092.JPG,Potato___Early_blight,True,115,e61fcc3a048035a1221665998a79be74a7203e9b7d3607f065fbbeaad2d67a0f,8ada54cd9ab5b1a4,256,256,RGB,JPEG,18429,3
Potato___Early_blight/1ee04a42-fa1c-4f6b-a88b-4cf583b188ea___RS_Early.B 8494.JPG,Potato___Early_blight,True,116,e0371fc8ac0fb963a515a3e31601023f2c34bd9c19c130bed7b5650b2edc0797,eb50a24a956d9ab5,256,256,RGB,JPEG,18033,4
Potato___Early_blight/1f56ef5b-9a3b-4731-bf82-b08aeb84fcb5___RS_Early.B 9032.JPG,Potato___Early_blight,True,117,cca7b515c1c61a136feac74afb9d23d173df17f08c26de65c4148ff5595a2548,cf9268c33deb5a80,256,256,RGB,JPEG,19480,2
Potato___Early_blight/1f80f111-6a3e-4dfc-8456-0f3e9a19ae10___RS_Early.B 6879.JPG,Potato___Early_blight,True,118,bb9cfb30016699eb772f0cf135620bba3bac3ddc34759092db32fb68512acacd,afc0958df29ec28c,256,256,RGB,JPEG,21755,3
Potato___Early_blight/1f830d02-1fc6-41d6-99c6-851e0d2af4ad___RS_Early.B 9182.JPG,Potato___Early_blight,True,119,203088c300a74012621d9e08b90b6757169add6b508309a83123f9c933f17f0c,f51e8a75b59232c2,256,256,RGB,JPEG,23124,1
Potato___Early_blight/1ff86a73-9f36-45c5-8012-c5d90445b7ac___RS_Early.B 8563.JPG,Potato___Early_blight,True,120,6a1af9820d7da8ad4e8ef10d142fffc6eb0f7e4a3deed8364504ba6532c276cb,bafdf7c0800b442f,256,256,RGB,JPEG,21630,2
Potato___Early_blight/201fed44-8dde-4ece-9e76-3706b8afdf46___RS_Early.B 8259.JPG,Potato___Early_blight,True,121,451c412555d12461e571fb57b2ddd111257f73fde78738f069d1658e168b798a,a814fedbc8f8c5c0,256,256,RGB,JPEG,21508,0
Potato___Early_blight/203357f4-1deb-42b2-99ed-32df34aa166c___RS_Early.B 6780.JPG,Potato___Early_blight,True,122,9525e4c06ed8765597f28deced18329d97e55490d690087fd19754100b3d7d96,dd68a49713d948e5,256,256,RGB,JPEG,18663,4
Potato___Early_blight/20421747-c083-48a1-aed5-b1097ae50491___RS_Early.B 8203.JPG,Potato___Early_blight,True,123,05edc8177da1c7dd26ab04463c4b0d82586fbe71b5f72e225db6cfc32f06c985,aaa4ad96b45ad0e9,256,256,RGB,JPEG,20665,1
Potato___Early_blight/20978e65-f4d0-419a-bab9-f6042ab2d318___RS_Early.B 6868.JPG,Potato___Early_blight,True,124,aeea322ead52b133598f8cd40d08ad0044b0edebf3841f2637fd0328be97623c,8095ff5af07dc0e0,256,256,RGB,JPEG,21107,2
Potato___Early_blight/20e451e3-74a4-4a5b-b11c-257506f13a8f___RS_Early.B 6984.JPG,Potato___Early_blight,True,125,158359c43bf98c92f146572690282e3b34ad9a54c4c622fc207a5ecd42b656e2,dfe2e0b491539b48,256,256,RGB,JPEG,19963,0
Potato___Early_blight/211094c5-4983-49ff-a92e-b992039bd048___RS_Early.B 6927.JPG,Potato___Early_blight,True,126,3da580177867f765858485f6212b717c37dbcc1f5c30a00e1568e197ee4826b4,fe0f253436329a33,256,256,RGB,JPEG,22061,3
Potato___Early_blight/212c3c65-e30e-496f-ab5e-c2f4b0446d8f___RS_Early.B 8195.JPG,Potato___Early_blight,True,127,c361c598ecd1827e642b99fe0778b1f4c72970fc6ae0c4bd003fa6f3a9aefdf0,aab5b54ab80bd0ad,256,256,RGB,JPEG,17544,4
Potato___Early_blight/216a1a08-c4be-4fa9-b880-c260909e1dbc___RS_Early.B 6881.JPG,Potato___Early_blight,True,128,7eea1420427d51699f45778d08664119536255da0361a503f539010126bba3e2,a0201d99fc5fa07f,256,256,RGB,JPEG,20829,3
Potato___Early_blight/21ca5caf-147b-4a1a-a2da-edfc1c81b62e___RS_Early.B 8926.JPG,Potato___Early_blight,True,129,53bcab07255f02d0f2a758310620da95b56939f6e4cc0d4271eca64c6190fed8,8867769211caf72d,256,256,RGB,JPEG,22666,0
Potato___Early_blight/21d50c27-900e-4644-ab01-0cc96214d2f6___RS_Early.B 7153.JPG,Potato___Early_blight,True,130,7f23ea9a3011ee437a6d36d1538062657abf6162d462e36d3a31ff09ed2d5e11,abc3648db237c334,256,256,RGB,JPEG,17710,1
Potato___Early_blight/221c911f-e483-407c-b672-21150d09d57e___RS_Early.B 7678.JPG,Potato___Early_blight,True,131,0b238b8910ef480d793398976e5609fb2a32852c62e70e62882b6ee0ffcc4d71,8af85f00d907f09f,256,256,RGB,JPEG,17676,2
Potato___Early_blight/22b28f50-4141-4ca7-be3f-ccb1c521c2df___RS_Early.B 8285.JPG,Potato___Early_blight,True,132,5a4d6babaa9ae9a19aa8472bb9f6ace822d06ab9b00d5e3db32e92edc451637b,aaeabfe5d9858003,256,256,RGB,JPEG,17217,0
Potato___Early_blight/22d1678a-3abd-4fe6-ac13-b654e2589280___RS_Early.B 8523.JPG,Potato___Early_blight,True,133,d21e6492fab56c40a3bf8dec3bae3b5eb6c4b06c2ccba058a974725369d706cf,ee6ea281951e9c9a,256,256,RGB,JPEG,17950,4
Potato___Early_blight/232c8d25-3bfe-41ea-b24f-2b3629a0253a___RS_Early.B 9200.JPG,Potato___Early_blight,True,134,da1eb430a6680c1f9588d800abd61a993fc45315a6eaf931dc43c71aafe5e113,da726ac6a58f942c,256,256,RGB,JPEG,21019,1
Potato___Early_blight/23546e04-7151-4dbd-95a1-687d963eb132___RS_Early.B 7402.JPG,Potato___Early_blight,True,135,8ecf9037c5bd896526f3ee472f1f967040e8cae39f0cc3221a2ad0b1e23b546d,8bf0e54bd01fcb22,256,256,RGB,JPEG,21717,2
Potato___Early_blight/2356a4d6-8015-434e-a5f8-03197fef2c28___RS_Early.B 8139.JPG,Potato___Early_blight,True,136,1f43a561772272a512fbff0ae8fe7fe23a96f7a59d3150063d4a83ab618f8d8f,aac6f5c8940f9a36,256,256,RGB,JPEG,21837,4
Potato___Early_blight/2446ca09-aa29-4ae4-8d34-45115c32cde7___RS_Early.B 8971.JPG,Potato___Early_blight,True,137,7d8a969598c6b013c79619d12ee415afd5e30741f7e36f007d49252cb6b925d6,f2a98d9492f2c761,256,256,RGB,JPEG,20458,3
Potato___Early_blight/24a34259-1c47-4e87-ac83-5decf37b42e4___RS_Early.B 6896.JPG,Potato___Early_blight,True,138,ec0152aec092bfc697d5d2a81804dbfd714435e5716d966e4c3f5c25a9338255,d6d4e1a38a1eb8b2,256,256,RGB,JPEG,21454,2
Potato___Early_blight/24ced43c-a862-4e3d-8300-dffd350de2c4___RS_Early.B 6957.JPG,Potato___Early_blight,True,139,8ccabb149752edfd9826b859e4c5ec87b18c4c1d2345b4a71237221f1c2b65ce,c7eaaa2561874d4b,256,256,RGB,JPEG,21945,0
Potato___Early_blight/24fb74df-0aa9-4e89-9ba4-55a4664438ab___RS_Early.B 8634.JPG,Potato___Early_blight,True,140,470169cbe4732769e8f700aa0c995b4ab277422d0ae4eb3141e9a11b0c25bb8c,fff0e8429d58b061,256,256,RGB,JPEG,18264,1
Potato___Early_blight/25642761-2905-48af-b8da-1064a0f6b876___RS_Early.B 6831.JPG,Potato___Early_blight,True,141,85da55bf2639403dcb13e92d545be338fa7d7d16ceab66c7e5d90accb7056535,bee0858f9a9db085,256,256,RGB,JPEG,23428,3
Potato___Early_blight/25703c4f-ec40-4099-b249-a4fd07b07752___RS_Early.B 7040.JPG,Potato___Early_blight,True,142,0709de0a3c7a5f3ce2eab4b35b42748a56a7153a84d48720b2c7a929eebfeb47,c7bab8bd95548252,256,256,RGB,JPEG,21197,4
Potato___Early_blight/2639ad26-c7e9-4bd6-8000-c002f676a4c6___RS_Early.B 7150.JPG,Potato___Early_blight,True,143,0a078ab613a87bf8cccd82387a4cd5508ffb57d7cf8c8aaaa385e42fecf75410,fbf0f683c00d1d34,256,256,RGB,JPEG,20570,0
Potato___Early_blight/268bb1c3-a714-46af-b6a5-bea66496158c___RS_Early.B 8678.JPG,Potato___Early_blight,True,144,26f3ecd595f771aa7e63db3c9863be9b0c3c89bfaaec96bcbec9b1f19245cd62,aaf0a584b58f768a,256,256,RGB,JPEG,17459,2
Potato___Early_blight/26d0502d-5fb3-48fa-a86d-d1de92703285___RS_Early.B 6959.JPG,Potato___Early_blight,True,145,0f75d32a0e46b48326cc2943c965e7f71c95f7962e883108338f66b7b664c3a2,aef0b5c0978bd20b,256,256,RGB,JPEG,19702,4
Potato___Early_blight/26d0fa09-d463-461b-830c-3e970244cabb___RS_Early.B 7406.JPG,Potato___Early_blight,True,146,e4c978ec843e4f9d55bf7b422103d7bdcc5c58d305a6326fd1f899980532c4c8,f32ba19586d2ca53,256,256,RGB,JPEG,18708,1
Potato___Early_blight/26d2af6a-f52e-457c-8006-fa106ad39fbe___RS_Early.B 8586.JPG,Potato___Early_blight,True,147,9dfdfd967b74205b7da24ba4bd1bc23ca93f4156e59f064a31b8cb1cb5e6820f,eacae1cb96b59034,256,256,RGB,JPEG,17543,3
Potato___Early_blight/26f15c9c-5cbf-49c8-ac4e-c5b15d03e319___RS_Early.B 9022.JPG,Potato___Early_blight,True,148,e84739ff2095c1c39e3d4c845a6658527d31ea28425d4724072835eb7caffc44,cada25c9378d52cc,256,256,RGB,JPEG,18462,0
Potato___Early_blight/275c3337-11ee-487c-9093-bcd5e310c72c___RS_Early.B 7671.JPG,Potato___Early_blight,True,149,8537eacaf62c35782f021b87f1981844aa77a19abc909b46e5912cacde7092a9,bb99dc4ec0d0c7e0,256,256,RGB,JPEG,17675,2
Potato___Early_blight/2767ef91-3383-4872-9804-e0bcd2bc43fc___RS_Early.B 7783.JPG,Potato___Early_blight,True,150,2fc4efef313617a1535f4403c815f19abbcaba70df8e83aac91a5f4a2c55415f,fe2bac35b43096c2,256,256,RGB,JPEG,18971,1
Potato___Early_blight/2771e005-3cb4-4e12-8868-80adca5ce02a___RS_Early.B 8640.JPG,Potato___Early_blight,True,151,42ac2f2460ca47e929f139d1a6fbeaa9555c8ebfe874b3825b3f86c542b52f73,881cbf3af07fc0e0,256,256,RGB,JPEG,19195,4
Potato___Early_blight/283134dd-8b32-447e-8e82-547d3b69f4d4___RS_Early.B 7494.JPG,Potato___Early_blight,True,152,99e1f8a099a9e1e4062fff16bf46430ced915de0d55d078c833eb9c3fa1897b5,fe85c2d48f628966,256,256,RGB,JPEG,19503,3
Potato___Early_blight/28f275f9-4dd9-479a-a005-ed442362840a___RS_Early.B 6790.JPG,Potato___Early_blight,True,153,0138bc78d63f6b8920a512584d8153ed1efec8bff3d966503df36d438d002515,b833cd49c327c29e,256,256,RGB,JPEG,22029,0
Potato___Early_blight/292a3f93-96a2-4b0d-879f-581136c57bcf___RS_Early.B 7099.JPG,Potato___Early_blight,True,154,a72b5fe579c0f0c8149a263e4bda6db5d162b750920f7cced0049b18a93c0268,aaeae1c595949197,256,256,RGB,JPEG,19291,2
Potato___Early_blight/29386668-721c-4359-99a6-734f1a4b096b___RS_Early.B 8362.JPG,Potato___Early_blight,True,155,b8bdf2ceeca47f10e6f9196f75c1cb0a5d28af6507f5517ef1f1027368d570c9,aa5ab5a1f305cb16,256,256,RGB,JPEG,20563,1
Potato___Early_blight/29508e75-1a9d-4838-b929-cf42f8638e83___RS_Early.B 6782.JPG,Potato___Early_blight,True,156,7130e75927f03df8a997905b32496735472cdc244d34ff6767792651e7051972,a9c2328f4371cf35,256,256,RGB,JPEG,18212,3
Potato___Early_blight/29922d76-0eda-4e7c-89af-7688c656bfdd___RS_Early.B 8353.JPG,Potato___Early_blight,True,157,aaa7be5788e9b3aff8b907f9bed55e2fba8a37b0aaa32986d15935c1959a7f17,a27ebf00f160d837,256,256,RGB,JPEG,19363,4
Potato___Early_blight/29978e78-7d4a-4fff-a659-52e45e9b96b3___RS_Early.B 7672.JPG,Potato___Early_blight,True,158,9778465cf5d305dff79aca1cf966feef91d16a7b71447f0afc7e0b084c86456d,efd0d10bd04fc92c,256,256,RGB,JPEG,18377,0
Potato___Early_blight/29f79006-adf2-4d71-a6a8-bfc02c020b71___RS_Early.B 6833.JPG,Potato___Early_blight,True,159,acb6c374da422684fe0f45f00527ffcca170816615a4eaf236d237f2ccd21b6a,a07bff60cc00df1c,256,256,RGB,JPEG,22283,1
Potato___Early_blight/2a4fd894-0c4f-471b-b80b-d362a7b513f4___RS_Early.B 8038.JPG,Potato___Early_blight,True,160,90124c9a7f7d3149b3434cb6a04ea8b0218a13cb9fc68db4003ec7c0cb59657d,d52ae83d81549f5a,256,256,RGB,JPEG,20796,2
Potato___Early_blight/2a9d3616-0bf1-4d98-b649-0a46d36dab7c___RS_Early.B 6703.JPG,Potato___Early_blight,True,161,43505bd0e9322ffe1a5505f70c4aebfaa89e4adfdd4054f6cdd96e12db55e4e2,8acb7fe4f019011f,256,256,RGB,JPEG,22426,3
Potato___Early_blight/2b1718b3-c951-4f24-b6ec-4eb7df77c913___RS_Early.B 7475.JPG,Potato___Early_blight,True,162,fada8290bc2fb339879d6c101c02263e661adae8a928471aa4b1237f25af92ee,bfb8e0c7870e1c98,256,256,RGB,JPEG,19275,4
Potato___Early_blight/2b3e46d9-09dd-4966-99c6-fe44c741b94c___RS_Early.B 8290.JPG,Potato___Early_blight,True,163,d5157ed418acf17af0eb971c28c7b35c3e10033f722a0c060a98adb60716e7ce,ff3ba0b498c4d84c,256,256,RGB,JPEG,15937,0
Potato___Early_blight/2b6f9564-80a2-4db7-a5e6-72be5ef33a71___RS_Early.B 8009.JPG,Potato___Early_blight,True,164,106610c3bdd48129e71225533af811d108c1d7ecc7ccacda556b11063d3820ec,df0facd5c2d082d1,256,256,RGB,JPEG,21480,2
Potato___Early_blight/2b8cfa81-e20f-4c28-b403-2cec2e5c0f2a___RS_Early.B 8145.JPG,Potato___Early_blight,True,165,0b69605b7991686bdf81480b4102cdbc4e5710eac974c73ba9a6c904031a236a,ffc0a8c2b58f9099,256,256,RGB,JPEG,20330,1
Potato___Early_blight/2b982641-10ea-4426-874f-509e6377ff59___RS_Early.B 7663.JPG,Potato___Early_blight,True,166,297368192334e613ab0f44263ff8aef6be0df382edfc110dd9786c8ce7bef62f,8a85bf5ad0eb41e4,256,256,RGB,JPEG,18684,3
Potato___Early_blight/2bc972a0-789f-4e60-9882-2f16fc363dfc___RS_Early.B 7234.JPG,Potato___Early_blight,True,167,457d9ab4963d1004f6ae2247d443d06f6dbf7986249f857fbf02fd52e64c56b7,abc0e50fc13d87e4,256,256,RGB,JPEG,16821,4
Potato___Early_blight/2c0e712a-fb21-44b6-bbe1-7c67cec7b965___RS_Early.B 7084.JPG,Potato___Early_blight,True,168,1dec91a918b5e7f38ebf2572912c6f1e681ce6bd65534ae2bcee99e5928ac5de,f5af2a91935491ca,256,256,RGB,JPEG,18754,0
Potato___Early_blight/2c310eaf-dbf4-4e8f-a8d8-ed8e0b51067a___RS_Early.B 6897.JPG,Potato___Early_blight,True,169,4721664b5b9e6077b66bc9f314effa03ae0819f4d3708564b3ffe5c449155b9e,efaaf01580da9b49,256,256,RGB,JPEG,22565,2
Potato___Early_blight/2c48971d-9f73-401d-a62a-f3729d08b6c2___RS_Early.B 7463.JPG,Potato___Early_blight,True,170,0601ec177e86dd1bb455832ede61269d654538fb616183e67d3558a3889d7bbd,d75b6a6a82a49d15,256,256,RGB,JPEG,19821,1
Potato___Early_blight/2c5500a4-cfa4-4b46-8db4-443b995d39dd___RS_Early.B 8768.JPG,Potato___Early_blight,True,171,3ac1944d2cc42870e782d917950367cc8ccbfaf23c003d1ef1a6a1bbe2f52ec8,dfaf92548acaa0c9,256,256,RGB,JPEG,18306,2
Potato___Early_blight/2cafa90e-af46-4d0a-9137-9780d816b96a___RS_Early.B 7731.JPG,Potato___Early_blight,True,172,92277886c301411965097312020f596522463e2163630e2a530b9e7a2642fb8e,e7e8c86bc227a5a8,256,256,RGB,JPEG,23452,3
Potato___Early_blight/2cc3eb24-b210-4827-befe-0e3a24161ac4___RS_Early.B 6829.JPG,Potato___Early_blight,True,173,8a3e3f6fa82accf5cc4ce5be4eebaf34dbc9ecd46e6c9b2a47c01bb6adfb6602,fed4e18b9a1db0a0,256,256,RGB,JPEG,23790,4
Potato___Early_blight/2cce6cd6-16c4-426f-84e6-2f3c192fac2c___RS_Early.B 8999.JPG,Potato___Early_blight,True,174,c9f2a691559f1079fc9a9d5ccff8bae5c1db8fd05f3a86581cb19feb2684eb3f,d555324659ea3a2b,256,256,RGB,JPEG,20794,0
Potato___Early_blight/2ce7e8d7-4cc9-4ab3-9d22-8f7ad21d8eda___RS_Early.B 8609.JPG,Potato___Early_blight,True,175,df11756fdfd690f08e4cf832073765cf0ae971c834665d1ee271f607dcb42c80,f70ba03597929ac3,256,256,RGB,JPEG,19903,1
Potato___Early_blight/2cf993b6-98e7-4678-aea5-9177ea3b63bd___RS_Early.B 7692.JPG,Potato___Early_blight,True,176,1d791bf445a2878a8aefa37b2af484996bc2a4c53584207e1b12a01e0c310a36,ff1f81f094d0d8c2,256,256,RGB,JPEG,20023,0
Potato___Early_blight/2d149f7a-4b0a-40a6-8d0b-1d1f14e5e696___RS_Early.B 9143.JPG,Potato___Early_blight,True,177,a9a567682098792e63511602ee9e7f8dc3fd47f711ee45bc18a40d5d625c2475,eebaa5c390871a1e,256,256,RGB,JPEG,19627,2
Potato___Early_blight/2d344be7-2d5f-4d27-aeb2-b92c8191b877___RS_Early.B 7173.JPG,Potato___Early_blight,True,178,f43e8ccb65c9e9827c219300154555032c468e043cfbac11ce3cceca715db56c,aee0adc1950dd897,256,256,RGB,JPEG,17502,3
Potato___Early_blight/2dc9baab-663f-4f09-a0a4-7c07edfb4c42___RS_Early.B 6866.JPG,Potato___Early_blight,True,179,53a27b73787694b808fb0e6d0050ac4720b071b3c6fd6f6596a8465753e98c3d,aac6e5ce944dd22c,256,256,RGB,JPEG,21213,4
Potato___Early_blight/2e88d4ed-b11b-4123-9e4b-f3c02a65ad39___RS_Early.B 9180.JPG,Potato___Early_blight,True,180,ed16ce7335f806af2b46556bcf229f1daa9491d387dbf2c38fec6886d24908fa,f555ca521ceaa22d,256,256,RGB,JPEG,22154,1
Potato___Early_blight/2ebb14eb-0e87-468c-a1cb-80579a77a37a___RS_Early.B 7044.JPG,Potato___Early_blight,True,181,2f3d98f04f8c701f8d3b4e7084b8d3a564da072015c74997d85d5cdf6a7f127e,820dbf56d82ad16d,256,256,RGB,JPEG,19872,3
Potato___Early_blight/2ec0f91e-b8a4-4aeb-9e08-8bd32b492487___RS_Early.B 7502.JPG,Potato___Early_blight,True,182,39f60b7311e31f1ff1566add46e7701169da11da6bfac135b86bc335c262cac4,db94ad4a14ad9a71,256,256,RGB,JPEG,15806,4
Potato___Early_blight/2f81d148-c62f-4d3c-baf4-72b77abea41a___RS_Early.B 7493.JPG,Potato___Early_blight,True,183,31a5dc9fa0b1d92c1d6cae7d14b3de701785516ec1584dc592a4a0dd829fbb74,fec0e18f1d9830d3,256,256,RGB,JPEG,19641,0
Potato___Early_blight/2fe81ef1-d7ec-4395-b071-c74d5beb4037___RS_Early.B 7242.JPG,Potato___Early_blight,True,184,762c573f38a40fc0a05d4fadaf2b5e7aeb71cc2a643d2dd2245d01e9b1eb8709,8aa93596c298cdf3,256,256,RGB,JPEG,19716,2
Potato___Early_blight/306c45ac-6f97-4b7e-9fad-1c8c39870138___RS_Early.B 7673.JPG,Potato___Early_blight,True,185,5baa453f64c36c3f7618ae2da6b048ae5a9d906038d7b0cbffdda46ea13c3f5c,fc5a872f98318764,256,256,RGB,JPEG,18063,1
Potato___Early_blight/31290247-3f4f-445d-8bad-20d7dccbf979___RS_Early.B 7019.JPG,Potato___Early_blight,True,186,7e391a1d6d929ab29628e1597abdff5246d69ad7be334508a6fce5c9a05f9d35,be397070f0909f8b,256,256,RGB,JPEG,18112,3
Potato___Early_blight/31d0ecc8-045d-4a4a-ac33-431556c83e4c___RS_Early.B 8692.JPG,Potato___Early_blight,True,187,509f61c82019ed16b060ca3bfb1feebb104a14dcbf18f44f37ad885eb8f5b6da,a200e0decf69c7a7,256,256,RGB,JPEG,19542,4
Potato___Early_blight/31d5d932-9eb3-45d1-bc85-40ef64d7a688___RS_Early.B 7255.JPG,Potato___Early_blight,True,188,ef066a3b5a1474fdd26fdaa44d111141471ae9b06796aba5bbfcd530c0602f73,a8e43427c0df8f3c,256,256,RGB,JPEG,18565,0
Potato___Early_blight/320be8ee-2f9a-48f2-86fa-1c1d993a2fe2___RS_Early.B 8186.JPG,Potato___Early_blight,True,189,97aa800b7d98c0ce42ca72ead85fcbcf9687f45fd00349e232297dfe366ce41f,aa52b5c19aee9c91,256,256,RGB,JPEG,20108,1
Potato___Early_blight/32c3bd85-3b12-4051-9185-12d39caaf94f___RS_Early.B 6684.JPG,Potato___Early_blight,True,190,f9e8d4f6ee8a3455a3c49c73c0ee1d047efb426c9a2573129dbf42486b53f428,d3b425ca34cd1ac7,256,256,RGB,JPEG,20331,2
Potato___Early_blight/33019904-ac3b-4083-a192-ce4092758ddd___RS_Early.B 8344.JPG,Potato___Early_blight,True,191,1e90bc52225af0509701a4c2708ff3e2dd48dbd9f598480838bd0a983ef9fc22,a258ff6cd06582b6,256,256,RGB,JPEG,21726,3
Potato___Early_blight/334fd34b-f4aa-4cc2-9ac9-8b85df65b96c___RS_Early.B 6773.JPG,Potato___Early_blight,True,192,2775e4c50bddb5727f3b8b4e49bd6783bace9ac77b8a536b1eed8106aa78818d,aaca32cd3bc49987,256,256,RGB,JPEG,19416,2
Potato___Early_blight/336e5156-8947-46a7-a6fb-e993255d9091___RS_Early.B 8085.JPG,Potato___Early_blight,True,193,890782f7b252758b014a02ee8e1ee2f5b4c5d21cb9ccd41da6849421de35cdea,af3791d8da1aa170,256,256,RGB,JPEG,19496,4
Potato___Early_blight/33d72b8e-ae59-4fd4-8c74-eaf342682b47___RS_Early.B 7884.JPG,Potato___Early_blight,True,194,ca751779ef5a9998c342e895e88c8bde0a1b376d1deb25c5381407e0ae269c7a,fb87e0e895a4c623,256,256,RGB,JPEG,19984,0
Potato___Early_blight/349730da-a627-4da6-90d5-707c4a3dba88___RS_Early.B 7553.JPG,Potato___Early_blight,True,195,ff8624ff8c8a58f38986c54c597288df810b514df08f449ddbf58282e6c11542,aae9edc5841d9a58,256,256,RGB,JPEG,18199,4
Potato___Early_blight/34b0f33c-be8b-4338-9334-5418a5f84f28___RS_Early.B 7532.JPG,Potato___Early_blight,True,196,74d7f0c6b6ebb8fd50392aee7eb75a33914ace3ccb5f740eb4e572b66e6df369,ee1231ea9725cd34,256,256,RGB,JPEG,19754,1
Potato___Early_blight/34d2260c-888c-419c-b32c-938efa379b97___RS_Early.B 8253.JPG,Potato___Early_blight,True,197,d0a09bc9186b8bf5cf1e22d636f3bacab1030d9a037ac5ffa20c0efd62ea7fec,ff54a80ae565a634,256,256,RGB,JPEG,20974,3
Potato___Early_blight/34d62dee-797e-4f31-9063-f6a285935b4d___RS_Early.B 6733.JPG,Potato___Early_blight,True,198,7c85fd33b1f8436cc026b1d127b335e8fd81e65cfdcb20b48cfb6921c7011121,9869775670b56949,256,256,RGB,JPEG,20942,0
Potato___Early_blight/34d7e068-10e6-4ea0-8547-c90937fccbbc___RS_Early.B 8198.JPG,Potato___Early_blight,True,199,dec4225e6180178e8a22e0dc0bfbfeeb46f6e47fe3690a7c2ad415bad8fb2a74,fad0ea4a952bd80d,256,256,RGB,JPEG,19496,2
Potato___Early_blight/34f42d6e-6e09-46cb-800b-5da5fdb5e8b8___RS_Early.B 8110.JPG,Potato___Early_blight,True,200,18e177f79b447c3a58fa88ea72a577d8dafd9ae5a96e4028db8dcdfa30aab1b2,f6a9e1b1936264c6,256,256,RGB,JPEG,19243,4
Potato___Early_blight/34f44be4-9dc5-460b-896d-cd6593166fe7___RS_Early.B 8175.JPG,Potato___Early_blight,True,201,88784c8b0ba536f67b56abe01c481745dd6fd9e47204568f863bb9edcbe21027,fec1a04b9e2dca34,256,256,RGB,JPEG,18728,1
Potato___Early_blight/357426c8-5b7b-4d56-9cb0-13cfaecc219f___RS_Early.B 7326.JPG,Potato___Early_blight,True,202,87ba61d14c29f658ce13c5acb7d19c13a6b38ff6cd1cb3bf309c95f4f74b0818,dd3972d6c2cc85c2,256,256,RGB,JPEG,19974,3
Potato___Early_blight/357b61ef-a56b-4207-aa26-161b0ef3e635___RS_Early.B 8492.JPG,Potato___Early_blight,True,203,f801bd44afda9996b9cf5c3d3cca85645b63651bb4e0430a3d34499918a3cc2d,a111c4de9b69cd66,256,256,RGB,JPEG,16727,0
Potato___Early_blight/3613b972-6af8-4a9a-be7f-bf68e4eb4cd0___RS_Early.B 6813.JPG,Potato___Early_blight,True,204,fc3000895f0bb3a4fc7cab4095a8115fbc52b36945ed1e9cd30ab35ae8e3ec8e,d5b4694b96a99b28,256,256,RGB,JPEG,16263,1
Potato___Early_blight/36548ca6-33b3-4a74-9b2a-52eba7aee9a3___RS_Early.B 9205.JPG,Potato___Early_blight,True,205,bab3ada7fb9f611280280ab1ff667123da1d03149e2e58ed1840b109000461d5,9a4eeba1e1438d99,256,256,RGB,JPEG,20905,3
Potato___Early_blight/3682433d-fb0a-495b-a6e8-d753542b042b___RS_Early.B 8189.JPG,Potato___Early_blight,True,206,e0d0818cd9fbb77c09d7d53f7bc51caeee63499393f26b654f5a135361401cc2,ba3d911d8e32b253,256,256,RGB,JPEG,19756,2
Potato___Early_blight/37471260-d7b4-4ccd-901e-974332ef2eb9___RS_Early.B 7967.JPG,Potato___Early_blight,True,207,1e6cbeccef1eb2c622fe3f75fcc8bc27e5edb70a8837bd6f6274345b6653fbf1,8adaf4609ba7cd12,256,256,RGB,JPEG,20620,4
Potato___Early_blight/37957a08-5b06-49f7-9973-29f167dd95b8___RS_Early.B 8758.JPG,Potato___Early_blight,True,208,cec842faa8f7def34d92c6ec111db049d855825dbb1a389d225b5e2cb7ac33ca,f7d4e04a87ada8a4,256,256,RGB,JPEG,17766,0
Potato___Early_blight/37c72e1c-7981-4d84-9587-f5014b609230___RS_Early.B 7457.JPG,Potato___Early_blight,True,209,5620d4af14fb629707b0dfd8d241b5adf3668fe38785d386409adae2f6e9e400,eadaa16d12c4978d,256,256,RGB,JPEG,20560,2
Potato___Early_blight/37d5791e-19e8-4095-a1cd-36aede6d0802___RS_Early.B 7172.JPG,Potato___Early_blight,True,210,f2d168ec509523379feeed25d97597092f4b691a30f779466dc88f95e11d76f2,dfe1e205a50fd41c,256,256,RGB,JPEG,19059,1
Potato___Early_blight/37d94308-8783-4657-9ca6-eaca86e1015a___RS_Early.B 7825.JPG,Potato___Early_blight,True,211,e4cf9aa264f0bed0307adf7d37272dbfa3d3e72f457abcc26be06731bec43025,d72ae8b581549753,256,256,RGB,JPEG,21068,3
Potato___Early_blight/37da60b5-9c33-4fe7-95d4-3a2db2a7702b___RS_Early.B 8359.JPG,Potato___Early_blight,True,212,80bda4f4462ae3c23f41b0942051e81ebbfe58ab620e2c14650e77173d8c8301,fd2ea8f48451d24b,256,256,RGB,JPEG,19474,4
Potato___Early_blight/38757e70-6278-4961-b1f3-19fccbb085f5___RS_Early.B 6968.JPG,Potato___Early_blight,True,213,59fa25d0f30c137d4bfddf2be10b4abb352b9e34548915af1b6d4a8e3bb40ff1,aa32b50d003ededb,256,256,RGB,JPEG,21125,0
Potato___Early_blight/38807f81-ce49-4978-916a-a6cd2a95bfb0___RS_Early.B 8397.JPG,Potato___Early_blight,True,214,8d6c2089e881178ff90f4ebfbd67b23a9d0ca1972c5166062123b6deb67fabd0,be9dc2b28be1e4a0,256,256,RGB,JPEG,18789,1
Potato___Early_blight/38a72c90-ed53-4432-b625-01c1f962f791___RS_Early.B 7302.JPG,Potato___Early_blight,True,215,d074c4d5805e0488c663cbf1d0ca342aa3ddf1b3f10c38ecff93d857d0ef65ff,8300f01bcdf8fe63,256,256,RGB,JPEG,18372,2
Potato___Early_blight/38aa30f4-14d5-446f-80c3-ec60ce67ccc3___RS_Early.B 6789.JPG,Potato___Early_blight,True,216,63393d9d5243b0ffb57bd26a18661d5bc417df261f089c4499fe76bcf3c9e8d4,b894e1e06f1b3c72,256,256,RGB,JPEG,21670,3
Potato___Early_blight/392c5f68-3ee5-4b61-90e9-afa16375beb8___RS_Early.B 8047.JPG,Potato___Early_blight,True,217,ec3929e3e2ec126173393c6e63b1d5b9afe263a30bf2104b3b64ea13a2658a74,ff50904adf34da18,256,256,RGB,JPEG,20458,4
Potato___Early_blight/3935d2ce-2d27-45ec-ab50-a53df9d30fa2___RS_Early.B 7437.JPG,Potato___Early_blight,True,218,2741fce9ea481c178e40072d33c4b389bd234fbb3e350dff9691b59113818013,d40daa2ba55655b6,256,256,RGB,JPEG,17977,1
Potato___Early_blight/3a314933-9e92-4c90-acc2-656a04c591e7___RS_Early.B 8906.JPG,Potato___Early_blight,True,219,3a925177265e449302953036c6cc3d7a2f08a50d16d8b86e0c1c770df7cabcd6,9abd7c1e85d2f082,256,256,RGB,JPEG,21355,0
Potato___Early_blight/3a8429cf-f8a7-4f64-a435-ec4f1ad692c7___RS_Early.B 8990.JPG,Potato___Early_blight,True,220,97ce9fddc33c86750867694400cf6486031121e27e5ba0600832ed998b285ef0,df0ee097c350ab70,256,256,RGB,JPEG,19414,2
Potato___Early_blight/3a97c74a-3d6e-4cd9-86e0-10a8e716e7b5___RS_Early.B 8422.JPG,Potato___Early_blight,True,221,ae3d8a65266fa66785be327b6f8ffa5106df56dc47b890ab4997373e4e45cf60,ba90a5c7da6e902d,256,256,RGB,JPEG,17956,3
Potato___Early_blight/3ab17a89-2e50-49c2-bb75-518369da98c1___RS_Early.B 8636.JPG,Potato___Early_blight,True,222,5594a5a51d1d18ece934b109247df8b144e74174b192da11155c2aedc791f85b,fe2f859198c4e2d8,256,256,RGB,JPEG,18195,0
Potato___Early_blight/3ab92984-3126-4154-9bfd-f2c8c9fd670e___RS_Early.B 7440.JPG,Potato___Early_blight,True,223,d9838fdcd6c0c4d457f4730eed81de77ec32cc92c16827100a5b5d73a86c6fd4,eec6a46197259a6c,256,256,RGB,JPEG,20483,4
Potato___Early_blight/3aea17a1-9413-4312-bcf2-e9aadb7371ab___RS_Early.B 8237.JPG,Potato___Early_blight,True,224,182ea395fdca36e98fa89283cd0c80a910b30609718f2f10d12f077c22fe1fff,fbdbe0832eca9488,256,256,RGB,JPEG,22255,1
Potato___Early_blight/3b090cee-ba51-44c2-9cc6-4581db95070e___RS_Early.B 7789.JPG,Potato___Early_blight,True,225,bc080baadc8855538c6c4972720da3dd6d42039865872e0eddad96f8f238ae25,b61ad0f19bc1cc4e,256,256,RGB,JPEG,19261,4
Potato___Early_blight/3b1e3161-b02e-4aa0-a490-8a50c242d10e___RS_Early.B 8553.JPG,Potato___Early_blight,True,226,f293078e9acd68b89decf260ca7bd6574fdd0a05226d5ab6da96515a81eb37a8,ebe1a58d955c9099,256,256,RGB,JPEG,16591,2
Potato___Early_blight/3bf3bb26-3cbd-46f2-a9ba-c86700edafcb___RS_Early.B 7599.JPG,Potato___Early_blight,True,227,e10bab281cb0ea66c1a4946568761d08e31580d502dfe2f9db262f3d884b2865,fd3e80f1944392cb,256,256,RGB,JPEG,15448,3
Potato___Early_blight/3c3a9c2c-3387-4666-9f42-4d14142e9500___RS_Early.B 8499.JPG,Potato___Early_blight,True,228,5aff1432479b789b7966f8a869d7845739610e88f516251d51bec14f84a75b27,a2f1ffc890048b3f,256,256,RGB,JPEG,19996,0
Potato___Early_blight/3d3c01e1-8cde-4c0f-9468-67dd287a2dc0___RS_Early.B 7761.JPG,Potato___Early_blight,True,229,9729697e215f4cd03e919e046b4457eee84df41d002846ff2071e8f03a26aa19,f740a20fd5b4d037,256,256,RGB,JPEG,19197,3
Potato___Early_blight/3db185d7-7c05-42f9-b508-7a3883e50660___RS_Early.B 7011.JPG,Potato___Early_blight,True,230,6129f42e98737490e3d81fc266b4f40be519ca3f4f87b85edc1de70b5a92b13b,8b0fbf96f878c060,256,256,RGB,JPEG,21935,0
Potato___Early_blight/3de47a70-4a74-462f-8b56-2088507be4ef___RS_Early.B 8832.JPG,Potato___Early_blight,True,231,a94150006724565e545e3061206db3f4849821c6e8d964c17f65c2bfab6ae697,8b5ebd307007f263,256,256,RGB,JPEG,19755,1
Potato___Early_blight/3e7543bc-4792-4b65-afd9-f9ccd52b7319___RS_Early.B 8571.JPG,Potato___Early_blight,True,232,cd91615211931ac8cf359cd764b9add97cc1518e45f660f6400264704f6dc642,aab1f496c2d8cf90,256,256,RGB,JPEG,19804,2
Potato___Early_blight/3ebc2af4-fe74-4918-b46f-09ec268884ef___RS_Early.B 7856.JPG,Potato___Early_blight,True,233,ad7b1533a06611223dcd6570de8e06ec3a6d2d1a9147bd68347298cb1951f19c,a285bf1ec47a8f21,256,256,RGB,JPEG,22016,4
Potato___Early_blight/3ec5894d-dcc2-4276-ba28-0048b6d5605a___RS_Early.B 8027.JPG,Potato___Early_blight,True,234,6cd95854833f066d0e4f6be8d1c1106d035b59b2dcb5ec318739001ef28202b4,df2ae80d85369752,256,256,RGB,JPEG,21108,1
Potato___Early_blight/3ef2279b-2fda-463a-b007-e2a93ff977f0___RS_Early.B 7235.JPG,Potato___Early_blight,True,235,7af5f9e18658ff27659f5c92036832be401bb18e51d45b04386bbcce05c9d7ec,aa8d369b924ccd6c,256,256,RGB,JPEG,17686,2
Potato___Early_blight/3fb9fd25-3f61-4983-8342-2abb34d1b010___RS_Early.B 7920.JPG,Potato___Early_blight,True,236,e97a5fe092db7b94d0d98e9b1af3c858fa15e0d593015422f868f55b22fc19b4,ba09a557cb6999c4,256,256,RGB,JPEG,21454,3
Potato___Early_blight/4019e40b-0175-462a-b6bb-228cf42c1a65___RS_Early.B 8256.JPG,Potato___Early_blight,True,237,63b6dc7105278e744494460c4af2092775489e094fcffab326c4727d58c45894,ebe0a5e98485d69c,256,256,RGB,JPEG,20797,4
Potato___Early_blight/403aa255-393c-43b4-8f68-f68efbf4f5df___RS_Early.B 8544.JPG,Potato___Early_blight,True,238,a4b7b8a15a0e9ad30b8180c42cb7382ac2c54ece2e363b7e5405587570dd6161,aa67afcad4a1c017,256,256,RGB,JPEG,21132,0
Potato___Early_blight/40d1ccba-b047-4f89-b469-af79bc233524___RS_Early.B 7006.JPG,Potato___Early_blight,True,239,94d963beec8e296504f37042ab93a8818341ad09eb34f0eb6d1df1bb2e94e1de,a9ea36cb929c9934,256,256,RGB,JPEG,19185,1
Potato___Early_blight/4138df1f-b8f7-429f-9e95-a627f6aba912___RS_Early.B 7667.JPG,Potato___Early_blight,True,240,3288ec74c733b01cb28fd946c15138c940aa19bf1024d893a3181f05d5738a84,ead1a24a952d9a37,256,256,RGB,JPEG,17024,2
Potato___Early_blight/419611a4-5597-43d6-ae92-c3c09bc549d7___RS_Early.B 7182.JPG,Potato___Early_blight,True,241,0acddbf5a277467a163ec0664d1a0c7f8ca4566a970b68259f7e561b04312bb2,aee2a48f96b49a58,256,256,RGB,JPEG,17788,3
Potato___Early_blight/41cc6e70-9745-413d-b13d-c4775bcdfa7c___RS_Early.B 7610.JPG,Potato___Early_blight,True,242,f10bf533b8836b9dba4cf9b500281bc0584de457f4d530413729f633355beef2,afe1a0ca96979239,256,256,RGB,JPEG,16621,4
Potato___Early_blight/41e155c4-eccf-4166-83cb-f110b2312c48___RS_Early.B 6985.JPG,Potato___Early_blight,True,243,ddea357fb46daaf6dbbe8f6e3fd1f5a3eccf72a47d498b7bb6d9b4b42af25588,aad0a78c39c3374e,256,256,RGB,JPEG,18032,2
Potato___Early_blight/41eccd84-6a67-4b04-ae69-59c1bcf17728___RS_Early.B 7964.JPG,Potato___Early_blight,True,244,964018a9f92cb0abf8688ea343068a2e60ca70914ff1917cf0d15da31209aa52,fad061ce16c933b4,256,256,RGB,JPEG,19015,0
Potato___Early_blight/41f4502c-34aa-45a5-b593-7191f7a62f96___RS_Early.B 8774.JPG,Potato___Early_blight,True,245,e43fa251e1fbedadc99799c69928b32835f0b133edd55d4bbaaf263f20b18c10,af27b536301a731a,256,256,RGB,JPEG,18654,1
Potato___Early_blight/42148e3c-34d6-484e-a4b8-8dc037667a4c___RS_Early.B 8235.JPG,Potato___Early_blight,True,246,d9af3a1db77c19d09ac18a498dc31525fe21c146d0f4bfb57554e00f842add6a,fe0fe0fca4749482,256,256,RGB,JPEG,19891,3
Potato___Early_blight/4217355a-471b-4045-9199-55003f2c9b99___RS_Early.B 7469.JPG,Potato___Early_blight,True,247,0b901712b49dec689ca4876661b7343a9d68d5f741207e342689d12d81786057,80817f0fe63d8df0,256,256,RGB,JPEG,17578,0
Potato___Early_blight/422fa1a6-d0f7-4634-9233-0d002ff139ae___RS_Early.B 7218.JPG,Potato___Early_blight,True,248,e33a122da137ee7a8f6d47f814b551f9cb86761c8363b80633a316721c7028d9,ead265cbb28db884,256,256,RGB,JPEG,18028,4
Potato___Early_blight/425e5f26-56b0-404d-b537-dc3353ecee09___RS_Early.B 7058.JPG,Potato___Early_blight,True,249,ad67bdb38fc53efaa8c4912c4b8a1fa4e633fdc53d04cbb80891d977418c87a6,8f0ff01e9770c961,256,256,RGB,JPEG,17827,1
Potato___Early_blight/426aeefb-981d-4436-9f92-0fe230bb65fe___RS_Early.B 6977.JPG,Potato___Early_blight,True,250,793350f36ea7f7e9028f44f579dc688d84435f1102c7d38e7fa498bcbd3a6200,db0ba8f5d4c2e0ca,256,256,RGB,JPEG,20282,2
Potato___Early_blight/432f1b02-9493-4cf1-8ef7-a40f817e43ff___RS_Early.B 8497.JPG,Potato___Early_blight,True,251,a8482cb511c55521223e186bf5405b12d706eabd7bac1b1aa5ade78a5bf16c02,bac2c40b933d9bb4,256,256,RGB,JPEG,20100,3
Potato___Early_blight/434ccb1f-7a21-47f4-96b5-3e87bf5fe2a2___RS_Early.B 6760.JPG,Potato___Early_blight,True,252,089b64e26ee83ee57f7c2588961504a9324915c2178769815769a5d4942d97b4,fe95e190609e2772,256,256,RGB,JPEG,21274,4
Potato___Early_blight/438176fc-2e4a-45d1-9014-3eb2391c5832___RS_Early.B 8147.JPG,Potato___Early_blight,True,253,7e0bac47fc44016b79280281d8cc9cea780b4f827034cce279618dccb8533c38,eff1a092c30f826e,256,256,RGB,JPEG,20024,3
Potato___Early_blight/43af6366-6c6a-408c-a10d-a4bad9428a19___RS_Early.B 7595.JPG,Potato___Early_blight,True,254,2e478d263cbb05d7d6c932acb0f05485b5baf27d606e6de20205f47f5817bf2c,a281bf5ec879c5e0,256,256,RGB,JPEG,16414,0
Potato___Early_blight/43ddad18-d70a-49d3-97d6-9a5f82ddeecd___RS_Early.B 9069.JPG,Potato___Early_blight,True,255,307fae8a9e2c8fd4565f20309b3e87d199702a32fdc8762253985672c3ee6c7f,aee6e4c2300fd2b5,256,256,RGB,JPEG,19845,4
Potato___Early_blight/450b4a32-39ae-4daa-aeb6-87559afb0b42___RS_Early.B 9202.JPG,Potato___Early_blight,True,256,05ce96f8d6dfc3c34bc082e0fa6f2d26537e5a77e833a20d960b3782bb80b573,eac22c8bb499b28f,256,256,RGB,JPEG,19492,1
Potato___Early_blight/454203b9-0376-4db3-92ed-047545daa7c6___RS_Early.B 6953.JPG,Potato___Early_blight,True,257,f78208b56fe662906f6b6129d63981fca3acdd5599a746968f5a6164ab7c9a70,e8ce25f02dc72d83,256,256,RGB,JPEG,21206,2
Potato___Early_blight/45ecd7ac-7db9-49bf-b34d-ccd2e83123b0___RS_Early.B 6883.JPG,Potato___Early_blight,True,258,1e145f31ccbee954c30db1609f4e6f85a0aff357fa5ae89db82698e7354dd8a2,d7f4a80add999a30,256,256,RGB,JPEG,19989,0
Potato___Early_blight/467991cb-4b55-4b00-9b18-7ff5efdd7adf___RS_Early.B 7290.JPG,Potato___Early_blight,True,259,1092850e4274d4e6634818e495139aaaad9e59e0a3f3a969f8188844cf7e5324,ff58e04acf0f1838,256,256,RGB,JPEG,21211,1
Potato___Early_blight/46819687-0705-4628-8748-9cb356587f30___RS_Early.B 8421.JPG,Potato___Early_blight,True,260,de33e70b7861b6266ba4e20092cc2ed9aef41c9768022703881f94d9745821de,eada818f9cb19236,256,256,RGB,JPEG,17740,1
Potato___Early_blight/4699d1d8-f931-4b1c-8fd4-03a58350a86d___RS_Early.B 8972.JPG,Potato___Early_blight,True,261,a3b4230f0bb9227569f205f1708249a95918235e4948ea4e4a450e3ab991768b,afc16cd035c13ecc,256,256,RGB,JPEG,20087,2
Potato___Early_blight/46dc77f0-be88-4887-b1f7-82adff9aaa39___RS_Early.B 7750.JPG,Potato___Early_blight,True,262,53f0286c132fb3df239d8bdac201a5220ba2ec356f49b274ac75c69077b2d8e5,d555e842572f8a6c,256,256,RGB,JPEG,19907,3
Potato___Early_blight/4722a31c-987f-4fac-afa1-37479556a056___RS_Early.B 6810.JPG,Potato___Early_blight,True,263,fdc9e4684d6dff1e00dd40e8afb146147692bf395d6e69c31ee1b17071b894bf,bb9161c236c7924f,256,256,RGB,JPEG,20648,4
Potato___Early_blight/477c3ef0-ab1e-44fb-852d-6b3ce74c93a2___RS_Early.B 7257.JPG,Potato___Early_blight,True,264,048be27bb14e2b3f703dd79d0b2b9d378313c178fbdfd3c8170b848ab491a23f,a34e7e7040e4cf87,256,256,RGB,JPEG,19712,0
Potato___Early_blight/4849de96-2e26-4c8d-8944-bd9e8edee5d8___RS_Early.B 9196.JPG,Potato___Early_blight,True,265,f20e7db8fb3b72ae458c41a22ba5f32f63d91e91c7591819370f80034ab00d38,aaebb604c59e8e58,256,256,RGB,JPEG,21658,3
Potato___Early_blight/4857420e-b28e-4bb5-aa03-5e333cf27af0___RS_Early.B 6847.JPG,Potato___Early_blight,True,266,3a6845944de725e24abfe6197e0e6a88058a24c408d5c681ce099d73f542a400,8be5bf02e80fa06e,256,256,RGB,JPEG,24152,2
Potato___Early_blight/48ed1384-b3c5-464d-bdc8-97b347d89a58___RS_Early.B 6744.JPG,Potato___Early_blight,True,267,fdf9f796262a39fc7433be2c6c0224224475d966061c3b9d8db26f9e3ddcb987,eeb4e4d294c998c9,256,256,RGB,JPEG,21806,4
Potato___Early_blight/495e73a1-0f61-43a6-b539-d7f74e3fbf71___RS_Early.B 8245.JPG,Potato___Early_blight,True,268,8b9070ad80525c0c2c4ba5093378c169638121d8b1d55cde6ff4807b4177a466,eac287cb96cc9385,256,256,RGB,JPEG,20771,0
Potato___Early_blight/49b24f9e-12d4-4f32-8bc8-482d66514a17___RS_Early.B 8037.JPG,Potato___Early_blight,True,269,638ae01afb2dfb0876ce9773044c026d9a54772aa46787fe7a5dd26bfdf1e91d,dfc8e80ba50f9538,256,256,RGB,JPEG,20868,1
Potato___Early_blight/49ecf1fe-0000-49e8-a042-fb6c9bac38c9___RS_Early.B 8940.JPG,Potato___Early_blight,True,270,e54751e7de5fe12481b176ac7dac9f3be318128da4ad52e8c0dbd014620cdb4b,eb6965978e40994e,256,256,RGB,JPEG,19799,3
Potato___Early_blight/49f13f57-6881-4caa-839b-d93215ce1b77___RS_Early.B 7009.JPG,Potato___Early_blight,True,271,02b89f4a93a842a47068217792fcaca7442c27e504945864910f123c6ba14de4,a9c7b69ec6c89849,256,256,RGB,JPEG,19344,2
Potato___Early_blight/4a06db68-bed1-4ae6-80ba-e9df70fa6f7b___RS_Early.B 8657.JPG,Potato___Early_blight,True,272,4f72bcc35f5b734535141a138541a3813db059042941e17b5676ced99ade8e92,eae9a589f59cb410,256,256,RGB,JPEG,16215,4
Potato___Early_blight/4a35b485-4f57-471a-a2cc-d5d7ebd41c40___RS_Early.B 7651.JPG,Potato___Early_blight,True,273,9a8dc3fbd5adb851274cefd7d08b81426346551ea0862c5c6480f2f6ea207f6e,efcca15995a49a34,256,256,RGB,JPEG,19797,3
Potato___Early_blight/4a4847c4-c393-4772-8035-e39b472e179b___RS_Early.B 7167.JPG,Potato___Early_blight,True,274,6d72ddb87a1098620a763dd4c748497e501f6359caf2b06cd22521692819e9ac,aee035c5b68ed09c,256,256,RGB,JPEG,17283,0
Potato___Early_blight/4a7c680d-9c18-4065-a6e0-70cd2d0a3207___RS_Early.B 8107.JPG,Potato___Early_blight,True,275,cee387aab5beab1ad50b4d1df2fb020a79a6fc42633d2f86fc218fdb3cb1fba9,fc51c14a87adcae8,256,256,RGB,JPEG,20460,4
Potato___Early_blight/4ab9d59b-57ee-4e22-a6bb-d8152710fd28___RS_Early.B 6857.JPG,Potato___Early_blight,True,276,8a1783bc4766b1fc35a8ff99d572f35b413af8cb6cf7ff4f779e3e25da020113,dda8e21586d62b5a,256,256,RGB,JPEG,23928,1
Potato___Early_blight/4af8e9e9-077d-4c7b-859d-626f74d3b1ff___RS_Early.B 7738.JPG,Potato___Early_blight,True,277,9f503cd39a885e3ab8bcb5aaff567c87c5b5c7cef76433b98b9068c600fa39f9,aa01a036bf3a9f1b,256,256,RGB,JPEG,20752,2
Potato___Early_blight/4b484f0f-82dc-45d1-a5b6-72c8a6a96323___RS_Early.B 7262.JPG,Potato___Early_blight,True,278,4766039c9e8c3f461aba98c8c95ce8f3191848561c041bac463758b2eaa9e408,cf8fb2f49452e04a,256,256,RGB,JPEG,19236,0
Potato___Early_blight/4b7b3611-d9b9-40c8-b0f5-d730fcd76679___RS_Early.B 6937.JPG,Potato___Early_blight,True,279,7b088cd05d9c38a762d07d6a6341920f6c55108bf2d9b834e5ea18d394eb78df,aee4a4cad42d9b98,256,256,RGB,JPEG,20677,2
Potato___Early_blight/4b925312-1973-41cf-afdf-9090d02dd539___RS_Early.B 7913.JPG,Potato___Early_blight,True,280,b3dd001b2e010e4deac6e95fb326531ddd918a6dcbb0ddf1b2dfa958c38c29c2,aeade4d2568a909d,256,256,RGB,JPEG,22260,3
Potato___Early_blight/4bac4925-72ff-43e7-8726-5e2126c6c30d___RS_Early.B 8206.JPG,Potato___Early_blight,True,281,2f18502df92b20f5cb38fbf56e94d21ad40d01c28e06b7bc312ca0cd4072c869,fdd5aa0295af9029,256,256,RGB,JPEG,19257,1
Potato___Early_blight/4bba904e-b4af-4a81-8252-b8d997bc5057___RS_Early.B 7695.JPG,Potato___Early_blight,True,282,ef28c0b7957e59298bd8fcec1ce1984efdaf1627df941d00cec641eb4011ee12,bf86d425cb9a8d18,256,256,RGB,JPEG,19497,4
Potato___Early_blight/4be99b40-e269-4c69-8c90-ac75514650af___RS_Early.B 6830.JPG,Potato___Early_blight,True,283,a9a7b5e0d29ae829b09040ec724cf7d8deb8df6950bf18e8f4ea9b74510084a7,ffe8e2059732921a,256,256,RGB,JPEG,25205,0
Potato___Early_blight/4c246dbf-ad6c-4563-ad59-d5ea84453817___RS_Early.B 7662.JPG,Potato___Early_blight,True,284,a25a438189391e32dab3041ec52237f2839e26653bb671a86a555ba59c23542b,8ae2bd61d00fc39e,256,256,RGB,JPEG,19180,1
Potato___Early_blight/4c7622da-663c-48df-8005-355fff221fe1___RS_Early.B 8432.JPG,Potato___Early_blight,True,285,f235f3e9b49ab25fd2bb8a41e0d90abf64a4fb5b5fe8deb51d772a0a2c2e48d1,ead2a0ce9c1978b3,256,256,RGB,JPEG,20547,2
Potato___Early_blight/4c8df1cf-82bb-49eb-894c-8a516fbd1d74___RS_Early.B 6753.JPG,Potato___Early_blight,True,286,e6f3a6d64e9ba4dce6228c2ad879419685c9afc741f56c208ea0d33d25df9ff1,80ef1fd87202f707,256,256,RGB,JPEG,24568,3
Potato___Early_blight/4d1d5d85-e67d-4007-bceb-9b577f49065b___RS_Early.B 8885.JPG,Potato___Early_blight,True,287,b3d6616e8f889356375a73cf04d78affe54b304dfc251b9fb8a0465339ccc56c,aea7d0984aad64b6,256,256,RGB,JPEG,18725,4
Potato___Early_blight/4d5d6c62-61d8-45a3-aada-3ee8bc44e1d5___RS_Early.B 6685.JPG,Potato___Early_blight,True,288,bcefd5ee586d6c784fc47a9cfbefff89505b094e69921c6aec5b5c5ced0ba52f,d5bc6a9334ca6728,256,256,RGB,JPEG,20816,1
Potato___Early_blight/4d943ff8-e048-43c6-8861-4cdc6adab6a0___RS_Early.B 8726.JPG,Potato___Early_blight,True,289,9c9fddb97623476040706443d049c7968ae1de1a3573e821687f7fbfce800046,ffa9a8d58144971a,256,256,RGB,JPEG,16483,0
Potato___Early_blight/4da46a9d-7709-4528-acc3-a7be6ace3714___RS_Early.B 7187.JPG,Potato___Early_blight,True,290,1e019a456f85ca5f22199087c9bc473c49ec415db8c5d274e78d1a9ddf094145,df22f85d151094eb,256,256,RGB,JPEG,20320,4
Potato___Early_blight/4ddd0823-ecf4-4a0b-81d5-9844705e5694___RS_Early.B 8936.JPG,Potato___Early_blight,True,291,d03fa389f6227c16dad5683606e796f84202ad80217d1cd3e7709dc07bf64d14,acb633d8050fd365,256,256,RGB,JPEG,22881,3
Potato___Early_blight/4e40c113-4ab2-4a71-9ecc-5ceb67905190___RS_Early.B 7446.JPG,Potato___Early_blight,True,292,57afa603a4240288b190d03d41a38aa85c542e1ada809e1f63745d6fa10ac748,f81aea2ea561d427,256,256,RGB,JPEG,20975,2
Potato___Early_blight/4e478f6a-b8cf-425f-85e8-d80d6aaab8e1___RS_Early.B 9026.JPG,Potato___Early_blight,True,293,f4259eadc47ee0c6e4ef269d092e26bd58c535a5e433e18b2161893651607d40,80e03f17613e7b9c,256,256,RGB,JPEG,20072,0
Potato___Early_blight/4e7faad5-4f3c-432a-8a71-bbe198aece77___RS_Early.B 7354.JPG,Potato___Early_blight,True,294,dd06cb17b0d6bde2e7c99cd8fd6235202eefc33d67d5d4744017e509393ac844,df2fb0f0d8cb40c8,256,256,RGB,JPEG,19719,1
Potato___Early_blight/4eacc117-bab5-40ff-bde0-dbc6b2a35822___RS_Early.B 7999.JPG,Potato___Early_blight,True,295,ce2e0759c6150dff7d426d72ca4c0d854fad604a2953d8123ed318634e58ad00,fd64e842a5ae9685,256,256,RGB,JPEG,19393,3
Potato___Early_blight/4eb1fee6-e288-4c32-841d-9fc1d1824508___RS_Early.B 8446.JPG,Potato___Early_blight,True,296,0b4c675d72ab15f1f002b9c072b71825684de99ddf5c940d24cf42a72d3567ca,bb15e473d8689d0c,256,256,RGB,JPEG,20874,4
Potato___Early_blight/4efd8455-c6ef-4e25-abad-d4d273f84c28___RS_Early.B 8128.JPG,Potato___Early_blight,True,297,4f6c4092c5dfd15e4ec68239052308cbb4f4a06b201962c170f4fd80dc9a0211,ebb0b4956272e19a,256,256,RGB,JPEG,19843,2
Potato___Early_blight/4f12ef84-6c6e-43d6-b6f1-3a8b0278b3a6___RS_Early.B 8101.JPG,Potato___Early_blight,True,298,bdc9c06dbbb434a6e951e8621e64f1009f594ee944c6c591cedb77197be9a296,fbe0b0efc0054f86,256,256,RGB,JPEG,20367,3
Potato___Early_blight/4f20f0e5-b870-414c-99a0-136575a61ce5___RS_Early.B 6724.JPG,Potato___Early_blight,True,299,89fa5a9ace2da61e96dc64f2ef924e9ad0d755caef7a6a7cf21ad18a9e1e0559,80453e3eb71a9b3c,256,256,RGB,JPEG,20655,0
Potato___Early_blight/4f5ed8b8-7266-451d-a726-c1dbba2e5381___RS_Early.B 7384.JPG,Potato___Early_blight,True,300,1d709f4c426fcf3180d22b2cc3718f43230f0e294823a1a4766da832c20ba837,ff2ba014a6509ecb,256,256,RGB,JPEG,19163,1
Potato___Early_blight/4f71ba26-6612-427b-8dc0-4d8cc909f1fa___RS_Early.B 7122.JPG,Potato___Early_blight,True,301,913cede158447ea9b03be4bea5281ae5ac34babf4dd95051c01badf5eddd34a1,aac29586f69f18c9,256,256,RGB,JPEG,19343,2
Potato___Early_blight/510146c8-7368-4acc-847d-523f55b3d424___RS_Early.B 6678.JPG,Potato___Early_blight,True,302,502a9882bd82d25b5610e17664845acfeecac527c2bc8ba3e30893448a002c1c,80fa37c0fc15a19f,256,256,RGB,JPEG,20550,4
Potato___Early_blight/519e17be-a518-410a-ad3e-153d07fc3563___RS_Early.B 7711.JPG,Potato___Early_blight,True,303,62a9539c5907207d0aa2b19a248534a27e0cd386c1eaca6aa5f89224ffe7c7ea,eaf2e4cb1a2d9a30,256,256,RGB,JPEG,22077,0
Potato___Early_blight/51ab2ec9-d90b-47f3-8e4a-fdceeceb033b___RS_Early.B 7859.JPG,Potato___Early_blight,True,304,95c1f2da78bf223aa20bd9ad970f579371ebb70a1b200096907709d59e72b5eb,dfd0a80a952d8c7d,256,256,RGB,JPEG,21404,1
Potato___Early_blight/51bc94fe-ba23-4776-a9ec-727e55015acb___RS_Early.B 8267.JPG,Potato___Early_blight,True,305,b3fac524b2aae1a1a16ec26c15ebeae53253bde9c6b9de770868e151394efc31,a0e9fda4b0074eec,256,256,RGB,JPEG,23508,3
Potato___Early_blight/51d521bb-5800-4f46-8fd0-f6cb09f37989___RS_Early.B 7572.JPG,Potato___Early_blight,True,306,bee34cc2aa8ffe073f4a152f004c1416914f0f7b90afd2703e879ecf31ef4bde,df0ea93296e1c227,256,256,RGB,JPEG,19592,2
Potato___Early_blight/51e028c1-7aec-46e9-a389-391bc38b46f3___RS_Early.B 8505.JPG,Potato___Early_blight,True,307,6a3d37088c34278d8b76ecd06152d6ad128567d1bda8790e48a978fe7b9e200b,efe0a4c6968998e9,256,256,RGB,JPEG,17173,4
Potato___Early_blight/51f13c93-c8b6-4542-a81b-cb1a2e83f179___RS_Early.B 7684.JPG,Potato___Early_blight,True,308,56ed05166fc4df4a64cb9880590de05d7f112a24dfd2a4e3d2274afc2559e03d,ededc02792969a92,256,256,RGB,JPEG,19300,0
Potato___Early_blight/51f59871-72dc-490c-a550-9e7869142284___RS_Early.B 7224.JPG,Potato___Early_blight,True,309,672f84890820a42532942edb9a26b38a24b899ee9510becc4b941701e6267b10,f61b85149e72d86c,256,256,RGB,JPEG,18437,1
Potato___Early_blight/520475a1-5acf-433f-a306-cff6ec1a99ef___RS_Early.B 9159.JPG,Potato___Early_blight,True,310,1d1f50fd560befae00dcc0876a174f424107a7628dd33d43238dc1190d341f46,fda0f8152157af0a,256,256,RGB,JPEG,21011,2
Potato___Early_blight/524142aa-78fb-4fab-895c-ddb993d07479___RS_Early.B 7435.JPG,Potato___Early_blight,True,311,c587b35a2fdafcfe1ac089f2deb6d23ee202502b7366f4abcdca36eff5da8cf2,aa27b770307a9387,256,256,RGB,JPEG,19237,3
Potato___Early_blight/52fb5725-33cf-4076-9abc-93311d027da2___RS_Early.B 8415.JPG,Potato___Early_blight,True,312,937caf6c1ae8b4db84979f24585357b8dc22e769231fb429cdb61dcb797fa494,887ef500df1fd830,256,256,RGB,JPEG,18829,4
Potato___Early_blight/53257270-67b3-4408-aaec-abbd9f5f19f0___RS_Early.B 7212.JPG,Potato___Early_blight,True,313,b1f01b12088a782a1da9c24327141d13c0d864fde4933f7d68b17ce9fa35d550,ab8fb79668c86590,256,256,RGB,JPEG,18514,0
Potato___Early_blight/53de9716-fcc5-4241-9e8d-21792a5cf226___RS_Early.B 9014.JPG,Potato___Early_blight,True,314,70f9d4fe2c94f5ec79cc2dac376f85af3e37cc61c549e043208e63391cd148c5,87f671c0360fc8cb,256,256,RGB,JPEG,22331,1
Potato___Early_blight/53e30623-2023-4bbf-b904-ba39426f8628___RS_Early.B 7613.JPG,Potato___Early_blight,True,315,662e2032af17411d5ae0f77dafd56dd335bb5d69b112844735aa979e43359f9a,ab95f15ac668c649,256,256,RGB,JPEG,16541,4
Potato___Early_blight/541b768f-ec74-4f60-8e5a-778a5eb359da___RS_Early.B 8647.JPG,Potato___Early_blight,True,316,6e316f0c907644c4ebb1401425df738a7ab8f9ac93ae9c079cb770402f9b9e13,eac285ce9ad099b5,256,256,RGB,JPEG,22398,3
Potato___Early_blight/541f3dc9-a330-4caf-97f3-88bec1b60c53___RS_Early.B 7767.JPG,Potato___Early_blight,True,317,36982e10cfe29eab23e91c1bf929d373f8845707d9b7fe81c68e91297116c36e,ade0c08fcb9c1b9a,256,256,RGB,JPEG,17549,2
Potato___Early_blight/54260e42-8e3f-44c2-b252-c784391ce639___RS_Early.B 7508.JPG,Potato___Early_blight,True,318,87db6f047f54e4b7b74235525be13a3ccc38d8072293f4dcb5c297f56926f59a,d395ac4a16ed9a64,256,256,RGB,JPEG,14836,0
Potato___Early_blight/544b5324-f697-4af8-90d4-47b7b86691c6___RS_Early.B 7028.JPG,Potato___Early_blight,True,319,0aeee253754adbfd12ee784b5ccb7a107e1ab16505c8221daf9df3977b973e53,eadae24a17ad9990,256,256,RGB,JPEG,21031,1
Potato___Early_blight/54a0c5b4-7df1-46c8-95f7-85ffb6a47939___RS_Early.B 8174.JPG,Potato___Early_blight,True,320,61eaeb4bcbe5912370e5275a785f3e485e6272304e375c0e066e00e9b304f150,f725aa3a85a158d5,256,256,RGB,JPEG,21693,2
Potato___Early_blight/54eebf69-9501-4f9e-b923-1ef61f31d93c___RS_Early.B 7098.JPG,Potato___Early_blight,True,321,abd25daba67bec12f53004d53b551290f98c495a72ca077d2e0ff200d9485b3d,dfbea874f0f090c0,256,256,RGB,JPEG,20673,3
Potato___Early_blight/5585ecfc-6e6e-4544-8e6d-180d958b7211___RS_Early.B 7619.JPG,Potato___Early_blight,True,322,3b1050cbc5a5238730f08866e8530e20dcd288ce724d3e0f4466ce7818f433a7,efcca07a1625d465,256,256,RGB,JPEG,20928,4
Potato___Early_blight/55daa016-a408-4de3-a79e-53d0ec53ea16___RS_Early.B 7686.JPG,Potato___Early_blight,True,323,3630399172dd0f7a0a26e45701eb397b86f21f37a44c9b2ce054fb9dc4541236,aa6ae5adc0848f97,256,256,RGB,JPEG,20996,1
Potato___Early_blight/569206bf-423e-4508-b1b4-2ca6821aceac___RS_Early.B 7554.JPG,Potato___Early_blight,True,324,87691253532aa3dd32954fe25c72283fa235b96cf176a8acce4a4bb28718f45f,af97fc00c0cbc1dc,256,256,RGB,JPEG,18706,0
Potato___Early_blight/56a6692b-15ba-4097-aba1-ba428b6fefcd___RS_Early.B 7899.JPG,Potato___Early_blight,True,325,cbe7ca599d0de6c46616cebf911d9fa6f6f2b75629224fe15d03d5461ea2dcdb,f56caa419d2f5431,256,256,RGB,JPEG,21897,2
Potato___Early_blight/5720f8b8-4fd7-451f-af18-a48730691c2d___RS_Early.B 7155.JPG,Potato___Early_blight,True,326,4cee140063fd5fdeb4dcc8e51ae9fb88615443ab1d249b77aaaca72a37b7fdb2,a87bf542930ffc80,256,256,RGB,JPEG,18597,2
Potato___Early_blight/5748b34e-9143-4540-b4f0-37b8f7dd9e96___RS_Early.B 7198.JPG,Potato___Early_blight,True,327,061f7b066626601935f767edd56afbfbbc48bd29e097329f83bee730ee6206bd,aa2db55ac8b9c968,256,256,RGB,JPEG,20139,3
Potato___Early_blight/5755142f-0cba-45b7-a563-beb1bf6db374___RS_Early.B 8321.JPG,Potato___Early_blight,True,328,4347b8fce408183110e0e8a8fdba163fe7fa9ebf0e3b86372fec612cb8f6c002,aafac186ce91d81b,256,256,RGB,JPEG,21772,4
Potato___Early_blight/57bb36be-b5bc-44e0-91e5-0b1b4d31bc82___RS_Early.B 7311.JPG,Potato___Early_blight,True,329,dbb93a161dc7a458afa8cb58f6067ae42bd78c195f5582a8319a2894e14362f9,dab6a5cd950d84d8,256,256,RGB,JPEG,18891,0
Potato___Early_blight/57c5fe0f-ce93-412a-a29e-a70a4aa23649___RS_Early.B 6818.JPG,Potato___Early_blight,True,330,3daf86171586b3dbeaa453c76bf698d59476c7ccce5a5725c8750639c00244f5,8af1b569d604da87,256,256,RGB,JPEG,23085,1
Potato___Early_blight/583fa343-d5be-414b-bd95-f674313bd882___RS_Early.B 7681.JPG,Potato___Early_blight,True,331,cae750dcb679e49b2246f7f9a400b70340c475affc547dca0a8cf9f3004218dc,af171f5a8c6cc864,256,256,RGB,JPEG,17497,3
Potato___Early_blight/585062b6-d5a4-4677-8b7f-773257399423___RS_Early.B 8558.JPG,Potato___Early_blight,True,332,a844576ac0acbdbcbb14cb8dd32edbbbd19d433daa7b296773ce0533956f797e,fde0e0158757961a,256,256,RGB,JPEG,19227,4
Potato___Early_blight/5888d397-4e83-4fac-bcf7-0de778966d36___RS_Early.B 7418.JPG,Potato___Early_blight,True,333,bf7e918a5dbe66e1abaa04461b43c9c2f07a4eea145582d716dbb365bd48e05b,87e06cc57c8bc09f,256,256,RGB,JPEG,20622,0
Potato___Early_blight/58a381f9-5315-4865-9b35-43df8fd9bf42___RS_Early.B 9027.JPG,Potato___Early_blight,True,334,65f4c1c0c3940293dba2e2562f962cfd180291ba89feb2af965549affc4e69e5,8380349743fccf79,256,256,RGB,JPEG,17812,1
Potato___Early_blight/58cb5c58-3161-4476-9361-3ee2673cc82b___RS_Early.B 7368.JPG,Potato___Early_blight,True,335,1765ab28cc1a62f5da6f38950ad02194defe9748e979570394c7e67ef343aec3,ddaba25487711e92,256,256,RGB,JPEG,19678,2
Potato___Early_blight/593de3cd-1e2e-4943-b5f3-ef9d5d857894___RS_Early.B 8336.JPG,Potato___Early_blight,True,336,c755b9a7eb769d8cb30ccd0081f9a481a0685350a7cc179133f08ad317dd8906,aa29fd58c0e3868f,256,256,RGB,JPEG,20165,3
Potato___Early_blight/59676e33-8884-4359-83d9-e07df07f31a1___RS_Early.B 7041.JPG,Potato___Early_blight,True,337,66d16c11b3045f4211a9f3dce19bcbe74240f1a7fc286c3573c9bf239f700802,aad285cb1e99b8a5,256,256,RGB,JPEG,17598,4
Potato___Early_blight/59f90f4b-add8-4f50-af1f-052b35aa99e1___RS_Early.B 9001.JPG,Potato___Early_blight,True,338,091dc276216c40df4d954a2af9d1a746de984c2fa06b2ba4676fb02d60390302,f72f171b8cc68889,256,256,RGB,JPEG,20298,2
Potato___Early_blight/5a152fa7-7645-42ea-9c59-13258febe52f___RS_Early.B 7175.JPG,Potato___Early_blight,True,339,02a40796776f5b9a62ef77d8d861882c42b67f6fb42ce8460a9e47a2722c9cce,bebdf09c8ac1c861,256,256,RGB,JPEG,20660,3
Potato___Early_blight/5a6f3209-223e-43e5-8680-41dd3d5091ce___RS_Early.B 7288.JPG,Potato___Early_blight,True,340,edf6aab98311ab4125813928b3c8fb3bf7337426cef5c2d7fe6a134c4fa9ad37,865efde0c027833e,256,256,RGB,JPEG,20233,0
Potato___Early_blight/5a7ca2a3-5bfc-47b7-9657-85a6c95a0956___RS_Early.B 7061.JPG,Potato___Early_blight,True,341,3f370daa9266191cd9f42069bb2108a0d947aa6b86201718b033387d6c223457,dfafea90a5c085c2,256,256,RGB,JPEG,18152,1
Potato___Early_blight/5abfa537-636f-41df-a833-311a3018aac9___RS_Early.B 8176.JPG,Potato___Early_blight,True,342,324f5872ee657bc9761bfd98bb040182359f0903cb7a59450fb686940f3faf86,be87e4c834cd9299,256,256,RGB,JPEG,18506,4
Potato___Early_blight/5ada96db-43de-4510-8c10-eaaebb106c0c___RS_Early.B 7216.JPG,Potato___Early_blight,True,343,e3fc03d02a1f76799bc13e8145053fea15ae192ac0a387b21cad7a7628e70945,fad5a54a960d92ac,256,256,RGB,JPEG,18071,0
Potato___Early_blight/5aee3e9f-0469-42e7-8ae7-56f7a1900fd5___RS_Early.B 9091.JPG,Potato___Early_blight,True,344,c3b004f48c4a36a5981bcaa8847c52f1e11f2ffb62123c426c6fede6c71c6db6,8a3dbd70e0c3c48f,256,256,RGB,JPEG,22613,1
Potato___Early_blight/5b361ac7-6fb7-497a-b11d-3b8cd7ffd2e1___RS_Early.B 9206.JPG,Potato___Early_blight,True,345,98ae70fae90797445a6229d3e540b532dbd8edacfc358e4b3bd7c6d27a6c7660,81c54e3738f8e5cc,256,256,RGB,JPEG,21801,2
Potato___Early_blight/5bb77b39-311b-4ad1-8bfc-5a41a13b7b02___RS_Early.B 8255.JPG,Potato___Early_blight,True,346,fb7eed17d745d40f0fe80a1b43e9c005112b1e18bda79a7ccddebe707c55edff,efc9a049578d9836,256,256,RGB,JPEG,20493,3
Potato___Early_blight/5bdc7f1d-26cc-45b2-b77f-e98084418fd9___RS_Early.B 7486.JPG,Potato___Early_blight,True,347,b1a535570b0fc53a6dd6fa05d4facd6dbf3fd6782ce40cea8fc22013b3fb9200,83faff81d803881f,256,256,RGB,JPEG,18682,4
Potato___Early_blight/5c3363d5-5873-40f5-b179-37ab6df0328c___RS_Early.B 8828.JPG,Potato___Early_blight,True,348,bbecefa038ea59b3e2fa22605da63103f2d10d40706fde24a69697717e67876d,fd0ba39596529a4a,256,256,RGB,JPEG,19758,0
Potato___Early_blight/5c43b799-a722-4209-b571-2a7ca23de273___RS_Early.B 7321.JPG,Potato___Early_blight,True,349,0f332f2922f18192856b24c804c9d60250cf50af03d136657401be2da907e3ad,9fa760c54b1ea1d8,256,256,RGB,JPEG,18029,1
Potato___Early_blight/5caecfc6-8e1d-401b-8014-763dec01cb98___RS_Early.B 8063.JPG,Potato___Early_blight,True,350,95ee9dbbeb14f3a9cbd63f61446f627b91b8a1e052da83a1caaad0682ff238df,a260efc7d097829e,256,256,RGB,JPEG,20633,2
Potato___Early_blight/5cb0b99b-2e14-43b3-aa51-51a7ce668793___RS_Early.B 7455.JPG,Potato___Early_blight,True,351,7ce6d129eee57bd593505b42c35b3d02910f1c4e53160dadb8986f967d93a72a,d70bbd95c2d8cc41,256,256,RGB,JPEG,19466,3
Potato___Early_blight/5cf3cf9d-0f81-4c75-b1d4-2defb49033c4___RS_Early.B 6806.JPG,Potato___Early_blight,True,352,b0c2907d89d6cbfd93a5b304a5eba895bb9dc2459e7eaadfe62fb3fe9d2dd93f,aaf0a5c89a35f133,256,256,RGB,JPEG,21523,4
Potato___Early_blight/5dbb2c15-fc42-4611-b590-9d92d4ce2a85___RS_Early.B 7312.JPG,Potato___Early_blight,True,353,1f161c1101c20d30378052f391fcc8800fdf645a5106fe2884ee7f97aeafb7bc,aac8b6cddb12883b,256,256,RGB,JPEG,18683,1
Potato___Early_blight/5dd2be45-9c02-4b82-a7be-ecbac29981a9___RS_Early.B 7947.JPG,Potato___Early_blight,True,354,70c468d5c931d691bfcc534c0fb88ca8c1b1b65fd62cc0fe01aba321ce0632a7,bec0e143c29fcd16,256,256,RGB,JPEG,21976,2
Potato___Early_blight/5de34904-b1e6-48ef-9daf-73d80f5cc6c3___RS_Early.B 8345.JPG,Potato___Early_blight,True,355,3b7a441f3f419fe8ad681401a07c1013b5f3a93e3e8c761f13b254f2b89c0671,8ab5ff5eb07a8140,256,256,RGB,JPEG,20766,4
Potato___Early_blight/5deee0ba-6bbb-450e-a107-102063e2f93b___RS_Early.B 7429.JPG,Potato___Early_blight,True,356,b9b98106621c0a34bb2d840fd4fc93d4f261a03b771a272f7e5cb216db6b0883,8e1e7d7860717361,256,256,RGB,JPEG,17200,3
Potato___Early_blight/5dfcdf05-e64e-4992-84b8-a9fc9c49ce3c___RS_Early.B 6711.JPG,Potato___Early_blight,True,357,9540a96948ab1d3c3afe109045541a843dc0363b96c6056b46de9fb9faa11fc3,d7946a53a5ca9469,256,256,RGB,JPEG,19684,0
Potato___Early_blight/5f209b64-4a3c-4fd4-9151-83db4125e7fc___RS_Early.B 7284.JPG,Potato___Early_blight,True,358,259152ea24bcdbd846eb31e79481cc2a08064fe3b810fbfb065c5129747be11c,fdbae8d0c5a20716,256,256,RGB,JPEG,20947,1
Potato___Early_blight/5fa695b2-89f6-4c5e-b62f-2be61e2ad23a___RS_Early.B 7232.JPG,Potato___Early_blight,True,359,adab6b316ef6e5713e6a93716762b33cbd0bce45965d93ee4fc9158165bf2d47,f726a895c7d0989a,256,256,RGB,JPEG,18804,2
Potato___Early_blight/5fbff81d-eeaf-430f-ba94-df6a92c7b8e2___RS_Early.B 6816.JPG,Potato___Early_blight,True,360,25713f1311abd0e570cd897a82ffd131d74fea621fe4e07580c5e2e80322e166,bbc2b48996c7328e,256,256,RGB,JPEG,20579,3
Potato___Early_blight/5fd6c76a-1e89-4991-9991-2b61670d5175___RS_Early.B 8208.JPG,Potato___Early_blight,True,361,367cea8502bb4e5a511c31fc0c7d7c9009bad2267cc4e3492d62f0d646e0464f,ff2da054975298ca,256,256,RGB,JPEG,20034,4
Potato___Early_blight/60096f66-1bf2-4d8d-8137-ac2358ab71d0___RS_Early.B 6978.JPG,Potato___Early_blight,True,362,67dd9667082f60b855212ebce167f571fa1c2febda056cbaf3ab2eb5fdc79303,abc2a58f3ac5b42c,256,256,RGB,JPEG,21098,0
Potato___Early_blight/60418916-8278-448a-af45-21ee8ef60a95___RS_Early.B 7957.JPG,Potato___Early_blight,True,363,057760282d7f9e6d06d23fcb1944e5871aa91d452beecb6386ef5e726bff3eb8,f78f81b6ca60c8c5,256,256,RGB,JPEG,18723,0
Potato___Early_blight/606e216d-f0b8-4ef3-9bf1-2bee85a13361___RS_Early.B 7094.JPG,Potato___Early_blight,True,364,f581d1748badd9b8590fe0e8f0a0ffa129a2941ecac7ac4fdb2e97c8a3e8216b,a87dff60c080879f,256,256,RGB,JPEG,18966,1
Potato___Early_blight/610d8d2d-c28d-4d99-9f37-a6a79148b529___RS_Early.B 8023.JPG,Potato___Early_blight,True,365,05abef5f3bed9eac23bd3b5db5e6430753ee8847d913e62fd426091e1104fae2,a38cec57e05fc168,256,256,RGB,JPEG,22562,2
Potato___Early_blight/610fd102-fd1b-45c3-978b-68c65d432382___RS_Early.B 7819.JPG,Potato___Early_blight,True,366,be957abb9444629f71e44f88cae963d2cb22d978e4f9e90ee4a363989aa12b9d,baa5a754d01ac36d,256,256,RGB,JPEG,20863,3
Potato___Early_blight/6173dbe2-1379-4241-a43e-7cbad448b6cc___RS_Early.B 6993.JPG,Potato___Early_blight,True,367,3d3d7d7b8034de63789dfb1021b48bf75ff969e26b0920618f17e3c743847265,acf02dc617cc12ed,256,256,RGB,JPEG,17403,4
Potato___Early_blight/61a602c4-02e3-49e5-9858-5b1d4d4795f7___RS_Early.B 7875.JPG,Potato___Early_blight,True,368,e96ff59a5eaa36eb60b8a7089432a59c1e7641bb18952702274a9157dbd0ac58,ba90ccb7d3588ce1,256,256,RGB,JPEG,22587,1
Potato___Early_blight/61d53ca2-a8e2-4e5d-b8cd-3f9608b74fc1___RS_Early.B 6746.JPG,Potato___Early_blight,True,369,6357780cddd1615ff1672a8d32e7da127c90f0f6953173e5344395e9eedcbb5d,88efb7e011899f94,256,256,RGB,JPEG,23749,2
Potato___Early_blight/61da9830-ebfd-483a-88dd-a66fcff4c457___RS_Early.B 7817.JPG,Potato___Early_blight,True,370,985f026f0b7c72fce793884046f909a2170f4ddf8949c416f75ad0bad55f3f54,eaa5a4b59a5a894d,256,256,RGB,JPEG,20248,4
Potato___Early_blight/61f4f7c5-cebe-471a-9be9-b595255b7fb4___RS_Early.B 7029.JPG,Potato___Early_blight,True,371,3e126c7f5643d7ed172334a97813e4fb2be4991242a3f6f47ff32bfcd02c4030,abe1a59296cb1a65,256,256,RGB,JPEG,17525,3
Potato___Early_blight/62490062-4c67-4caf-bec5-df1342ec2987___RS_Early.B 7946.JPG,Potato___Early_blight,True,372,f6b850a534acfe73e77af8996d179bbe6df477505469f293732d32a1a15852bc,fe9cf014c2d89b49,256,256,RGB,JPEG,20365,0
Potato___Early_blight/625f9c30-b56a-4e4e-9b34-aab8d2385d02___RS_Early.B 7226.JPG,Potato___Early_blight,True,373,a9f09dd1e9a59f46f385b595ebb56901fcf4c21d47dee55b9f48294d98f44c56,aada32cb36c9328d,256,256,RGB,JPEG,17819,0
Potato___Early_blight/6269c9ec-ef8a-49b5-ab1a-451565529c38___RS_Early.B 7166.JPG,Potato___Early_blight,True,374,63933bd151986760d60a737045dc7f1129b6763ed309f9786c49e0bce6c61c72,aacaa58d9c999363,256,256,RGB,JPEG,19285,1
Potato___Early_blight/62e81304-8d1b-46ed-a79a-52cf53a63919___RS_Early.B 7363.JPG,Potato___Early_blight,True,375,08020de1524baaaf690bce99dfeafb5e4f10b3319638a13d4c2afc0175d9dccb,bbd3e009e49632dc,256,256,RGB,JPEG,19559,2
Potato___Early_blight/6319585f-ed2f-4657-ae79-a23db65d0fce___RS_Early.B 7033.JPG,Potato___Early_blight,True,376,eed51f4b5df25e92bee41150d7ba6ba9df76da5f993a0f4f7f28509108dc3e7f,dce2a09497da99c9,256,256,RGB,JPEG,18513,3
Potato___Early_blight/63b61694-16e9-4ef4-ad6f-5e27d2c9eed9___RS_Early.B 6871.JPG,Potato___Early_blight,True,377,29a2a6cb069acd307da2aeb6b69a1993885bc62d24b14919b52ba84ba0808d8a,ead2e9ca954d9225,256,256,RGB,JPEG,21283,4
Potato___Early_blight/63f59fdf-973f-4d9e-a1ac-4a21cdfb9393___RS_Early.B 8794.JPG,Potato___Early_blight,True,378,1b9c0a2b2032d803c34a6095a7ff31d26d1fd8198a749a40ec9e87f5dbb8ca44,821dbf52d00fe0fc,256,256,RGB,JPEG,19477,0
Potato___Early_blight/63f9b76b-c491-4ed3-923b-087967ea9268___RS_Early.B 7161.JPG,Potato___Early_blight,True,379,bcb0da78129338e4b33495409032f401a34dbc22f5ed25975ff87d456649d421,aa52b549b68f984d,256,256,RGB,JPEG,21148,1
Potato___Early_blight/64cab763-3fa2-483c-abc6-1d203f26f88e___RS_Early.B 6671.JPG,Potato___Early_blight,True,380,3e20ef824956162a125cac152740ab3195728c6031386fda24382ae6e52d3711,8ad2b7e0c609db1e,256,256,RGB,JPEG,22360,2
Potato___Early_blight/64ced002-f0b1-42b2-b448-b7b3655e38c1___RS_Early.B 9010.JPG,Potato___Early_blight,True,381,886978538ced0234bd004b40a6cde11610607e70f9f73dd57497ada11269024d,d5516a0f8dcd1c5c,256,256,RGB,JPEG,22324,3
Potato___Early_blight/64e41485-8bd1-4b5d-9482-023eb07d8a89___RS_Early.B 9078.JPG,Potato___Early_blight,True,382,71315c1cb6d23823d334fc27f135631454972fd6bd5f78c0fcf2f5b54a10a3aa,f52eaa34f4f09462,256,256,RGB,JPEG,21305,4
Potato___Early_blight/654aaf22-e23a-441d-ad57-914843a36c64___RS_Early.B 7924.JPG,Potato___Early_blight,True,383,51703d9dfa56b3bddd8a355cd95e1ddc3228a7587e71857eb9110d103e17d88f,fe3aa875e4728381,256,256,RGB,JPEG,22189,2
Potato___Early_blight/655010d0-0bf7-4cba-8ebe-591a8bc5f552___RS_Early.B 7668.JPG,Potato___Early_blight,True,384,747bb171a74c72e569a2b72133ae726a21ac12551c2b7c81212a5f8386800ae3,efe0a447c50ed839,256,256,RGB,JPEG,18883,3
Potato___Early_blight/65b66b8f-2117-4876-85bd-23941349231f___RS_Early.B 7219.JPG,Potato___Early_blight,True,385,0c722b3031260488f641dfe5f25289fa972ac8b4fe124ae049e71dd1f324f1be,aff0a582d42f926c,256,256,RGB,JPEG,17790,1
Potato___Early_blight/65cac614-d354-44f4-870b-dbb4fe26e120___RS_Early.B 8193.JPG,Potato___Early_blight,True,386,3d44edd0e43b78e2c7277f399e575dd1abb1a6f98cc2afc7ac578e14c767f079,fab1b053a15ba15c,256,256,RGB,JPEG,17226,4
Potato___Early_blight/65f6e2f1-300b-42f0-bcc8-467753411947___RS_Early.B 7591.JPG,Potato___Early_blight,True,387,f149b908684de815c58f58689bf609144b6db95b6f5f92b6f47754c654df8fb9,eac8a8ca9d8f9899,256,256,RGB,JPEG,17127,0
Potato___Early_blight/66642302-1334-4c23-8613-f98387352360___RS_Early.B 8766.JPG,Potato___Early_blight,True,388,8cfede13b141f177b0dbccbb5c7f516ecc0ec41e8036fedd2ccd82fc0903a910,d7b8a0b987159556,256,256,RGB,JPEG,18259,1
Potato___Early_blight/66785df0-db24-4c3d-821b-8ab94e7e6a06___RS_Early.B 7086.JPG,Potato___Early_blight,True,389,f634d9338a42d7b66cdc8781801cd2c27354a139e5137014dc0a27adcabfcfe0,aee03cc7e41ee198,256,256,RGB,JPEG,17159,2
Potato___Early_blight/667c593c-acbf-468a-91a3-6fd8006c46c2___RS_Early.B 7830.JPG,Potato___Early_blight,True,390,dae96ace1390d4b029dded166a9fce1753fe53e6af0c22d5aba94a66a53f424e,8885bfdef04ac568,256,256,RGB,JPEG,20746,0
Potato___Early_blight/66a98640-59d3-4c9b-9853-773c78ac6375___RS_Early.B 6784.JPG,Potato___Early_blight,True,391,4724a32543d88db459df9f52ba69819e1e54ebed6f5dca06e6ea5ddf2bcd8bcf,92e5ad1b709d8372,256,256,RGB,JPEG,21308,3
Potato___Early_blight/66b6c6d1-fe63-4c7e-8054-bdf6ff67ff57___RS_Early.B 7514.JPG,Potato___Early_blight,True,392,56e74965253015b9274cc30500c1ce313a6f6a5f1ced6117f67ba5b991de258b,f96be91d85583843,256,256,RGB,JPEG,19001,4
Potato___Early_blight/66c5930d-2169-4ec1-9919-28088d5447f7___RS_Early.B 8822.JPG,Potato___Early_blight,True,393,e32b830683129269c40fd87b9cd7b748fa665bb1b02cac1406d805abb429e071,a867ed4ad4ad8b30,256,256,RGB,JPEG,21001,1
Potato___Early_blight/67468907-b28a-4740-a9f4-ce69b93878c9___RS_Early.B 7142.JPG,Potato___Early_blight,True,394,09e76850e26e7c8d0252d2fb12ab4f3d87b82d45e812c5dd3e396b68b06d4d8c,fe0da6329b1b0d0d,256,256,RGB,JPEG,19036,2
Potato___Early_blight/677662b1-2c4e-4d93-b4fd-950815b9d2c8___RS_Early.B 8813.JPG,Potato___Early_blight,True,395,1dd0e063af6fea7931f98012d4d59ba0071d0107a26075adb30e406451fd9a93,aa85fd1fc8188d78,256,256,RGB,JPEG,19757,0
Potato___Early_blight/6799ab86-73ef-4825-b4cf-9ae616c40ce9___RS_Early.B 7410.JPG,Potato___Early_blight,True,396,d53730e1bc8879a0f4cd427678e3941accc61bf4a9042f12e8383f08243ebe63,aac2fd689005db1f,256,256,RGB,JPEG,20104,3
Potato___Early_blight/67f2bf79-1d71-4748-bcd6-a65006f12981___RS_Early.B 7289.JPG,Potato___Early_blight,True,397,59f3a61b0bc51d1b8bb55c2c6289d7e6ea7ac5fc7b7aaa2a66a42d683dca6e43,aa35bf1ad84f806c,256,256,RGB,JPEG,21505,4
Potato___Early_blight/68662e76-300e-49f6-8467-27dd63aa18ed___RS_Early.B 7163.JPG,Potato___Early_blight,True,398,231dd5886f108bb60d1a4fc1c515475882f73aefdef62064019f0c129085d26f,eb60e42fc52cce68,256,256,RGB,JPEG,20163,0
Potato___Early_blight/686938d8-5fcc-4482-850f-0e8720206046___RS_Early.B 7769.JPG,Potato___Early_blight,True,399,63776835e30cbb6d50f6c0cc0f10e9ff5cf4042762cbd83b146b95268df22e2d,8e82e5df4be14c26,256,256,RGB,JPEG,19333,1
Potato___Early_blight/68a9df4a-f803-4cf1-bfce-1a637a2befcc___RS_Early.B 7654.JPG,Potato___Early_blight,True,400,6bd97558a19778d0c96e2d683bd33eee6e6749962dcea191386222c7cf99b7d1,a8a8b596d25ac9e9,256,256,RGB,JPEG,20391,2
Potato___Early_blight/68f056c9-4989-4809-b597-3739ff66afc3___RS_Early.B 8748.JPG,Potato___Early_blight,True,401,17d4c39ec21d273d2546cc3a49f6f9a1dcd02621c4bd32cae610a3bdd8beb039,f456c28a993999d5,256,256,RGB,JPEG,17194,3
Potato___Early_blight/691161ad-7897-4654-a7bc-14d8b5839621___RS_Early.B 6976.JPG,Potato___Early_blight,True,402,66a0d9758e8cca8ab208c85291627798d31b5cce1fb22b3040851ceb97e14f89,dd72e8abb5818694,256,256,RGB,JPEG,19899,4
Potato___Early_blight/69a20537-e5fd-4f1e-8800-ef9aa4fa4766___RS_Early.B 8111.JPG,Potato___Early_blight,True,403,e45f2af4470f714b00403cdaf88d31b1bf3b611307cd0de914f9229a1f8adfcd,8cfbbbc843249d92,256,256,RGB,JPEG,21241,1
Potato___Early_blight/69ee53e1-a9b6-4e97-bc5f-f91617bc87ab___RS_Early.B 7987.JPG,Potato___Early_blight,True,404,8ace1ccd77a05786b64aeff6d8cbcc179e5425806bc9eefa8cfb8bfc1a04ea21,aaeaed008a0fd93e,256,256,RGB,JPEG,22210,0
Potato___Early_blight/6a183fd9-9409-47ea-a634-dafa4ae329a8___RS_Early.B 8890.JPG,Potato___Early_blight,True,405,b146e2004a0eacff742001e0f0823d1b156d1ad03cee700f08f77cccc760b68c,ffd1a11e34c9b209,256,256,RGB,JPEG,17522,2
Potato___Early_blight/6a74ff09-be5a-4412-a192-2370a37c0751___RS_Early.B 8584.JPG,Potato___Early_blight,True,406,4479d3074e9426cce2d08d747b27a970853462924b9666593074869faea7f153,df70e04785ac95b1,256,256,RGB,JPEG,19045,3
Potato___Early_blight/6a903f3e-0c90-4b97-aad7-bdb1d07cb11e___RS_Early.B 6765.JPG,Potato___Early_blight,True,407,73089b38c11b55d515ea152c3cd16158146ac526c1122febb0f6d24647e62be8,d732ea0fa58c1dd0,256,256,RGB,JPEG,19346,4
Potato___Early_blight/6a90d533-28ad-4e1b-935b-8d2dfa804c87___RS_Early.B 8213.JPG,Potato___Early_blight,True,408,eb3faa8bc4602f0205591c4d4e415cf49b90094ac8a42a2e67655ba7bf9a301f,8a85bf17507bc570,256,256,RGB,JPEG,19473,3
Potato___Early_blight/6ad3d424-3e81-4b18-a029-4a20884c4ada___RS_Early.B 8380.JPG,Potato___Early_blight,True,409,3e05c6a372047f159e8e585e2791e82b23306bd71eadee1dab2e6fbab49c14eb,ab48ffe8c035c127,256,256,RGB,JPEG,20530,0
Potato___Early_blight/6b8024be-e45f-459f-9817-8d6fb0dda89a___RS_Early.B 6904.JPG,Potato___Early_blight,True,410,a29eaf1fcb0e1c2baa8f9ce49aa692c9d7db0b100f39629bd876f17f99a2d974,d7f22a4ab50994ad,256,256,RGB,JPEG,20962,1
Potato___Early_blight/6bb48ab5-6f0d-4bd8-a3c0-bf2b6d5ed936___RS_Early.B 7281.JPG,Potato___Early_blight,True,411,ab7477d99b7d70a1f8fb5d4785accc8094c26f65814053dd019d04ba8a17bcc7,8000451aed7fbd7e,256,256,RGB,JPEG,19949,2
Potato___Early_blight/6bca5c10-8985-404c-96c3-3f77c2a77d10___RS_Early.B 7527.JPG,Potato___Early_blight,True,412,97aa6f6981a7d9fbf536d7dcee75aef10c4ca7cc780a1d82a34c759af3e8cb47,ea94a54bd56b922c,256,256,RGB,JPEG,17571,4
Potato___Early_blight/6bd7d398-9cce-4282-a853-9625a641ebd6___RS_Early.B 8416.JPG,Potato___Early_blight,True,413,6c8850ff8635f717913791ce45a9593c46536fa2978dcf67334cd9c23b2085ba,aa00f01ecbfcef60,256,256,RGB,JPEG,18694,1
Potato___Early_blight/6c5385cd-d362-4810-b4e8-58ab768c706c___RS_Early.B 8323.JPG,Potato___Early_blight,True,414,644eb798d4e013d41a34e04d0577ee7c2ed9ff02e2906fbf5c9464102e115ebb,ea6ad047ce98c91b,256,256,RGB,JPEG,20459,3
Potato___Early_blight/6cd05602-f131-47a3-a7ef-f328a13e4f1e___RS_Early.B 7079.JPG,Potato___Early_blight,True,415,34e66f692191a6253a7b4661cd1bc94452403ccad04d174651c1b625777360d4,8b4afe25c025cb7a,256,256,RGB,JPEG,18596,0
Potato___Early_blight/6cd8e267-d5ae-4baa-a872-4c0fc5a37d67___RS_Early.B 8184.JPG,Potato___Early_blight,True,416,c14e43e33e13255314f2e78350692abe1e8129b982429e32cc3da0a1248dc84b,bea6a4c4b0c59a9e,256,256,RGB,JPEG,19599,2
Potato___Early_blight/6cec2d2b-7b6a-4044-9899-92d4f9332cd6___RS_Early.B 9131.JPG,Potato___Early_blight,True,417,c3bd7dd00fafd3ea83fd1cb78156b1511668c4a95a21d0cf5f1e3198321e3b26,ff2de0f1d30a0e41,256,256,RGB,JPEG,21299,4
Potato___Early_blight/6d1cebfa-ad84-484e-9f30-f8fffb289072___RS_Early.B 7703.JPG,Potato___Early_blight,True,418,032f7276f432604df40c1f0884d6aba764ecdb343583e4f7b61570cc1c15a03c,ba9cf0da80c9c7a5,256,256,RGB,JPEG,19148,0
Potato___Early_blight/6dfdd5be-0999-4a5c-a35d-c760043fec23___RS_Early.B 8701.JPG,Potato___Early_blight,True,419,b79b6414608f5acec7bb29a171131d2b682c925fb4a33f114fb00f48da410bda,8a3fadd0f500d70b,256,256,RGB,JPEG,19096,1
Potato___Early_blight/6edb7358-f41f-4fd2-8371-12700bdbc94c___RS_Early.B 6801.JPG,Potato___Early_blight,True,420,e3d1ce58edddbdb284b21825a2b316bf0088de5c31c2ebf88b2251de944ad745,be0be03e8f709a0b,256,256,RGB,JPEG,20889,3
Potato___Early_blight/6eebb348-cafa-4863-937c-3b249f71df0a___RS_Early.B 9230.JPG,Potato___Early_blight,True,421,e1a397df04aba6a6adf7427b6ff98e125cd258c2d3d9171ed328d13fd8b8cbd9,e6b88dc13f6038c7,256,256,RGB,JPEG,21728,0
Potato___Early_blight/6f37a2b1-e63c-4d82-aec2-9ff036473867___RS_Early.B 7585.JPG,Potato___Early_blight,True,422,1b0aca1107f1dbcd999c6259f0bf25da7b607b2e76687920c1712d6a5990d0dc,ee87b49ae2c8ad48,256,256,RGB,JPEG,20532,2
Potato___Early_blight/6f75cbf6-25c5-4b56-911d-c8a6ffa242d4___RS_Early.B 7914.JPG,Potato___Early_blight,True,423,e67124d6b19f741e3b7f8ad8a7807d2f2b138bcd6344ae80874c08ed1ffbdc46,8880de4bec6fe352,256,256,RGB,JPEG,21378,4
Potato___Early_blight/6f8dfa1b-8c6f-4be6-93ff-e9180dde7357___RS_Early.B 6914.JPG,Potato___Early_blight,True,424,8241ec1bf3a5830548abcdb0187a0352c469bef9c34f99bf7b9ae5d870ef753d,e8bc6990a5c7a46e,256,256,RGB,JPEG,20379,2
Potato___Early_blight/6fc04d72-747b-4a96-912a-db0bd967ece0___RS_Early.B 8002.JPG,Potato___Early_blight,True,425,49ac8e2e3ae638af07c8de7501c1b0ada8b479bb9cc90de05ceae3627925dcf3,eeb6a5d2948a42dc,256,256,RGB,JPEG,18978,3
Potato___Early_blight/6fcaba16-dfce-431a-b268-e0826a101553___RS_Early.B 6695.JPG,Potato___Early_blight,True,426,65057bbc27b23636edf89e0925ffbfe8f46cd47db94cb44987f8c8b8911a0d86,80e73fd0388378cf,256,256,RGB,JPEG,20409,1
Potato___Early_blight/6fdee580-fa84-4ea7-b54a-048919765284___RS_Early.B 8187.JPG,Potato___Early_blight,True,427,022afa2c169624b51c095e7ecf4e488987087d449acdc98b9ee9db61ef390b4b,b889fd1783788f41,256,256,RGB,JPEG,18264,4
Potato___Early_blight/70a2aa43-f50f-448b-bd98-9315f27cf456___RS_Early.B 7927.JPG,Potato___Early_blight,True,428,3b484b18435ddab9f33d73fdb5d19f8c98b1e0d6e39dc9a726db6906dabae913,ed9192cb93679834,256,256,RGB,JPEG,20883,0
Potato___Early_blight/70b89c8b-2850-4ec8-8da1-a4b9de5351c7___RS_Early.B 6889.JPG,Potato___Early_blight,True,429,47eb72c8bb3129206f0c4127f982f5f65ccd60d33ce212cb8b2581050c940c7d,ddf5e0c205ef8a0c,256,256,RGB,JPEG,21141,1
Potato___Early_blight/70da76f2-b067-40f0-82d2-16b2dec3e189___RS_Early.B 8358.JPG,Potato___Early_blight,True,430,f2e35cde9caf1611a79a479afba2bd5441c2bf20f7c1e0d2f006038fd8e4ec8c,dfabe0e5a1168554,256,256,RGB,JPEG,18702,2
Potato___Early_blight/719dcce1-73f0-42c8-9941-44eb2b237544___RS_Early.B 8059.JPG,Potato___Early_blight,True,431,e96b4b93e601586bd38f7900257c3e979bfeb6f87865f4d332a2fd2870452edd,ff27f05cc2708b41,256,256,RGB,JPEG,19563,3
Potato___Early_blight/71ab124e-93ba-4d4e-ae53-68ac12fcb858___RS_Early.B 8129.JPG,Potato___Early_blight,True,432,6b7f34145303295ffb60df7ab6f19710c434044f5a9d4ff4e48572f2565e8c05,88dcf7c082878f9e,256,256,RGB,JPEG,19101,4
Potato___Early_blight/72013507-bfce-4b7a-b56e-f66a94cb4558___RS_Early.B 7930.JPG,Potato___Early_blight,True,433,6451c27e48e3ce99763cb55c4d21ed91b5ae2175e35e192ad3951ff6375fd7a8,8aa5ff52e03c87c8,256,256,RGB,JPEG,21590,0
Potato___Early_blight/7227b3db-c212-4370-8b42-443eea1577aa___RS_Early.B 7306.JPG,Potato___Early_blight,True,434,0ba07138b710af97aee8d6170d3d3e9bfb27a774d834ece0a91102da83913720,d2d2958a3eb8b3c4,256,256,RGB,JPEG,18037,3
Potato___Early_blight/722bc78a-a1e0-481b-b5a3-cb3357f2f350___RS_Early.B 6803.JPG,Potato___Early_blight,True,435,1339b53dbb54feea4f9eab6d0d08d6f504f5888733133cae54815386229d0f68,f78bea7498c4b08a,256,256,RGB,JPEG,18913,1
Potato___Early_blight/7248171d-98a5-4bf0-9a8d-5c5a8820eba9___RS_Early.B 6680.JPG,Potato___Early_blight,True,436,1e0f74886b49d416082c0ae44bfb2d004978d7b0806875f56d02403e50b98018,8f356d43078f98f0,256,256,RGB,JPEG,18807,4
Potato___Early_blight/72c4221d-f82b-48fc-a91e-8aa46f5cb0cc___RS_Early.B 8399.JPG,Potato___Early_blight,True,437,c6c2ba9465a1470b9e63d0bf847e9e35905edaab89f24cc0ab65fbd26b8e3afb,aa00e51ec3bdcd78,256,256,RGB,JPEG,19300,0
Potato___Early_blight/72f7fa2c-974f-42af-99c3-fd4739d64050___RS_Early.B 8772.JPG,Potato___Early_blight,True,438,8906c836efd514c4ed3cbf425b725a8f13d692f97ff03372c3c11ef127b457d0,aa0dff1fc05a8178,256,256,RGB,JPEG,19118,2
Potato___Early_blight/72f9e596-8d1e-4ffd-923d-55645d6adca1___RS_Early.B 7704.JPG,Potato___Early_blight,True,439,9e08f454f51c8c3bad81584ead7893be0148c42afc42537c9e10f3eca9df5a66,83fadc80c98f84bd,256,256,RGB,JPEG,19093,1
Potato___Early_blight/73273541-2855-4516-92c3-658703bd2d18___RS_Early.B 6814.JPG,Potato___Early_blight,True,440,8678a35729cda92d4b98645ec41b77c6347b89c2b7d4217dff25006b4cdd9404,de0e29b4a691935b,256,256,RGB,JPEG,19236,2
Potato___Early_blight/737c2343-228f-4155-b984-13ae0da44745___RS_Early.B 6828.JPG,Potato___Early_blight,True,441,cfff12ee8285e58596d3cb037741f03d80acf9c2330d8120dc3cf922425e1eba,fa42c13f8c8fd434,256,256,RGB,JPEG,23343,3
Potato___Early_blight/73845010-b5b2-4604-8055-388c4222592a___RS_Early.B 6767.JPG,Potato___Early_blight,True,442,b2efef6f448e6e881fc5d602bd29d9b584c9e841f6366b87eecbf0ccad50221e,f89449856d4b95ce,256,256,RGB,JPEG,19671,3
Potato___Early_blight/73cf20a6-b2c4-4302-a664-c43dccb78cfb___RS_Early.B 6930.JPG,Potato___Early_blight,True,443,f75798285b1016ed9281819328647c969ba40b7ab92034d77b45c7ca9d065ef8,abf825c01dd83e59,256,256,RGB,JPEG,19766,4
Potato___Early_blight/73d47ccd-4f15-4d93-90d1-5c35dbedd91e___RS_Early.B 7567.JPG,Potato___Early_blight,True,444,7737bd8f343abfd220e6ee1ddf21bfb45f061186a25c59c4b9cf05ce7af62c77,ee94e053b469922f,256,256,RGB,JPEG,17426,0
Potato___Early_blight/74316ef6-7cce-4ed9-8fbf-9bf42d14657c___RS_Early.B 7352.JPG,Potato___Early_blight,True,445,0423d21d9effff702ac1aaa794dcfbc212562326692432fd97a8d816002b22e4,fe70e121874f1ee0,256,256,RGB,JPEG,18060,2
Potato___Early_blight/7456db33-766c-4a68-b924-ddf69d579981___RS_Early.B 6723.JPG,Potato___Early_blight,True,446,bdbe8f450409c374be466a032ee54ea8227ae961ddc05b8ccda4fda60b76a447,807676684adfdc98,256,256,RGB,JPEG,19655,1
Potato___Early_blight/7486e823-64f7-4e43-ab51-26261b077fc2___RS_Early.B 6785.JPG,Potato___Early_blight,True,447,c537cda8f0beb809885c18d4da43066491413a55add5f26ade107f15de7442dc,9888b5d74b29476e,256,256,RGB,JPEG,22231,4
Potato___Early_blight/74bedc99-e24e-43de-a17c-003822c8af41___RS_Early.B 8725.JPG,Potato___Early_blight,True,448,aab67b209256c7f9d6213d28d3dd5d612e635f8748414475db3c8f91984151eb,ffc0aa06e52b903d,256,256,RGB,JPEG,18959,0
Potato___Early_blight/757b3cbf-a694-4e76-939c-5a93d3c932ab___RS_Early.B 8169.JPG,Potato___Early_blight,True,449,e084b9fc58d9ed8033fdc59297b13599145bf57ac7df7ae88acde76559f50c67,aab2b523d0364bf1,256,256,RGB,JPEG,20984,2
Potato___Early_blight/7584a5b8-b701-4255-9dde-a60b6442cc37___RS_Early.B 9154.JPG,Potato___Early_blight,True,450,18929a35bf0095c64ed92f222028f0a4946c69bc421bc1c007e25ddfa10b8964,80fff5508703de0d,256,256,RGB,JPEG,19944,3
Potato___Early_blight/758b39d7-12bc-401f-b280-2c8435a02f43___RS_Early.B 6839.JPG,Potato___Early_blight,True,451,77c8e2845dcda3416d81ee0ae17eced0b2109e583f6475c74c26165877fe541f,ebb9a093c492c7ca,256,256,RGB,JPEG,21569,1
Potato___Early_blight/769b00f1-f5cf-4dee-a2c6-6e97414450f6___RS_Early.B 9149.JPG,Potato___Early_blight,True,452,7274b5d0d5854d935acb82b37ccc884a6d6b78ee0a09b9c05732a04063ca0c30,fe31a8e4a5a4154f,256,256,RGB,JPEG,21249,4
Potato___Early_blight/77725a5a-c0b8-4b7c-bc42-ac99f51428c1___RS_Early.B 7401.JPG,Potato___Early_blight,True,453,cfe69c6901e32353f130c6061c1e56ed4e8ca6d41a2b331a3b9d746e5261afb7,ee97d11f4cc28d50,256,256,RGB,JPEG,20004,0
Potato___Early_blight/7795f733-eeb0-4353-bdb8-b2f4d8d622d4___RS_Early.B 6960.JPG,Potato___Early_blight,True,454,3ae04b39876913f765cefc8858d6ce0538b456315b2a9570847b9c5f0ec97ffd,827df5c0d70f98b0,256,256,RGB,JPEG,18740,1
Potato___Early_blight/779e2b0a-0922-41bc-9393-da3750494671___RS_Early.B 8382.JPG,Potato___Early_blight,True,455,d0591c97a7c57f9fbdd36a9e46eadb89ecdc9206c85561670c678d02af2f27f6,bf46f06242634b6e,256,256,RGB,JPEG,18214,2
Potato___Early_blight/77b04047-8450-47d1-82f1-48f09f83387c___RS_Early.B 7042.JPG,Potato___Early_blight,True,456,20e209fd6c5a50f69b52f23dc218c1e67ec5f4b071637dd1a29a1dc58707ddf8,eaaca597c69a6498,256,256,RGB,JPEG,18191,3
Potato___Early_blight/77c86eac-945e-4942-8eab-1269373d645a___RS_Early.B 7755.JPG,Potato___Early_blight,True,457,1ca96308cacdb5d8d88a184ad338790270055431db559b4f85871730bcb1a3be,fac0a4c285dfd22d,256,256,RGB,JPEG,19055,4
Potato___Early_blight/78071f69-3d02-4576-bd46-28732dd528aa___RS_Early.B 9228.JPG,Potato___Early_blight,True,458,32e80eb166e05d74da3619127e19f51b8fc49ab10e72816cca8b2d5704072c12,ebf1b4873a42c10f,256,256,RGB,JPEG,22020,0
Potato___Early_blight/78313ae7-3589-4d23-a5b6-0457e500bd1a___RS_Early.B 6768.JPG,Potato___Early_blight,True,459,fdb1f36c42c89fd80e74e7cddae14714861446c0c03135d5b1caab88d89aa0ef,a276f6089bb49966,256,256,RGB,JPEG,20629,3
Potato___Early_blight/7855ccc3-28ac-4269-a8ce-618df8a27573___RS_Early.B 7834.JPG,Potato___Early_blight,True,460,e7ba7fdfcff415ff651a4cb54e97b6734f640b46c9c105753bc21dd9290c985e,d748a841a50fd5be,256,256,RGB,JPEG,20466,2
Potato___Early_blight/78ca2c95-f7b7-43b8-a91f-9ca12ac814e8___RS_Early.B 7137.JPG,Potato___Early_blight,True,461,8c4b73dd94b4a8a76d556bcffc266257182c5e7c04b7c9d12ee02622d57e039b,abc8b5cd34659986,256,256,RGB,JPEG,19444,1
Potato___Early_blight/7a04081f-dd48-4a84-b7c1-611a50ae7886___RS_Early.B 8019.JPG,Potato___Early_blight,True,462,6609e877616f1312f23bdbc3e386e4c668fb938e1dcc1005cc5895e4af824d1f,efe0e0cb958d1cd0,256,256,RGB,JPEG,20249,4
Potato___Early_blight/7a3630ed-a43c-4957-a604-1de05e8e7f32___RS_Early.B 6795.JPG,Potato___Early_blight,True,463,94f3d83839a4e2f64856b78bcfda888e8f8cb8c90addde4168c2b58f5593b03b,d629a99496d2db89,256,256,RGB,JPEG,20133,1
Potato___Early_blight/7a7ff9ee-1d6f-4ca8-a393-9c56ca74d7bb___RS_Early.B 8158.JPG,Potato___Early_blight,True,464,3e780a7851a0e77bb5dba7bad0d030c09697e3b53daf4f90f80264ac234222ee,fec2e8cb3c9ab081,256,256,RGB,JPEG,19190,0
Potato___Early_blight/7a84da2c-6c10-483f-9994-69aeedc21a57___RS_Early.B 7534.JPG,Potato___Early_blight,True,465,378087c81f909e27f98ad2db59d002f688d327f828a93cc3fb8c9cc649071fc4,e9cb36649b744c92,256,256,RGB,JPEG,19758,4
Potato___Early_blight/7a8f295d-dc08-4a25-ba7a-28995729b6b6___RS_Early.B 8243.JPG,Potato___Early_blight,True,466,8c4d7c5f068ec6bf7912ba6dd900e750a99307125ac033ea6605b2636c974b3a,fa4281cbde3c5836,256,256,RGB,JPEG,23165,2
Potato___Early_blight/7ace85c1-a488-4df2-8162-b73c17032099___RS_Early.B 7541.JPG,Potato___Early_blight,True,467,0c94e5c294e083d099c36167ffff9b7cf5e2cee2a1f9acc86744a508c98b4ef1,ff2fa1309e521b09,256,256,RGB,JPEG,18124,3
Potato___Early_blight/7b95c3ad-d550-4cc8-96e0-549ec04c7dea___RS_Early.B 7342.JPG,Potato___Early_blight,True,468,927991cc621d37fa6ca41be9c9acd747222cb8d96be64841b6fca5f5258fe0c0,ab9461c7369af2c8,256,256,RGB,JPEG,16874,0
Potato___Early_blight/7ba072ea-9bb3-4b5e-8fff-82758ff3f722___RS_Early.B 8262.JPG,Potato___Early_blight,True,469,3d2dc6cfdc2aa58dfeb4f6483e00944d36560b3c52d7266600d29f76be74e846,ef70b0cb850dd49c,256,256,RGB,JPEG,20504,1
Potato___Early_blight/7c0e4eed-d8e2-410f-a7bf-9f5a1c4a566d___RS_Early.B 8042.JPG,Potato___Early_blight,True,470,358715a7db0dbc573193fb376a00048de03b88786d27d01e92c29f5010517019,aa7ac1019f3ec8d3,256,256,RGB,JPEG,21349,2
Potato___Early_blight/7c9b2deb-6f9f-4671-bdcd-56481d8f0a35___RS_Early.B 8608.JPG,Potato___Early_blight,True,471,3b71311261bb5f1a2f270ca0a8dc88223e022a5ac3e9ad22f609efc5ae07778b,d7d2ea01ad1eb438,256,256,RGB,JPEG,18099,3
Potato___Early_blight/7cc0cb45-7fae-4d55-8dce-aa5e4484b7d9___RS_Early.B 7088.JPG,Potato___Early_blight,True,472,81b8ece01a300030268b07c2869a41b4a52f9eca192bfbdba8569cf4a2c33a8d,80453f07697fe03e,256,256,RGB,JPEG,16662,2
Potato___Early_blight/7d056cd3-76d1-49f5-8491-a25e4fc4f852___RS_Early.B 8414.JPG,Potato___Early_blight,True,473,1c7e858cec90a7f759313ce5c9e5a6b90a06842190f10740712b86bad7d093ec,aee0b5869e0bd82d,256,256,RGB,JPEG,16325,4
Potato___Early_blight/7d90df0a-da17-4641-9006-75aa7de6ed5e___RS_Early.B 8702.JPG,Potato___Early_blight,True,474,5f74f68d2393e67363d0091e110729aa1c5c233ecd72040d9941642208603e54,a0a1b7d6f84ac52d,256,256,RGB,JPEG,22987,0
Potato___Early_blight/7d92aa59-82fc-4c93-9d0e-728c0a944055___RS_Early.B 6965.JPG,Potato___Early_blight,True,475,3d89beb48899d710c85d4919501beca7eac09561e4889f0cf6ebff471eacdac0,abf0a58b9699b225,256,256,RGB,JPEG,20256,1
Potato___Early_blight/7dc2fac8-c581-4b69-9f54-dbe7d838956c___RS_Early.B 6677.JPG,Potato___Early_blight,True,476,2574d7a0498e7b2c0953104fb146d9ada4fa88e6cf4eae80f4d9a92a621ace46,dab425c235cf968c,256,256,RGB,JPEG,18990,3
Potato___Early_blight/7ea05f87-83d3-405e-84ee-f637426f4bab___RS_Early.B 6715.JPG,Potato___Early_blight,True,477,d5ad0170bfd1342b0702b404def6d95d94acfcd5ec51b0e3b9112ad8b7fccd6f,c2173d7a9039dae1,256,256,RGB,JPEG,20815,4
Potato___Early_blight/7f0c3ad4-67f7-4a6e-81da-5cdbe1c5ff8b___RS_Early.B 8453.JPG,Potato___Early_blight,True,478,371f1a0137927debec305dfa76e376cb75314e4e92fc13c58d1535c0e02e8343,aac6b58cd2789a99,256,256,RGB,JPEG,18143,2
Potato___Early_blight/7fb3dc5c-f90b-46fe-8eb6-2d21038976ff___RS_Early.B 7256.JPG,Potato___Early_blight,True,479,cb69ec3b88b9c1105761baa41db3991f77264866988c9d2a190d569e46ac190a,af955c36c178c760,256,256,RGB,JPEG,18699,0
Potato___Early_blight/8002c1e4-0066-4764-9ed5-52d8334cd5c6___RS_Early.B 7855.JPG,Potato___Early_blight,True,480,12b638ae19a29d9fb724145c13c6248f533f3bd543d55c4e523c2906c7c104fc,a2e8bf29d4a582b6,256,256,RGB,JPEG,22413,1
Potato___Early_blight/8081f3a1-d992-43bf-afa4-402ed06a83b1___RS_Early.B 6860.JPG,Potato___Early_blight,True,481,5c670e9ab0a527e2fa665d91ad40fda665fb3d3be91c4e169d79b36618639d30,8a4af5a09227cf3e,256,256,RGB,JPEG,22718,3
Potato___Early_blight/811eba3a-112e-43dd-8b22-57f3cde4c504___RS_Early.B 7983.JPG,Potato___Early_blight,True,482,b9e5995641b0ed54b043328e918fba8c6821fc363fdbb27c486ad8be9f2db18c,f70faa3d84349662,256,256,RGB,JPEG,20579,4
Potato___Early_blight/81bc4d94-be1f-4127-8203-da3ae29aa3d5___RS_Early.B 7305.JPG,Potato___Early_blight,True,483,314aac607d408aa7eefc455f4a70967dbfade287ab88baffc8fef1947ba4543c,fcaaa095865aca5b,256,256,RGB,JPEG,20183,0
Potato___Early_blight/82048f32-5a2c-491c-8771-109a1024fd5a___RS_Early.B 8199.JPG,Potato___Early_blight,True,484,c088c093b5937611f48066fa1b2308c92a7bd537af8afdd13600e1ccf1dcce3a,f70eaa35c95496a2,256,256,RGB,JPEG,21378,1
Potato___Early_blight/82611670-959a-401b-8ed0-4b4fdad5679e___RS_Early.B 8003.JPG,Potato___Early_blight,True,485,1cb1b13a76b869fdc902bda99c00b6cf5ad784593ed80dd3114c86580ce8006f,bfb9f19ce29281c0,256,256,RGB,JPEG,22194,2
Potato___Early_blight/82654962-5b0d-44ed-9ca4-84be55ba23a6___RS_Early.B 6877.JPG,Potato___Early_blight,True,486,72dc58ac9f935e1861a692aad209cabc0bc974edab54f19e0f4c5104210de3f3,dfc0aa0fa838b527,256,256,RGB,JPEG,21825,4
Potato___Early_blight/82927769-4d4a-4f19-a806-a02f435ad17d___RS_Early.B 7886.JPG,Potato___Early_blight,True,487,948dcf1a73edd5f32439a8aa2793578356df672a20014aa0c8703e00305d362f,aae3fd8fc015c20e,256,256,RGB,JPEG,22502,3
Potato___Early_blight/82a783e4-ba41-42af-96a8-ebc67abe905d___RS_Early.B 7439.JPG,Potato___Early_blight,True,488,eb7ba9e47b86c9570b144bf51509773f4a6876a4470eef9aa95e14955fca9894,fbc4a94a94a9523d,256,256,RGB,JPEG,18532,2
Potato___Early_blight/82cdc0bb-ac22-429d-ad70-2ec0d771dd39___RS_Early.B 7405.JPG,Potato___Early_blight,True,489,bbe595e69b2defd755b335c6c86997df8c471217d72f7de2a6bcee92e52c2c1f,d755e00f9e04db32,256,256,RGB,JPEG,20686,0
Potato___Early_blight/833c373e-d3fc-4d1e-86e7-8bd11d41a33e___RS_Early.B 7509.JPG,Potato___Early_blight,True,490,b500238e5eff4d88104b4b7fffb540ae343bd722d7537efb1f24de4a5976fb69,efc0ea9b219225cb,256,256,RGB,JPEG,19669,1
Potato___Early_blight/835e6cde-b1e2-48e6-b616-e0a4ca05b127___RS_Early.B 7143.JPG,Potato___Early_blight,True,491,622cea2ad759656b99b326d6345856cdaec8e21d1e6151778437186e6e4b3201,d5a5eaa5815695d2,256,256,RGB,JPEG,19237,3
Potato___Early_blight/838c8a0a-d112-4940-9a5d-221b4e9cc4c8___RS_Early.B 6967.JPG,Potato___Early_blight,True,492,d632554582dec22cdc520c5e6519ef0d47bdb73ab2c8e38090829523859ff1c2,884dbd60d624dbd6,256,256,RGB,JPEG,20900,4
Potato___Early_blight/839a8aeb-9bcc-4fd9-b196-639d6f681426___RS_Early.B 7068.JPG,Potato___Early_blight,True,493,3ee1514315616d2ceb846c2415c41a2ba75499c929b5131cab964a72bc6d6977,f7a2e245854edcc8,256,256,RGB,JPEG,20892,0
Potato___Early_blight/83b7d891-0fe8-47b8-b6e1-693493a2988a___RS_Early.B 8707.JPG,Potato___Early_blight,True,494,fdca452b4465bc93d6ff3da1d5fd87981a0ab2f52901772c7738ff5ebc1f05b6,df2abaa5c456825a,256,256,RGB,JPEG,19212,2
Potato___Early_blight/83e334ee-bd8c-4aa5-bb8e-bc64d99bd5e2___RS_Early.B 7329.JPG,Potato___Early_blight,True,495,b29c85d3427e8d7b928416beba119cba73b13ed29f101ce70b6c41457ae0d357,a685f69bc9709c62,256,256,RGB,JPEG,18951,1
Potato___Early_blight/83f244c6-e33e-4fbb-a9ef-3996cd25a547___RS_Early.B 8700.JPG,Potato___Early_blight,True,496,7861f1307ad94d1fe2e1c27dc9aeef5fec0b05a4042cd4e7cacc0a5dfce75fd9,8a56bde8f0a582a7,256,256,RGB,JPEG,20328,0
Potato___Early_blight/8435fd63-0136-44f9-8dd4-6ca27bcddd97___RS_Early.B 7017.JPG,Potato___Early_blight,True,497,8934856fecedcb9060662e5f1463feee3b99b0cc13e3bb620c4d81ba2692da0d,ac2dfd6092878b9a,256,256,RGB,JPEG,19524,3
Potato___Early_blight/84546db4-ea7c-4357-bf3d-6afcae9a05bf___RS_Early.B 7637.JPG,Potato___Early_blight,True,498,9a47c1e9dbdc619fb27dc7589a6f5f00649407dc48661c32f062f7dc7cbd2783,bae1ac16c13e9b38,256,256,RGB,JPEG,22549,4
Potato___Early_blight/848336c4-eaad-47e7-8458-5e80d5520d05___RS_Early.B 7729.JPG,Potato___Early_blight,True,499,18283ac05feb42c27b487cdaae30882dd3a84c3c0ec24c08d821dbcc4c9d79c4,efc8806bd2b48db8,256,256,RGB,JPEG,19394,1
Potato___Early_blight/8493b49f-1b73-4d5c-b6f9-ae9a41091643___RS_Early.B 6720.JPG,Potato___Early_blight,True,500,45df715c4c68141fcbfa6678fc47397be4b99a164e0ae7e41c85bbbd77d500f9,d28e79c6691aa55a,256,256,RGB,JPEG,19465,2
Potato___Early_blight/849daa7e-b5ea-4445-93f9-b21d43c1bd44___RS_Early.B 7193.JPG,Potato___Early_blight,True,501,2eb89d84221f488b8ae35da0068a21cb0f8f49bef64b7fa9fb43fda2ed32f31c,de56e8c0858d9eac,256,256,RGB,JPEG,20652,4
Potato___Early_blight/84a61cf3-fdc2-42bd-82d8-8dcf20e9d374___RS_Early.B 8130.JPG,Potato___Early_blight,True,502,c56ccfa47685bca6e6b5e670c7fb35882cd3728770527dae2ad8ab0d5680e590,80fffde845059585,256,256,RGB,JPEG,18176,3
Potato___Early_blight/853f6d7a-836c-4829-ba2c-2eeada2089cc___RS_Early.B 7208.JPG,Potato___Early_blight,True,503,342fbd6d94c6709e2dc4e4c65905b7ffbf7139b577e6c3caa0083568a285903c,d5f1aac2bc0bd01b,256,256,RGB,JPEG,20902,0
Potato___Early_blight/85531704-18a5-4f98-8c1d-25709ecf77f8___RS_Early.B 8214.JPG,Potato___Early_blight,True,504,96ead71bb35599924e3aa84a1fdb8bf0139678006dd8ded57708aae6b9b8e889,aa72f461c2264f6e,256,256,RGB,JPEG,19135,2
Potato___Early_blight/85626b40-beca-4bc0-90ed-fc6090c6b18e___RS_Early.B 8598.JPG,Potato___Early_blight,True,505,5d5c9fa13f61f6242e8d9c835a2f5f2ceadca6d766494b36e31270d695c1b388,bb4af061cb47cc4a,256,256,RGB,JPEG,19946,1
Potato___Early_blight/85a38441-6df7-4401-9905-fba74ebfa717___RS_Early.B 8230.JPG,Potato___Early_blight,True,506,d237d468c2d76bd034f8b7799e71453b6eef379bd80189257ff949d6a199f45a,bf99b0dab098c7c0,256,256,RGB,JPEG,19270,3
Potato___Early_blight/85a9856f-d5ae-4740-a038-517489a25ff5___RS_Early.B 8635.JPG,Potato___Early_blight,True,507,d9d1757935efd6d20e7f79005d81f3c0acb455f364595a19fd0dd59559dfc418,efb7b8d90542c08b,256,256,RGB,JPEG,18333,4
Potato___Early_blight/8636092c-9357-4b4c-9d2d-c45c3dcf9253___RS_Early.B 7981.JPG,Potato___Early_blight,True,508,106a822934a124892f389261e94115192d9dde1d83753dc46de09147f9e74ce2,ff40e00fd417d23c,256,256,RGB,JPEG,21565,0
Potato___Early_blight/86562214-f8b9-4105-9513-4847520aff9a___RS_Early.B 7515.JPG,Potato___Early_blight,True,509,b68cf3e25d18b525c0e3b7acf5b1f28992f7d94ea49d50de146d6bd819b7badf,e721781cd0da8fc3,256,256,RGB,JPEG,21498,1
Potato___Early_blight/86a65e8c-c7cf-45f7-8619-422eb6f1a40d___RS_Early.B 7745.JPG,Potato___Early_blight,True,510,41b6b238f57ffb4d15fcde97910d7b7e9a398d5b6b0c351bfbc357c0f8a5c041,aa7aed48d0059bb6,256,256,RGB,JPEG,21301,2
Potato___Early_blight/86e98583-f506-4cb7-ba11-eea466662ec7___RS_Early.B 7335.JPG,Potato___Early_blight,True,511,3ea4684d2b3f40631244c6dc79812e47109c399068b3828ba28afa5427a56500,aaf0a58dd4ca925b,256,256,RGB,JPEG,18409,3
Potato___Early_blight/8784362f-5fc6-4ad9-b11d-d06b272cefb5___RS_Early.B 6907.JPG,Potato___Early_blight,True,512,9ac207f947400eee47b701624a75c09230906fcb4da50066cf29a3d980f9e517,825fbfa2bc25c903,256,256,RGB,JPEG,21458,4
Potato___Early_blight/879d0dfe-d17d-486a-992c-d80089133c50___RS_Early.B 7428.JPG,Potato___Early_blight,True,513,934eda70bfadffb6f40739275d788477368e735c2ddf1cf0ba9263a8021557f2,ae87b09fc3d8e4c0,256,256,RGB,JPEG,17623,2
Potato___Early_blight/87c0254c-c987-4c54-adda-45c5e7346170___RS_Early.B 8848.JPG,Potato___Early_blight,True,514,87a442d7e52fb739bd82d7ad2f2fcdade8bae95af9c99cceb2fcd6ab62d53ff4,fdd0e01ba7609761,256,256,RGB,JPEG,20014,0
Potato___Early_blight/887347a3-ee1c-4141-a423-ffe050dd246e___RS_Early.B 7851.JPG,Potato___Early_blight,True,515,cbb464c4fd068ac6d99fc8c82a23277a33823517d10e8c04a58fb4ca5901cf54,ea5ba5b8d2818397,256,256,RGB,JPEG,20217,1
Potato___Early_blight/88c63d75-4423-4233-9097-728af8a52033___RS_Early.B 6862.JPG,Potato___Early_blight,True,516,151a13550793903e7d9a1ffd5b17af185a2ec07ad36f7475a949f4dccf1fb93f,ef50644ad26f4a3c,256,256,RGB,JPEG,23452,3
Potato___Early_blight/88e29276-8c4f-4d15-b3d4-d1db0a05cac1___RS_Early.B 6973.JPG,Potato___Early_blight,True,517,d28beaff060cc1786e7578049c6f9af9f766126312819fedf6e179f3e132c6f4,bba6613407f9b213,256,256,RGB,JPEG,20811,4
Potato___Early_blight/89273b26-09d5-4bf7-a6a5-22c47a613b93___RS_Early.B 7383.JPG,Potato___Early_blight,True,518,523d595f3139c1a5834ace2d021346f290cb7c40ac0869ae559a57a920b87178,f742ea8a8dad9035,256,256,RGB,JPEG,21733,0
Potato___Early_blight/8994b76b-6e1e-42d3-b07c-99abca3fa35b___RS_Early.B 7762.JPG,Potato___Early_blight,True,519,addd6c072ae4cc93f7b0c17951983b01150c2ec53d73b8c15d176cd537106406,ef70aaa2957f9014,256,256,RGB,JPEG,20509,2
Potato___Early_blight/89b2e456-737b-4020-b788-c3f6a4927e69___RS_Early.B 7371.JPG,Potato___Early_blight,True,520,43099542f97bada4cc60633672a615f32f92061916d679b09bed066923159778,8fe87087c38f853c,256,256,RGB,JPEG,19897,0
Potato___Early_blight/89d4dba2-3d9c-46fe-bac3-6be833b01351___RS_Early.B 6749.JPG,Potato___Early_blight,True,521,dc37d132faf96f38f40b6aeef03ed7fbd950c6076dbd755868c66bb4721dc03d,d754680f712ed839,256,256,RGB,JPEG,22848,1
Potato___Early_blight/8a9f0340-d5d1-479b-9dc5-d8df11685951___RS_Early.B 7024.JPG,Potato___Early_blight,True,522,4830b78e56daa2e07387f91bbaefe95c2361ed81e32ca5e532f0f7a7307d29ea,aa5afda09126cd9a,256,256,RGB,JPEG,20417,3
Potato___Early_blight/8ace7694-6cdd-495e-a987-f9c0ee82bcab___RS_Early.B 9016.JPG,Potato___Early_blight,True,523,e29e36208416938e49f24140a30dd8c14bce686b773f16a03b2fb7ebb0914127,8289301eaf399f37,256,256,RGB,JPEG,20596,4
Potato___Early_blight/8b20db6d-9c57-46d7-b40d-c6a809b49e07___RS_Early.B 9127.JPG,Potato___Early_blight,True,524,24247badce79e766c2475f15d284e35d9a6216e2af3ab51511c09cb9b555ad89,820fbf50f02370f7,256,256,RGB,JPEG,20553,2
Potato___Early_blight/8b5e48c6-7fac-4c87-bae4-6dd4ca5d110d___RS_Early.B 8905.JPG,Potato___Early_blight,True,525,73f215ef51763b6dbb6d954c0c27cdbf5296ca009ac2f59a0d8d1bcb10ab1836,a7e4669625d298da,256,256,RGB,JPEG,21047,0
Potato___Early_blight/8bcbd0ab-e530-4b6c-83a2-e0c649abbdaf___RS_Early.B 6676.JPG,Potato___Early_blight,True,526,d11886f61904441ddf112e7ccdfa91c53838408f57ea7797b88c409335af89e0,f5e0ead2859a34b1,256,256,RGB,JPEG,20774,1
Potato___Early_blight/8be5bc25-febc-4bde-bd2b-01a54d3c6e3c___RS_Early.B 8760.JPG,Potato___Early_blight,True,527,6d62bfc944856c7a1f7a12c483c227987c26fcd97a429f1b6d50466b15bbcc74,ff2fb550cac38940,256,256,RGB,JPEG,17428,0
Potato___Early_blight/8c01f338-2648-4bcf-99cb-853978b39014___RS_Early.B 6742.JPG,Potato___Early_blight,True,528,7acf806e325d763d831eb7daad7957855730db635e73b86c1b6cc2148f0fb6a2,d555c21eb5285a75,256,256,RGB,JPEG,23580,3
Potato___Early_blight/8c1f94fb-d8e0-4607-a967-b71408dfd1ab___RS_Early.B 8723.JPG,Potato___Early_blight,True,529,b052cbc6e41cf87aa1143023975ae0f290f6c5d394b9290c9dada30330315770,ef58f065c866c91a,256,256,RGB,JPEG,15314,4
Potato___Early_blight/8c3d0f9e-3a77-4ec2-a9ad-d996caa2c562___RS_Early.B 6887.JPG,Potato___Early_blight,True,530,14495b9fddf940fc376f30d249074c561db4d2a4b14e765419ff5f1c6ee4f4e5,887d3f94fc0ad01b,256,256,RGB,JPEG,22399,2
Potato___Early_blight/8ce2ee77-109f-4a08-bee9-2877c2201056___RS_Early.B 6834.JPG,Potato___Early_blight,True,531,075f941e91c1666f4d9b0610dbd92ff87ab568aa6b8c28fb5e6bfca7fc8369ca,8b07bf7fd06800b5,256,256,RGB,JPEG,23190,1
Potato___Early_blight/8d015dcf-e4da-41b7-9d81-8d160000accf___RS_Early.B 7264.JPG,Potato___Early_blight,True,532,496b0dfdf02a03f7f62558f0ddd74b18669982101f13fa6139ac8209d08e01ed,eae464bbc6319cc2,256,256,RGB,JPEG,17434,3
Potato___Early_blight/8d8382dc-c4aa-4118-8aae-d0c372dce562___RS_Early.B 7336.JPG,Potato___Early_blight,True,533,25def373bb06a4f62001a6aac73d52b4c7a74f0e988ad32eb32df4fa7b7e62b1,aa87b59ec0ccc56c,256,256,RGB,JPEG,18312,4
Potato___Early_blight/8da2d8a3-159e-48eb-9ae6-fd82bdb22d5d___RS_Early.B 6923.JPG,Potato___Early_blight,True,534,0b6da9e538d82b4a7efdeadfae7a745eb8efd7d61ee5af516ea2cffff923705d,abe027b036d27c8b,256,256,RGB,JPEG,20348,0
Potato___Early_blight/8df7a062-73d6-468e-8354-baa641dd69b3___RS_Early.B 7072.JPG,Potato___Early_blight,True,535,da5c87e8ddf769a82c50c7327f3122572322ef7c203bbda7bc96dba33fbdc755,82353bd2f44e826f,256,256,RGB,JPEG,20459,1
Potato___Early_blight/8e05b766-d0a9-4621-9bb4-d16bef411dda___RS_Early.B 7238.JPG,Potato___Early_blight,True,536,0c71f41c990c2e2a94cd53d509173a997789fe44f237f585a3f9b2587fe91292,fb2f2534921a9b89,256,256,RGB,JPEG,18425,2
Potato___Early_blight/8e384f1d-1a56-4fcc-8e06-a65ee86270a8___RS_Early.B 7278.JPG,Potato___Early_blight,True,537,71878f360fce9c20bafd7322108aea46932c3bd03d8aac3e97b66eb241ee3e2c,ae93a59247da861e,256,256,RGB,JPEG,19332,0
Potato___Early_blight/8e8ec280-1469-4286-ac93-0d88f393d21c___RS_Early.B 7891.JPG,Potato___Early_blight,True,538,8dea379893fb22a799cfe948c63a47c6310ede6882f9364165b7754b44743fdd,f732a89d954096cb,256,256,RGB,JPEG,22165,2
Potato___Early_blight/8e99bd85-9c90-4d29-ba2c-2110f46cef07___RS_Early.B 8570.JPG,Potato___Early_blight,True,539,41b5c02d9085d5ced2baf96ba4fb4848353fe0de8011e4180c353f18f14eada9,aae2a5ed95a5c81c,256,256,RGB,JPEG,18726,3
Potato___Early_blight/8ee79bf1-78d0-4c93-b42c-301d54e64f41___RS_Early.B 8388.JPG,Potato___Early_blight,True,540,5cc91b338a250438d8cf4673cf483e1ecab0493ed3e38f2e05712cf84811eaa1,be87e43d86601acb,256,256,RGB,JPEG,18437,4
Potato___Early_blight/8f0e2872-e5c6-43b2-97f9-269da00cd400___RS_Early.B 8089.JPG,Potato___Early_blight,True,541,e94a3898f1de044f31ac51d7b3997b9fd13dbae327dd31e777ba4df31ef905e5,ead8b5c22dc99a8c,256,256,RGB,JPEG,20587,4
Potato___Early_blight/8f0e6484-7d27-4ee1-849a-316c6195b139___RS_Early.B 6840.JPG,Potato___Early_blight,True,542,d754d23ed41604052f656c361c5d2e4586d42a0f4577a005117539a3007dd48b,aa5ab521cbcf981c,256,256,RGB,JPEG,23201,1
Potato___Early_blight/8f3f9eed-1a3d-4f0f-adcc-0fe3a832d95f___RS_Early.B 8518.JPG,Potato___Early_blight,True,543,1171b11e330855ff7c89aeec1dd20314599bfdc37998ff378848e5af5813de55,aa688d9a96b5b835,256,256,RGB,JPEG,17147,3
Potato___Early_blight/8f6d9148-ae73-42cc-be78-baca869d1543___RS_Early.B 6805.JPG,Potato___Early_blight,True,544,86320c050fca0ffc001ddcf398ba1f482f7397ca886b60f7eaf256115890a3b4,afe06496f21a835b,256,256,RGB,JPEG,21052,0
Potato___Early_blight/8f78af6a-aec1-4e63-a27b-bada4a56d636___RS_Early.B 7643.JPG,Potato___Early_blight,True,545,e5eb140697fe7cb5ace196c4e078c57fbeacb11a21f84e18b31cfb3f9a267cc2,ecbfa1c086c79e0c,256,256,RGB,JPEG,20788,1
Potato___Early_blight/8f9aef15-0a7e-4b1f-883f-30b8cbc72fe4___RS_Early.B 7898.JPG,Potato___Early_blight,True,546,9accb52200a61bdbf5e89cd21c5a5f598cab0219846e5abdc4ca92481ae8f054,ebd2918a96199a3d,256,256,RGB,JPEG,20272,2
Potato___Early_blight/8fcea4b7-97df-428e-a0ac-635108307e88___RS_Early.B 9229.JPG,Potato___Early_blight,True,547,0cce0f63ef123f1da0b4e44b45f5fffbae820e2d67d1e2b532ef5222a7767901,aacab181db377826,256,256,RGB,JPEG,20157,2
Potato___Early_blight/8ff3274d-02b2-4859-9415-982aa4ec7d8c___RS_Early.B 7465.JPG,Potato___Early_blight,True,548,38fb10d0c6a3c26fb5a00de4e960c4d91f2dd8d1e753698630220704e807f0c1,edb1e8e82543948f,256,256,RGB,JPEG,22898,3
Potato___Early_blight/900514b4-8768-4370-bc53-998e390644db___RS_Early.B 7788.JPG,Potato___Early_blight,True,549,6c6d91fba5d14ab461b77846e2f5278e1fab54e776bb4928baf5461a4500b74b,aa4afda5c4854d9a,256,256,RGB,JPEG,22234,4
Potato___Early_blight/902d81fd-7e78-44b6-b71b-efa61e018c65___RS_Early.B 8100.JPG,Potato___Early_blight,True,550,17427a05bb5b7c6cf7f7dfbdaef355b44755252bf25c85dc1ac2e524aa061892,f52aa2b59652da4a,256,256,RGB,JPEG,18444,0
Potato___Early_blight/904770c5-2c05-43a1-a4d7-bccb5eafe1b7___RS_Early.B 7129.JPG,Potato___Early_blight,True,551,0d9010a0df3217b27ff74aaa0def8f2245aa0fd7348c756b509714eb3c65c0cf,eec2a58d24cd33e4,256,256,RGB,JPEG,20068,1
Potato___Early_blight/904dba96-8ff1-45e2-af16-9c9cc5865c32___RS_Early.B 7349.JPG,Potato___Early_blight,True,552,45310eb9043e24f6ddba26e0c5fa94a5ef8d403df12747068abf048cc886bacd,bbdaa4a986c5918e,256,256,RGB,JPEG,18056,2
Potato___Early_blight/906218cf-65e8-4713-841f-01707a9dd20c___RS_Early.B 7270.JPG,Potato___Early_blight,True,553,065fd9defd6eb749b094b6606e0577b52a39cbdd24cb3a06db3fc3a31437caa6,ead2144f9ea56d90,256,256,RGB,JPEG,19149,3
Potato___Early_blight/906bb6f0-e61b-42f2-83a9-22593dadcedc___RS_Early.B 8564.JPG,Potato___Early_blight,True,554,7498c099690fea0112862a05668a709613a1ee906dd2a8931011411f75eac0f4,ba85c05acb659e63,256,256,RGB,JPEG,19176,4
Potato___Early_blight/907f26c5-5996-41b3-877b-7de6122699a9___RS_Early.B 7758.JPG,Potato___Early_blight,True,555,a693132ba2eb6ac632d601b1143c7943bf2713ea3086422a2448d62d60b94aa8,ae87e5de87014ce1,256,256,RGB,JPEG,20172,0
Potato___Early_blight/90d47c2a-c84e-498c-b30d-f368e75611a7___RS_Early.B 7778.JPG,Potato___Early_blight,True,556,b387839b450e9fb8a7fcecd12ea06f5274d9e56895c4402ea8c90ddd4b9a8fc2,be9ee0b08092cfe3,256,256,RGB,JPEG,21497,1
Potato___Early_blight/90efe2c3-3e9b-4c76-9ab9-b74b2b2ecf36___RS_Early.B 7582.JPG,Potato___Early_blight,True,557,43e469b58d4d3e751f355d0142f8b3e2f2f53f7173828918add95b2ecd5ee2c9,d231290fe5d297d2,256,256,RGB,JPEG,19398,2
Potato___Early_blight/91008080-0b15-41f0-ab72-5b6a3582239d___RS_Early.B 6954.JPG,Potato___Early_blight,True,558,ee4059816027c43017f823cd567980741c02fd51b8b86583df9d54b2749a1d11,b873c7e802979fa0,256,256,RGB,JPEG,20763,3
Potato___Early_blight/911b9166-40ba-4dc8-974e-c916e6866142___RS_Early.B 9089.JPG,Potato___Early_blight,True,559,870552c68fa8b81936243841dfc717799cb1b1c2efde1ed05bc772a07322530e,eee4a9811ddb904b,256,256,RGB,JPEG,21181,4
Potato___Early_blight/9125d133-5b86-4363-8fbe-79c813ac8795___RS_Early.B 6748.JPG,Potato___Early_blight,True,560,fb7815fbfffa97c8f3064262514735a301d69d1f6ccf3e07144a82a347799a47,ae193e70b067c3a6,256,256,RGB,JPEG,22783,0
Potato___Early_blight/9141a8b4-6144-446d-b71d-925bcd432840___RS_Early.B 8648.JPG,Potato___Early_blight,True,561,17f501b81fd69452bdfe7fb97cdce76ec4570cd1cdf066253a3f30ef88658c5f,bbb0a5904a9b8d1f,256,256,RGB,JPEG,17922,3
Potato___Early_blight/91721448-8786-49f6-a66d-d410fe714676___RS_Early.B 7725.JPG,Potato___Early_blight,True,562,b6eb48d2bc0a633a1d395603291a7ac15107c6b5d08abe93259e864541241ae7,a284f4fbd96cc550,256,256,RGB,JPEG,18469,4
Potato___Early_blight/91a21acf-c95a-4ffc-90f2-8c64456f4032___RS_Early.B 7139.JPG,Potato___Early_blight,True,563,97ba1fac8a3fb1a257367e4f83ffe8d6a657239894af2f1831b20dcefc999321,ab5ab760c802cd9f,256,256,RGB,JPEG,19959,1
Potato___Early_blight/91d11576-f040-43ab-8e08-e7ef4926707a___RS_Early.B 8054.JPG,Potato___Early_blight,True,564,69b559360d98c052d04aef5ce7495286e3871c41bbf3881b27e91dfbda5215a0,aaa5ff92e80dc03c,256,256,RGB,JPEG,17521,0
Potato___Early_blight/92757a8e-b68a-45b3-9d70-0281c8ea90ca___RS_Early.B 7199.JPG,Potato___Early_blight,True,565,0b90c0d2019eb59f82c26722485605712c9cc5f20338149d4409843e66416345,fa64a507e54ec61c,256,256,RGB,JPEG,19526,1
Potato___Early_blight/92a30efc-6b2f-4e17-8688-e477e5d39bd9___RS_Early.B 7343.JPG,Potato___Early_blight,True,566,27f47f3134fd49ff1f5e41371f4edd6aed74971bf27946db3f0d27483aa2e730,ba9fe5b01c438d62,256,256,RGB,JPEG,18809,2
Potato___Early_blight/93701beb-c734-41ea-a5ef-9e5ca4728dfc___RS_Early.B 6885.JPG,Potato___Early_blight,True,567,da3faf5c26c833fa7f145725521acc74ef0d6d4d8b46aef74d9abfce94cfbf7c,bfe12ac17097e01b,256,256,RGB,JPEG,21482,3
Potato___Early_blight/93992994-fcb0-4d3e-b528-e6fd9fd1b317___RS_Early.B 6686.JPG,Potato___Early_blight,True,568,60c8a20b6ddd281df4e4032a0ae15c39de69a6e9dd3ed553ac1c7b39a99a0870,899c64ca3a87b33e,256,256,RGB,JPEG,21935,4
Potato___Early_blight/93c3dfcc-de7c-4ae9-9d18-4042f53e3d1f___RS_Early.B 7872.JPG,Potato___Early_blight,True,569,c8d34559f1a4d9d51311b08507f7b7914176f8505bb485dd20ec282108e23dba,efc9b0a385878a74,256,256,RGB,JPEG,20848,0
Potato___Early_blight/93c6b48d-cde9-4e8b-bbfb-1a9c06234419___RS_Early.B 7000.JPG,Potato___Early_blight,True,570,fcce005b2b3bc6b5135a412fd9018674933a7e0fdbca692a4d209f4c3841e49f,bfc2a48f948d92cc,256,256,RGB,JPEG,19770,1
Potato___Early_blight/93eaec77-3e91-415a-a029-c054a42c18aa___RS_Early.B 8296.JPG,Potato___Early_blight,True,571,f444deb5911a8906cdb94983c350c542ac48f2a9696d9b0341babf9c1bc17cc5,eb68a44dc72f8c2c,256,256,RGB,JPEG,15141,3
Potato___Early_blight/945f4d4b-5e0a-4cc0-8b7c-d82854730b9d___RS_Early.B 7836.JPG,Potato___Early_blight,True,572,1964c46ba45b4cef46e5c5d6a51ee44b34008db1a4245985fd7e45e7761c2dbf,ffc1a8ca978898b1,256,256,RGB,JPEG,19538,2
Potato___Early_blight/94eb2aa6-7f9e-4a5a-b519-2106984e9a7d___RS_Early.B 8770.JPG,Potato___Early_blight,True,573,75b1ab8844f2229a3e23beba734ad9ff041c2b7fe21cd037b34c657408cebed8,ba85b49fe09a83d8,256,256,RGB,JPEG,17250,4
Potato___Early_blight/9541d815-f209-4f13-892e-ca4e97ae5d8e___RS_Early.B 8981.JPG,Potato___Early_blight,True,574,e48335c7e57b7164fae689725b1a0b14ced7efbdad26ae69774a4f7f2bcbc353,df4e682f15b0d2d0,256,256,RGB,JPEG,21359,2
Potato___Early_blight/95a4df95-bec8-4c93-bb07-48b0118f99be___RS_Early.B 7740.JPG,Potato___Early_blight,True,575,24713d1220cc95f3438ab66224fd0e0ea3e53899362282bf8b348b5a66ed5bec,f58ae03497f09a53,256,256,RGB,JPEG,20332,0
Potato___Early_blight/95cd8c85-b3b1-4d90-828d-1c93ea98977a___RS_Early.B 9109.JPG,Potato___Early_blight,True,576,cfa70b935b715872e449c0f999a154516fafccbb931fe427e4b8e501952312e2,a0dff7c0c403972d,256,256,RGB,JPEG,19762,4
Potato___Early_blight/95d42b98-1945-4cb3-ab27-0dbd56def41b___RS_Early.B 8866.JPG,Potato___Early_blight,True,577,1849bb05f8cf1d9a7dea622cc3230fa2507984ec678ee4e81673f2eac5d2e5c6,a910da4f8760df63,256,256,RGB,JPEG,18242,1
Potato___Early_blight/95fba7f6-23a4-4c3c-a2b9-335c5b4c3810___RS_Early.B 7743.JPG,Potato___Early_blight,True,578,5315a428ba385f3e94288ccea910161970f0bb2a083345d3cd6427041ceda14c,efd0acc3150f9a4c,256,256,RGB,JPEG,17698,3
Potato___Early_blight/96ab8c2b-9067-4af7-821c-b14a3c7e618f___RS_Early.B 8816.JPG,Potato___Early_blight,True,579,e094583781bf8f195c231ca0e4f0b443342f6a1413975f9f213aae2b769d6889,fde0e087ad9a90a9,256,256,RGB,JPEG,17675,0
Potato___Early_blight/97c1fe0d-72f6-421d-bb82-542f0766176c___RS_Early.B 7448.JPG,Potato___Early_blight,True,580,ccebd804b2e6fbbe9e8719e3b3cdd25474e3a8daa750b7b3bcec3f052b3d4058,efc4a14b951f9238,256,256,RGB,JPEG,17486,1
Potato___Early_blight/983cf28c-872f-423a-a774-41ed2939f249___RS_Early.B 7660.JPG,Potato___Early_blight,True,581,d9eb90a3643b66cb7ee2171c031dda7602a6b9166452d156ae580b04fc4326d6,efc1a843952cdb34,256,256,RGB,JPEG,19003,2
Potato___Early_blight/9846eead-9fc1-4c35-8b63-1adfbdf0b118___RS_Early.B 8325.JPG,Potato___Early_blight,True,582,7b5624ade7c690cea5d6e509fb998ba4b17b2fe339b40ed6570a8bdbf606e8df,ee62a1c9d41c9e39,256,256,RGB,JPEG,21760,3
Potato___Early_blight/985f3b47-d5ee-45d4-a020-f43ca80fb59e___RS_Early.B 9211.JPG,Potato___Early_blight,True,583,6e71ada0aaf057557a83a6b1a3ff8be23df1b05c644b7918a3d53d49a6292107,f2c4396a9485fb16,256,256,RGB,JPEG,19772,4
Potato___Early_blight/98d40b59-5c50-45b6-9b8b-268c40547334___RS_Early.B 8031.JPG,Potato___Early_blight,True,584,7ec08e32ea42d26401d1fdb78ce11a5b25e0dbcc43bcf05ed25afb5e0cab7302,be8db495229ec3c8,256,256,RGB,JPEG,20931,1
Potato___Early_blight/98de061b-990e-4395-a50a-975c0fab5a4a___RS_Early.B 7394.JPG,Potato___Early_blight,True,585,fd5f3ed8d92aae594afc6bed22e25f310f69d13e6c786a007a05adf3092ff228,fb998458956398e6,256,256,RGB,JPEG,19232,0
Potato___Early_blight/98efaa2d-7587-48e8-8c19-4f7483e395cb___RS_Early.B 6982.JPG,Potato___Early_blight,True,586,91f0c4b8b0a558fb58e29350cae679800c9a240c397067b4884a5d2c0287e937,fa58634e3849916f,256,256,RGB,JPEG,19786,2
Potato___Early_blight/992a06a6-1aeb-4876-b33e-4267aa1a0c43___RS_Early.B 7618.JPG,Potato___Early_blight,True,587,ea43eb4dd47fff988c6fc7816b0f70cd7ffb8757b440e2189f5940c33b360876,ff1fa2d58450cc62,256,256,RGB,JPEG,23022,3
Potato___Early_blight/993bc916-4517-45cf-a5bd-90ee95dd35fd___RS_Early.B 8452.JPG,Potato___Early_blight,True,588,b5fafec4a577e466d6d4a4c5e7e53ddab5f1a29722d5e569111a6857fa4637b4,fa2d84529b4399ce,256,256,RGB,JPEG,18970,4
Potato___Early_blight/996c0f04-a33a-4620-8971-469e009abae7___RS_Early.B 8869.JPG,Potato___Early_blight,True,589,a8d1efd08a2f790d133efb27f38c6924c26677a3446f41d38c83b8ac2503559b,fd3ae2e0b89594d0,256,256,RGB,JPEG,18762,2
Potato___Early_blight/99821810-926a-4ac4-9bc7-cbae991f7e68___RS_Early.B 7626.JPG,Potato___Early_blight,True,590,ffdb01b904bc1de623be7593f56e586a26e7b63e9154bbe2a8fc468ba392b3ba,ffd0916a3225d8b2,256,256,RGB,JPEG,22537,0
Potato___Early_blight/99d75573-472e-4f57-ab82-b49b78853d03___RS_Early.B 7847.JPG,Potato___Early_blight,True,591,0338d212f61c25be378a4a134e2aee43bcbc4b41dd25d5ca5f16a15fed62826e,a831fff690d98381,256,256,RGB,JPEG,22027,1
Potato___Early_blight/99fedd87-d173-4b2f-8bb1-26465641af4d___RS_Early.B 7372.JPG,Potato___Early_blight,True,592,41795deebfdd7f79263a56609e519ab717118075ae10833cbbde00d2bb37e65c,80e37fd6e00ec1f8,256,256,RGB,JPEG,20765,3
Potato___Early_blight/9a157bfb-073a-46b2-95c6-16792e30e03f___RS_Early.B 7409.JPG,Potato___Early_blight,True,593,cea187c681a3cc145f1846dc279bd14c151688958f0cbd2edfcab19e603ea12c,fa95e03087c31d6b,256,256,RGB,JPEG,18989,4
Potato___Early_blight/9b5f25b9-9f30-478a-9710-fc79dafaf62e___RS_Early.B 6739.JPG,Potato___Early_blight,True,594,2d861b9aa2ed1b34d73cae9dd2d2b998c4b82017269e987b3716713841b55197,d7a57a94a196499a,256,256,RGB,JPEG,21909,0
Potato___Early_blight/9badd590-45ed-4636-9590-b12342ea8a84___RS_Early.B 6944.JPG,Potato___Early_blight,True,595,440aaf50e8dae54dbcf91fc6210496b31391c6e035ddcc7e437873aa45125635,eadaa8cb95259435,256,256,RGB,JPEG,21342,1
Potato___Early_blight/9bc2ecbb-4a3c-43be-80ce-c6ac77e4b498___RS_Early.B 7145.JPG,Potato___Early_blight,True,596,60590639a6b229eff2c42e1b074937ad405a382931a1e6f7e339e4283538c9aa,aaf3d5c960a6871c,256,256,RGB,JPEG,19845,2
Potato___Early_blight/9bef32f0-dc02-4223-a378-6a41c6bfc7a9___RS_Early.B 8444.JPG,Potato___Early_blight,True,597,d15a4d7778df11cf7c68a813e7692dcc0d9f0d47ee948afb104607f792c22be4,eb90a1cbb5cb128d,256,256,RGB,JPEG,17830,3
Potato___Early_blight/9c77f930-5d28-4b1f-8274-30c2c2dc82fb___RS_Early.B 8347.JPG,Potato___Early_blight,True,598,5c3acb0981bff324831867234b90e63936bdfcb6e0000832438ee9590a9a5754,ba25b43f35349632,256,256,RGB,JPEG,20544,4
Potato___Early_blight/9ca7d203-7b7c-4f5c-911f-fc225f3c5b77___RS_Early.B 7557.JPG,Potato___Early_blight,True,599,2df753060f8ecee1e10723df4d33dafbd6edc6d49a4e3479b27ce2c960bc2dee,ff63e04d872c9c30,256,256,RGB,JPEG,18808,0
Potato___Early_blight/9cb0c796-fde2-406b-87fe-3926b722f8f7___RS_Early.B 8300.JPG,Potato___Early_blight,True,600,c05383b11559e8abe9bfc3799849a074c7c1b73cd4bb4cfcdacb431629bfb13c,fbc0948b9e9c9133,256,256,RGB,JPEG,19098,4
Potato___Early_blight/9cba8b9a-68a7-483a-bc77-6bacbbe7fc46___RS_Early.B 7588.JPG,Potato___Early_blight,True,601,4c25df6d57357d3a6336412afa62ad4b033eeebfbbe3392ff20492f1d25a72ff,fdd5a84a952d8a38,256,256,RGB,JPEG,17886,1
Potato___Early_blight/9cd81447-0701-4969-86aa-5f20269923c5___RS_Early.B 8790.JPG,Potato___Early_blight,True,602,acbf19ff3a650f535eb9bd595f412857e61f478b3a8b6bb59a7d28f693d6250d,eed0c5899e27d834,256,256,RGB,JPEG,19997,2
Potato___Early_blight/9ce9c6dc-b20c-47f8-91e0-31886945c4bb___RS_Early.B 8094.JPG,Potato___Early_blight,True,603,017829789d7aabd0625ee59d5154dc9da54defd7ee4a8ac5d2a632c57e49870e,b884d6dfa199cd24,256,256,RGB,JPEG,19955,3
Potato___Early_blight/9d0c69df-f5dc-4118-a654-ab40d100b9b6___RS_Early.B 8870.JPG,Potato___Early_blight,True,604,99e302c4e7122205e4372db384bb26970842cee23830cbace573669ff781db0d,fe2f85d492cac1c8,256,256,RGB,JPEG,17962,2
Potato___Early_blight/9d2f37ae-aa02-4b04-b0cb-9fe125cfdbe2___RS_Early.B 7691.JPG,Potato___Early_blight,True,605,3e8eb0f321954dbe046b7d2259e0b3d078948ebacb137ba0f95170f19244286d,fa39a427d6ca8a85,256,256,RGB,JPEG,19648,3
Potato___Early_blight/9db872fc-f367-4dfa-b1f7-23490bb4552b___RS_Early.B 8842.JPG,Potato___Early_blight,True,606,991ed579961f96dc2e4074c719e18c0acf87e7a9b7afb944d3e7713064f58b71,8a69bd71d025ca37,256,256,RGB,JPEG,21733,0
Potato___Early_blight/9e092cd4-dcd4-4f9b-a901-48ac13a6deb0___RS_Early.B 8343.JPG,Potato___Early_blight,True,607,2abb2547c4ccde9ac99812f49c96cee1f9923409d04ec557d7e003868b0a439f,ab85361b311ac7f8,256,256,RGB,JPEG,19738,1
Potato___Early_blight/9e506566-6697-4444-a2f3-a3931d34bbf3___RS_Early.B 6899.JPG,Potato___Early_blight,True,608,8a8031395843f5e0ed6ccb72152897e5f1dfeb449c43d350fd629a5ef3402eaa,aae5b582f087909f,256,256,RGB,JPEG,17999,4
Potato___Early_blight/9eb646d2-e908-43d1-8dd5-0d6b8dcb21eb___RS_Early.B 7569.JPG,Potato___Early_blight,True,609,c270a99c6fe4bfd5115f575962c48e4ba4fcc460366c14c747db471c7e8c3345,80e77f1070c3c3cf,256,256,RGB,JPEG,21326,1
Potato___Early_blight/9ebf9d7d-0cfe-44f5-9126-89c70d38321a___RS_Early.B 8986.JPG,Potato___Early_blight,True,610,3dd30914f6f0802f12bf6893f6d1c68f99e8a54c2d6a01a28914e4060cda01ca,8080f8df63386ff8,256,256,RGB,JPEG,19267,0
Potato___Early_blight/9fa151cd-43d7-42e1-9235-72f58c584a4b___RS_Early.B 8581.JPG,Potato___Early_blight,True,611,9d6239643005246e988b0d8795e0e0c898b9a8435a0f8e4716328ec319ac43e5,8885970ae96fe0fc,256,256,RGB,JPEG,17685,4
Potato___Early_blight/a01521f0-27be-4688-9d28-07d09ef80920___RS_Early.B 7119.JPG,Potato___Early_blight,True,612,7f5997ed9ae836ffb3ffa630d1e5e1892e9b7f9921f117037641e649574ceb93,ded4e10abaa96ab0,256,256,RGB,JPEG,19456,2
Potato___Early_blight/a02f78b3-da52-400a-ab11-7184df9ea485___RS_Early.B 8403.JPG,Potato___Early_blight,True,613,25401f245340dc2cb732f085494b7adb7467b7e60320e2c8c4e815f7ab4f7531,df2f28bca9d094d0,256,256,RGB,JPEG,18054,3
Potato___Early_blight/a08eec21-8500-4ac5-92a9-d9b14067f01c___RS_Early.B 8985.JPG,Potato___Early_blight,True,614,6f36554a8af825faedef141a87652ed1d5ae17c420ef239fc1d94d7cbbc1c0c4,807f7d60c347cf0c,256,256,RGB,JPEG,19099,0
Potato___Early_blight/a0d8a499-e9e4-4c88-829c-7c2270073735___RS_Early.B 8525.JPG,Potato___Early_blight,True,615,b12c3caa5d59afa0a49cb69bab1b1b095c36f38633314f7959cc3dfef200a9ab,eac8a5879d8d3899,256,256,RGB,JPEG,17046,1
Potato___Early_blight/a10b278a-fcce-4cf4-aada-254e89050be5___RS_Early.B 7524.JPG,Potato___Early_blight,True,616,302068db42b1dc2debb5afae5e22fe1d744cf9c49f4abe4a5fd1be57f82a5481,f524aa55b152536b,256,256,RGB,JPEG,19984,2
Potato___Early_blight/a1dd3cdf-0ff5-49f6-b66e-9b3632a07019___RS_Early.B 7833.JPG,Potato___Early_blight,True,617,64e2d063ece8a9d748216f9835a43e1d19d5309294b6e8345a07aa0b0a64fa1d,d5d5a842b72eb229,256,256,RGB,JPEG,20096,3
Potato___Early_blight/a29559c6-1d80-4486-a3c9-26986d6e28e0___RS_Early.B 6890.JPG,Potato___Early_blight,True,618,8eab9ff07c41569ffe81cc9c5d474d12490bafe0bbea793eefd4f7c002907633,dfe0e809a11595f6,256,256,RGB,JPEG,20999,4
Potato___Early_blight/a29ed5b2-153c-4f0e-a633-f698c9ff51d2___RS_Early.B 8840.JPG,Potato___Early_blight,True,619,052366d6d71d24086661640e2bf2b01c9f195ae9588b3e10c2eb2109b43e6fc4,8af1bf80f00fda07,256,256,RGB,JPEG,20605,2
Potato___Early_blight/a2fe15c2-1900-4fbd-9e69-771b1693cc68___RS_Early.B 7398.JPG,Potato___Early_blight,True,620,e8edf5a2fc82a3af2a257d1c31d76b54787680fd4fa1421eee8e29ff76055634,d740aa0bbf8a591d,256,256,RGB,JPEG,21127,3
Potato___Early_blight/a38df468-bb4a-4bb3-9ee9-a2dffae718e9___RS_Early.B 8690.JPG,Potato___Early_blight,True,621,037233a0a7b167d8012f085cd7eb8e1e8aca3d04fbf36042e43e4a85fafae504,aa63edc4849e95b8,256,256,RGB,JPEG,20581,0
Potato___Early_blight/a3ed964c-36f1-403c-8146-b2a3b79a352d___RS_Early.B 8310.JPG,Potato___Early_blight,True,622,78e781fac9f633e0ceb2d7962ed7320aa28837b44603ec6ec96d4aa9ac03d288,fac0858f1c21b3e7,256,256,RGB,JPEG,18001,1
Potato___Early_blight/a3fe02f0-6d49-4e9a-ba9a-ac26e8b65ca9___RS_Early.B 7560.JPG,Potato___Early_blight,True,623,34b3fce7fbd4c6fe16cec0c7e557b94cb15b7d5a535c4c02025fca817793732a,beb4f4da0908e5c6,256,256,RGB,JPEG,18475,4
Potato___Early_blight/a4168403-2458-4f28-84f7-949050905878___RS_Early.B 8450.JPG,Potato___Early_blight,True,624,a7b2dcc1c32f77877018174d1004f2c19646aeec0709ba81e4a0ed41b39dd588,ff5aa00e93a49c39,256,256,RGB,JPEG,19464,2
Potato___Early_blight/a41c6816-0755-4e55-b589-42b665a97a02___RS_Early.B 7064.JPG,Potato___Early_blight,True,625,0087a38268f30654dd6304fdb15bbdd5ee1f34a4597952d3dd2376918b2a417e,a06bfff4d880c187,256,256,RGB,JPEG,18843,0
Potato___Early_blight/a4ac4e39-1342-4b1d-806a-98789876a701___RS_Early.B 8953.JPG,Potato___Early_blight,True,626,2845af013a1257d3965ebc596f21ecf9373c20eba4c421e56442461a5a4b3a52,e5268abc9d5191da,256,256,RGB,JPEG,21475,1
Potato___Early_blight/a4cc86e3-ac4d-4b72-89a2-6cf106831908___RS_Early.B 7346.JPG,Potato___Early_blight,True,627,11bcf640bf3ed2f5d0a67019de450c919720cb0993b1e08b31b66e21d78b1629,f91fe330163298cb,256,256,RGB,JPEG,17253,3
Potato___Early_blight/a50c5f93-a5db-4eaf-9d82-2e420d2351e7___RS_Early.B 7060.JPG,Potato___Early_blight,True,628,7b4645afeac39ce8e25a87df74954bdaec858cfce0b1e952f093ad6a1f5e3f8c,ef1669361d373032,256,256,RGB,JPEG,17742,4
Potato___Early_blight/a5b278e7-448e-40ae-80c2-d286f2681d10___RS_Early.B 7900.JPG,Potato___Early_blight,True,629,904e8dbfb4bb685825887459242409a14e0df3542f8dd97fc09281a63274de3f,fa35aad49542526b,256,256,RGB,JPEG,20798,0
Potato___Early_blight/a5e73fd4-6d3e-4037-b440-f4e5234e4459___RS_Early.B 7645.JPG,Potato___Early_blight,True,630,fdd1f3e04a033377d2bc18bd6e1518edcdc4b2514bf7efe18b435c912f439648,abb1d59ac24b8761,256,256,RGB,JPEG,22122,2
Potato___Early_blight/a60106e3-e037-495f-8b5a-080adcb9bdd9___RS_Early.B 8561.JPG,Potato___Early_blight,True,631,162fb3dc8297eed46c3501138509ca4b81fe2b3c80bf5a6d592e4b9fd668e187,bb85b19ee709c449,256,256,RGB,JPEG,18494,1
Potato___Early_blight/a601dd4d-4e81-4327-9e4e-fd19262a1306___RS_Early.B 8265.JPG,Potato___Early_blight,True,632,ce483702f3d0bc4bef63eb61a6e2996071833130f2f40397955e87a9535dc5ba,abe8a4e597959c30,256,256,RGB,JPEG,20487,3
Potato___Early_blight/a6995958-6344-4d37-9b99-d3bc3d40ab67___RS_Early.B 7210.JPG,Potato___Early_blight,True,633,b6c1ac288f4d34c4cb4dfbee8ba6f862b2dcc6a3a2fb510c3d75c99524e60c3b,a3ce35cd9aa49932,256,256,RGB,JPEG,19726,4
Potato___Early_blight/a6dbc59a-ca8a-40e0-a896-3e2270d771bb___RS_Early.B 7195.JPG,Potato___Early_blight,True,634,7a2ade86768407ebc4415306850b1c1e663ea33d355b9e8cfd721d52443108e8,eadae0c2832f9e34,256,256,RGB,JPEG,19223,0
Potato___Early_blight/a6fef9f4-0006-4faa-95ab-3aadde49b229___RS_Early.B 8783.JPG,Potato___Early_blight,True,635,7b660f4d2293646d04da789d5b81cd53178cc56b7f5d5cf641b8ee2ee00d5ff4,ab71b917f08a406f,256,256,RGB,JPEG,20746,1
Potato___Early_blight/a801f66c-b8bc-42e5-ad5b-99f68d219fa9___RS_Early.B 8552.JPG,Potato___Early_blight,True,636,f02962abeb9cb9a7318b93a8af503130930de9d3229b2d0950754178afc928c8,ead2b0c38dcf8c89,256,256,RGB,JPEG,19740,4
Potato___Early_blight/a85029ca-881b-45a8-bb64-d8c77492a49d___RS_Early.B 8833.JPG,Potato___Early_blight,True,637,5551d503f8e75c52d676e7a806de73ea15c20dfc4e16555656e5dcd96d26a4b5,a001b1fecf798c47,256,256,RGB,JPEG,19572,2
Potato___Early_blight/a8933319-d98e-4e71-a2ac-e22f7e1bca08___RS_Early.B 7499.JPG,Potato___Early_blight,True,638,bb0d557b9e9a5e481d4932242f1d619eb779d262232cccd65a83a5ebeb0d4c81,fc3ce224a5979652,256,256,RGB,JPEG,18263,3
Potato___Early_blight/a89d6e67-d60e-49b5-8b87-e137b6a5181c___RS_Early.B 7472.JPG,Potato___Early_blight,True,639,f476cafcfc6f7af753fe1d1d31fb0ecc011faeb8bfc00b6b8272d5cf9d191c94,df69680fb1f41622,256,256,RGB,JPEG,18316,0
Potato___Early_blight/a938ba0c-780a-41e0-b26c-3c6b87047ac6___RS_Early.B 6878.JPG,Potato___Early_blight,True,640,4f33802551ead3aacb86bcb2d67bd85de5ad7a64c5e5a043cc2aef468e6e464c,fe86a0b597528a4b,256,256,RGB,JPEG,22043,1
Potato___Early_blight/a9659799-4093-4d84-855e-2f4382729c01___RS_Early.B 8784.JPG,Potato___Early_blight,True,641,b0687c1e59b2ef1bc62daa7ca92a51d2c380023b38eeafd7dd175b5eff18020a,ab05d55ecb488d63,256,256,RGB,JPEG,20075,2
Potato___Early_blight/aa0ad1ba-f08a-4376-82a1-fec51fbf6810___RS_Early.B 7478.JPG,Potato___Early_blight,True,642,909f49bcf30bcc67f2aa83f29dcbb63ea5d8806daa48064cda36cd9701f55069,8080fd9fc37cc770,256,256,RGB,JPEG,21596,3
Potato___Early_blight/aa342b8f-88f5-4d9d-9740-4b1b4147c590___RS_Early.B 7939.JPG,Potato___Early_blight,True,643,da8d780e31ee11f9fecb932d60096443afe9e2d1bebcd9c62f85c3bdfea8557b,aaa1bd5ef0f88701,256,256,RGB,JPEG,21200,4
Potato___Early_blight/aa687aac-2f1a-44d8-89aa-3f7d413b4763___RS_Early.B 8055.JPG,Potato___Early_blight,True,644,6d5dfed181868de0de57795e0ffe362ed7918809fd3375a0eccfc2924168d37a,aa42f461ca17ddd8,256,256,RGB,JPEG,19417,1
Potato___Early_blight/aa7e5986-6fa1-4b25-9861-cbae56886280___RS_Early.B 8545.JPG,Potato___Early_blight,True,645,1c62df70d168e58dc9a028c3280e08ecfeb65b5360231c14351d8c37dac0fb73,aa21b5d7d4be8270,256,256,RGB,JPEG,20585,2
Potato___Early_blight/aaa394b2-f7d5-41a5-97eb-acc4068ef72d___RS_Early.B 9155.JPG,Potato___Early_blight,True,646,e51cf11c27f9389b0cb0d67b0ccdf77fd5e4fb2e06ac0675e58f8e0f9cd8e78c,8b85ff1ee07c0370,256,256,RGB,JPEG,19968,3
Potato___Early_blight/ab0878eb-0310-4788-b2d7-14102cdd241e___RS_Early.B 7026.JPG,Potato___Early_blight,True,647,d3374a50293c8d4525fd747be625e04ecf6a1a9182de0e9e2aa3ca72a335511d,af633087f0357332,256,256,RGB,JPEG,20888,0
Potato___Early_blight/ab23a940-3124-4101-b562-08ca34a8334b___RS_Early.B 7790.JPG,Potato___Early_blight,True,648,43b637c526e9ef86841b1fbddd8f92d8c89689aef5e87b362eff604b1d5bdc0a,ff4ad529c01eca92,256,256,RGB,JPEG,20257,4
Potato___Early_blight/ab808dff-e0fc-42d0-ad9a-c4cb7f69e59b___RS_Early.B 9210.JPG,Potato___Early_blight,True,649,b9d9cdfe4266fc89a3c862c6bc9682587ad967d7c7f03ca317b362d30ab3db32,df1a29e5351292cb,256,256,RGB,JPEG,19848,2
Potato___Early_blight/abb9a8c4-5d0f-443a-b7c9-780036ffe76c___RS_Early.B 7380.JPG,Potato___Early_blight,True,650,16f4dcfda25b762e53e3302980810ad30c8456008d88cc12bbc5cea237b300a2,8ff0fd01d01fc30b,256,256,RGB,JPEG,21227,0
Potato___Early_blight/abfaeb8b-fe1e-48e6-ab8f-c9a72680420d___RS_Early.B 7427.JPG,Potato___Early_blight,True,651,92041ff3f3248bef45e09ec8648ade54817f92b9985917e37c71a2674dc3e0a3,8aeee5a06107569f,256,256,RGB,JPEG,19387,1
Potato___Early_blight/ac40d7e9-e650-40f1-b894-22f495febefd___RS_Early.B 7276.JPG,Potato___Early_blight,True,652,7fbc98aa30be9b4444bf4d9b5eaa48f7a595fb67580ea39bd5aacfbf6390550c,d5aaaad585468eca,256,256,RGB,JPEG,20324,3
Potato___Early_blight/ac6c3aea-ad58-4b46-b0d2-195dba86e0f6___RS_Early.B 7926.JPG,Potato___Early_blight,True,653,aa02be4adfc74cbe8bc9f89031daa5aca6357cbd66f0ad67380d73c657829cec,ead0a1ca9e9d90b5,256,256,RGB,JPEG,19115,4
Potato___Early_blight/acb59a95-cbe4-4602-9b8a-9adbf12899af___RS_Early.B 6754.JPG,Potato___Early_blight,True,654,36af59fb436d29225fd854bb2cb1afae2e392d9bc86b7c29352ca013e37f288c,82af3ff09e805a47,256,256,RGB,JPEG,23650,0
Potato___Early_blight/acb84d77-5b1c-4beb-be27-99fee467bf1f___RS_Early.B 7577.JPG,Potato___Early_blight,True,655,2eeb27272904c2f07824a7c3570109bc025f382fe7ed4a0f6a6c218eba6de7db,9adb4cc89bb48db0,256,256,RGB,JPEG,20093,2
Potato___Early_blight/acff9d5e-4b38-4817-a239-93c115a0b3ff___RS_Early.B 8993.JPG,Potato___Early_blight,True,656,7cdf707839c4c2312c1913c893f628e2499f9d610ab64fce59d437ba297f310a,a6a6a4c6349e98db,256,256,RGB,JPEG,18799,4
Potato___Early_blight/ad8c76f3-16b3-4d7f-a9e9-cbec8c398d34___RS_Early.B 6694.JPG,Potato___Early_blight,True,657,fc8d1307927f699a334fcaac8ffd5022806821d579513c4192064d5c8425beb3,80da3fe0b500779f,256,256,RGB,JPEG,21230,1
Potato___Early_blight/adc573cd-bbf3-4742-9bd5-1e3e6f27319a___RS_Early.B 8685.JPG,Potato___Early_blight,True,658,ff84aa37de997292f912f7e73b841b9fd633e6e967cadbe78497db3b4d85cdc7,d5f0ea83ab5e8d08,256,256,RGB,JPEG,20025,3
Potato___Early_blight/ae25f262-234e-4ee1-96ad-3e47ddfbea9d___RS_Early.B 6670.JPG,Potato___Early_blight,True,659,b02bb0e15d590ceea83cd4f95c50ebaff4f9d59cb6a8dedbce227b54aad4b3fc,d3ae60c547ce8c78,256,256,RGB,JPEG,19500,2
Potato___Early_blight/ae38f458-d36e-43ce-95a5-45b775692d8d___RS_Early.B 8644.JPG,Potato___Early_blight,True,660,7a7822467457ac4762e336a42f97a69a2ed1d3e11b711c57ac2dcad6b2f46e8b,ffb8a8f4851087ca,256,256,RGB,JPEG,20192,0
Potato___Early_blight/ae5a9be8-5bd6-4542-8766-6c7bb8c61ded___RS_Early.B 8182.JPG,Potato___Early_blight,True,661,f02d474a188fc66425d38195508a6759fb4f91e95c546f1f435b81a3222f5c8b,fb04e07885631ee7,256,256,RGB,JPEG,21419,1
Potato___Early_blight/aed93c24-f226-4dd4-b5fb-b1f2d1202c63___RS_Early.B 8363.JPG,Potato___Early_blight,True,662,7aa5a1f2b24ce02036ec55eb5cb6030b5e0c883368a46063d12f62902cfe6cae,8207bfd2f8a9c0e9,256,256,RGB,JPEG,20581,3
Potato___Early_blight/af0ee942-50f5-43a7-a9fe-486ba1f5f989___RS_Early.B 7700.JPG,Potato___Early_blight,True,663,9466b1f9691137d098cebe1786238ca6f2089499cf5143eaf3aeab46374d9ad7,ff2ba514c3d088cb,256,256,RGB,JPEG,19680,4
Potato___Early_blight/af3bb3a3-e022-45f3-b209-6b3b53f13a47___RS_Early.B 7333.JPG,Potato___Early_blight,True,664,da990be46d502bded87a38f13f6caf21c4c4c4c46e142ff7e861a69fec226237,dfb0a83cc1d09f83,256,256,RGB,JPEG,21096,0
Potato___Early_blight/af79e762-c2f7-4e37-926b-ce27dbc52fc4___RS_Early.B 6858.JPG,Potato___Early_blight,True,665,74b138bfdfd2ceb912580c5e6d8b7cebd9c44a534213076175d359740e3692be,becae0c1368ff00d,256,256,RGB,JPEG,22809,2
Potato___Early_blight/b05850b8-bfb9-487d-b0ba-8f406eba933e___RS_Early.B 6936.JPG,Potato___Early_blight,True,666,4b23e61b22ae7bb1c49bcacae2fb3ff13f5b8df70075930a1bd99cf453de760a,ffb7e0d09a4a884a,256,256,RGB,JPEG,23260,4
Potato___Early_blight/b09e0cba-0564-4dde-a90d-3c0d90d6336e___RS_Early.B 7776.JPG,Potato___Early_blight,True,667,b0b2a4d761b018c522ade5712c85dcbf98d2b0acee404e50b0ffb88cafd9f037,fc94c1f08e479c6c,256,256,RGB,JPEG,18932,1
Potato___Early_blight/b14e0de2-ab48-45b5-9d4d-e45e7c88b68f___RS_Early.B 8554.JPG,Potato___Early_blight,True,668,a4147cba872ebe4cf881dc4b58771f26e7c3b2140d77292d11e0a84ec7493c07,bb85f098c398cdd1,256,256,RGB,JPEG,19271,3
Potato___Early_blight/b17bf28e-c272-4a24-9f45-7d3a343de49f___RS_Early.B 7620.JPG,Potato___Early_blight,True,669,625473164e28bb5f9226644e90cd8baa52e787b7b8029404f7869ae8b963d1d9,9efae125ca04cd93,256,256,RGB,JPEG,21384,1
Potato___Early_blight/b1b3c9c7-a4b9-4048-be45-fa9c5e507c66___RS_Early.B 7466.JPG,Potato___Early_blight,True,670,45b73077d38a78400f88933647b80685cd950282f602e836f5b8a04d74916584,ee8560de35c8b28d,256,256,RGB,JPEG,16507,0
Potato___Early_blight/b1b55149-b5bc-460e-87af-a745fb01855d___RS_Early.B 7477.JPG,Potato___Early_blight,True,671,3fa3ddadefb68f32aabceb0f4907a537cc5e69c7cbfb1bf3446b980adb284891,abe9f8011f8c90bd,256,256,RGB,JPEG,22103,2
Potato___Early_blight/b21bc878-7b63-481e-a6d1-7e972627210e___RS_Early.B 7656.JPG,Potato___Early_blight,True,672,e76b364b5e74532d1a62629e7be070b4b7c6488f5bc0c0753fdf59fa4a64259c,af97c41ac96c8761,256,256,RGB,JPEG,21136,4
Potato___Early_blight/b29e0fdf-c39f-4b3a-b12f-c693374f15cf___RS_Early.B 8820.JPG,Potato___Early_blight,True,673,6cc889a4e56012e22af4e8262b61afc85b41728671d85482f54943374425e05c,bab4a181c75fc668,256,256,RGB,JPEG,19759,0
Potato___Early_blight/b2b7758e-f201-4d9c-bc27-d53bb09b2dac___RS_Early.B 7025.JPG,Potato___Early_blight,True,674,f8d00ea93f3b10c12e7ddb0856d662ea1d861fd2ecf7f9c793a1a6538c46627c,a200fd5fc378cf60,256,256,RGB,JPEG,21808,3
Potato___Early_blight/b2e21749-afe2-4392-8d5d-23088d37873c___RS_Early.B 9028.JPG,Potato___Early_blight,True,675,3553f32ad0199b738da4e6f341e9aed68a7d390f74f20aafb75dd5c98d710b14,cb1b3f0cf0f11247,256,256,RGB,JPEG,20572,2
Potato___Early_blight/b2e6d502-8a02-4493-ae91-34bad50b6040___RS_Early.B 7537.JPG,Potato___Early_blight,True,676,4d4aed5dbec2346dd64c0987c67463580e473486e19fbb9db0669e2488a8ad6d,afa5f09acb4c8472,256,256,RGB,JPEG,18397,3
Potato___Early_blight/b301c9cd-7624-4261-ab4f-962936ebb92a___RS_Early.B 7632.JPG,Potato___Early_blight,True,677,be65eaa921cf073b8efa292d685fbee9cc107432034e04ef99da83a523a56eca,fe54d543ce3c9830,256,256,RGB,JPEG,18486,1
Potato___Early_blight/b328c22c-c9c6-41fd-9bac-daf2f26143b1___RS_Early.B 6854.JPG,Potato___Early_blight,True,678,01cec8f422a8495451a644577418aede08577ac624e7603e4014099fea5c5c2f,81b5ff0eec4b806c,256,256,RGB,JPEG,20881,4
Potato___Early_blight/b35e4c48-e54e-4e42-a399-b236209314f4___RS_Early.B 8231.JPG,Potato___Early_blight,True,679,077a9c393ed8497704d9d35deaa975db5ce0d9b8b87d4b90571f50ae5e989b26,a2ffe840874fbe04,256,256,RGB,JPEG,19842,0
Potato___Early_blight/b39bbf50-eae1-49ca-bd12-e776e3680d8b___RS_Early.B 6775.JPG,Potato___Early_blight,True,680,727e004d65c0097b44416e9d361e3e0be8f52bf553045b2940b1bff51c7a385e,eea390994b8c4e97,256,256,RGB,JPEG,18064,1
Potato___Early_blight/b3d44557-f696-4fc9-b144-dec4f4ba9452___RS_Early.B 9110.JPG,Potato___Early_blight,True,681,bc7548aee2d5eb0a6d6297593ac6eb6da65726649614dd821b9bf26ac628f78a,bf40f065cf47cc18,256,256,RGB,JPEG,20744,2
Potato___Early_blight/b4021eae-d195-400a-b7b7-9888367f5f2f___RS_Early.B 7881.JPG,Potato___Early_blight,True,682,3e0672e3883fadb43850f79b48af5885ddc9ea47f7ba788202e891f78305f1aa,ff23f01d85f09603,256,256,RGB,JPEG,21488,3
Potato___Early_blight/b472654c-a32f-4c8f-b424-da6e415febf9___RS_Early.B 8930.JPG,Potato___Early_blight,True,683,aff48356a9996f18d83d8eaa7357620c8fba51b42b0be147c012e129522048bf,f5678351388fc3a4,256,256,RGB,JPEG,21551,1
Potato___Early_blight/b475147c-92bc-419a-b2c3-7d5aabbb79ec___RS_Early.B 7379.JPG,Potato___Early_blight,True,684,d88a26f32929b83479efaf5402ca90b6b2740256e87cbdf595641bb7fd17ca9a,fe89a094865add63,256,256,RGB,JPEG,19543,2
Potato___Early_blight/b5127f55-debe-459a-98e5-4629750f9c38___RS_Early.B 7496.JPG,Potato___Early_blight,True,685,c9fe344f8d8584001025f708a97c9e7d4991135000ec90f75741ac7cefcdd441,a781f07c8f639946,256,256,RGB,JPEG,16628,4
Potato___Early_blight/b512ab1a-0ea5-47d6-b998-7c9f32ed3329___RS_Early.B 7250.JPG,Potato___Early_blight,True,686,df444ecb3e9f10901f0ee49cffdf1d3fb9e6d840242d602341effaadb7936040,8938fde1c086c79e,256,256,RGB,JPEG,18883,0
Potato___Early_blight/b549ab3b-06f1-45ef-bf34-86071552d870___RS_Early.B 8576.JPG,Potato___Early_blight,True,687,346b0ec1a2af4b97e904cdf41db270de80af4c50ea60d45fe533fdb6f87c7671,fe0fa87c95129233,256,256,RGB,JPEG,19931,3
Potato___Early_blight/b54a2105-b9a4-4665-9e34-44df46d0be5a___RS_Early.B 8507.JPG,Potato___Early_blight,True,688,c03f67ed1a103777d4940c5ad6420f73f8b6dd0aad02f6c1cdf4814947e53660,ebb2a4c6878f9298,256,256,RGB,JPEG,17773,0
Potato___Early_blight/b6220993-c51f-48fa-bee9-fb5cb89cc0c4___RS_Early.B 7467.JPG,Potato___Early_blight,True,689,219cb6627f60a122a82050e197f290b053bfd62c7fcd906025a6c0c00ae9d40e,f88d669cc3b14987,256,256,RGB,JPEG,17482,1
Potato___Early_blight/b692a411-91aa-4388-b641-a6c02286840c___RS_Early.B 7784.JPG,Potato___Early_blight,True,690,6ed314811c129f5a4f2eafc575cb0e4d4d749bc1ea0489425023ccd7896d0f5b,feece94893858a34,256,256,RGB,JPEG,22905,4
Potato___Early_blight/b6b036b0-6869-48b8-b861-a6a85d1b2b97___RS_Early.B 6850.JPG,Potato___Early_blight,True,691,03306f956dade40f70dda8124015bd325c9dd55b1988ab29af859b9abb4b614e,f5e2aa0dad54d072,256,256,RGB,JPEG,23208,2
Potato___Early_blight/b6b4aa28-edc4-4e9f-bc0d-bd4b0ec085a2___RS_Early.B 7559.JPG,Potato___Early_blight,True,692,df6d88c9d10e4881440f695fe05bbb1825c56fe0c2806b003433e8a30443cfc5,eae285cb9ab59035,256,256,RGB,JPEG,18016,3
Potato___Early_blight/b6c68639-ad01-41f9-a10c-4233423ea2b0___RS_Early.B 8573.JPG,Potato___Early_blight,True,693,4672d7ed2cad76905dbb1856b813e040f2bc0da9ce924e479d7fe229fd806667,ab05c09cdee1cc57,256,256,RGB,JPEG,19096,4
Potato___Early_blight/b7157976-61c2-4366-87c5-e3de23aa7c10___RS_Early.B 7227.JPG,Potato___Early_blight,True,694,aa8570f2bcacc6575cb7ebc168cfb588fe2eb508ebbd924304d4bec634ca2ec9,eee625943696c31a,256,256,RGB,JPEG,17714,0
Potato___Early_blight/b76550de-8e3a-46f1-b06f-6bd4ed3dc8a5___RS_Early.B 8456.JPG,Potato___Early_blight,True,695,3c68069354e3bff956b3c79dc275da6d5efb26ef0c5ad698eea6d632704743da,aa87379e9c5ac928,256,256,RGB,JPEG,19440,1
Potato___Early_blight/b7712e86-f508-4485-8a42-5dd447f3b510___RS_Early.B 7103.JPG,Potato___Early_blight,True,696,90e70fd86f1b126d8e141f63c42281914c8082511e82eec52c826151b2bea2e5,8280f81fc778cf71,256,256,RGB,JPEG,16711,2
Potato___Early_blight/b7883606-5157-4dc1-b965-fc10f8fe1796___RS_Early.B 7598.JPG,Potato___Early_blight,True,697,d8e3bc2d123ce57a9cf8c080a8af16e623ff89ed9f3b904125c496d694dd5e6b,ffc0e0c3850f9d98,256,256,RGB,JPEG,17348,3
Potato___Early_blight/b805f812-ef18-47ed-9756-1f5a5dd05b5d___RS_Early.B 7746.JPG,Potato___Early_blight,True,698,8d54811c53d89bf6c52b25c3f5160283a9d08bb79870f737a0ea3ea2e386b33f,a2a5bf40f4dac0da,256,256,RGB,JPEG,21144,4
Potato___Early_blight/b817817e-a6b1-4123-88e7-db98b453ce17___RS_Early.B 6880.JPG,Potato___Early_blight,True,699,f31c8874213ca036279562259a731b408dc7e9bb5cc2b76605ccfa562d98ca1f,a84b9fa0b504cb5f,256,256,RGB,JPEG,21631,0
Potato___Early_blight/b83aea19-9485-412f-808d-c0a590d75388___RS_Early.B 6951.JPG,Potato___Early_blight,True,700,7c9f2cc9d6ef12450e1171adaf9461d3676c722624b0824dcd24278ff8e810bb,ebc0a5cb94b938b1,256,256,RGB,JPEG,20025,1
Potato___Early_blight/b8578828-0e34-4511-9739-9ef0170774b2___RS_Early.B 7416.JPG,Potato___Early_blight,True,701,91ee342e9e67f3c34a02a2486ccdb26227fd56c6ac4f745326595afbfc97459a,fdc129cb11651a67,256,256,RGB,JPEG,18039,2
Potato___Early_blight/b8803558-9e0f-404e-80b3-c78d0bc7f6d0___RS_Early.B 7548.JPG,Potato___Early_blight,True,702,96c80afa2f123f784364226fe14f5dc4354030b7741d061461a54c194dfdf91a,dfc8ea0ba15f9520,256,256,RGB,JPEG,19308,4
Potato___Early_blight/b8e08567-5193-41a4-b637-140b503830d9___RS_Early.B 9133.JPG,Potato___Early_blight,True,703,417615b293068205843e37a53db5e6fa3c635abc1c2913b3dbce7fc610500d94,eae9a584db86b039,256,256,RGB,JPEG,21522,0
Potato___Early_blight/b954c296-ae18-4efb-8a8c-450486faa919___RS_Early.B 6998.JPG,Potato___Early_blight,True,704,90caa268abb1be125481308f6d4a9ea102f18713492aaa5640c285a4e0fb0e1e,ddca6a1531d6964a,256,256,RGB,JPEG,21939,3
Potato___Early_blight/b95c05a8-2d70-4af5-a384-5b5b4450b7c6___RS_Early.B 7724.JPG,Potato___Early_blight,True,705,647fe86d1f514ff3534e53818e7af3d3716eb2981d3e9d884fd4a464af7ef9e3,ba8ae57780a09f93,256,256,RGB,JPEG,20028,1
Potato___Early_blight/b99ba68b-4608-4335-a292-b4249d83762d___RS_Early.B 9096.JPG,Potato___Early_blight,True,706,b561beb9c0d91f9ec68d5c8d4b2b1960b65968d83f51098c882d072cf60feecc,f72f8094dacbe904,256,256,RGB,JPEG,21031,2
Potato___Early_blight/ba5dfd98-89d6-49d5-b398-beb05cb9d8ad___RS_Early.B 7824.JPG,Potato___Early_blight,True,707,ffa3c172054a72e952aae338beac6e77fe63d11d9f2ed798a5b5a64ecf7da030,d5d5ea42a51e94b8,256,256,RGB,JPEG,21126,3
Potato___Early_blight/ba96aab6-adb5-4021-b6ad-3305f50aec12___RS_Early.B 7317.JPG,Potato___Early_blight,True,708,9ddfe83a0d7cc84519381afda4241b7b9b5c065d5bc1af3540a11a07e43ce91d,d5d4aa8a95a99aa5,256,256,RGB,JPEG,16092,3
Potato___Early_blight/bac19c19-ab8b-466a-a317-56c1f35fb082___RS_Early.B 7141.JPG,Potato___Early_blight,True,709,7f4cd4bdfd430881a96ba786bf3b856395cbb0a72a5d6bbeb1c33fd18531435d,ef497025e266ce4c,256,256,RGB,JPEG,17673,4
Potato___Early_blight/bb07a1b7-b9ad-4016-a013-9ff0e4636d4a___RS_Early.B 7156.JPG,Potato___Early_blight,True,710,fa0a5f3f491ec629b57f457d0d4e9c67fd8386b71a39ae678a990d9f4a2c4626,ff686266cc2e6849,256,256,RGB,JPEG,18068,0
Potato___Early_blight/bb38077f-ee91-4c0b-af46-f90b21b9e9db___RS_Early.B 7121.JPG,Potato___Early_blight,True,711,108cea27d67cb99d9122f10c4d7d2dd0a14e3233d9ca7f3c683d76035107c932,abea32cd1994b994,256,256,RGB,JPEG,17958,1
Potato___Early_blight/bb3d6df0-683e-4f04-afaf-277a36edad6c___RS_Early.B 9070.JPG,Potato___Early_blight,True,712,d8c032ce7d21a26771504df6be1e4ecac76430655a86e6c437fa12a8d9e9209e,83577cc8a0afa12f,256,256,RGB,JPEG,22462,2
Potato___Early_blight/bb4e9c01-6166-424d-a379-9ef405fdd555___RS_Early.B 6843.JPG,Potato___Early_blight,True,713,ddd0160e23c7fe043ed381c3ee02edbe7ab05f8c25e1827eda70a1761c74a58d,d5e4aac295a994b5,256,256,RGB,JPEG,21614,4
Potato___Early_blight/bb569e8c-4f57-481f-86d9-291ebd67336e___RS_Early.B 7543.JPG,Potato___Early_blight,True,714,7a32bbeab4753fe1fc28116b589138ce6289e3311b533e051fa72bf7b892646c,fb97a0dac530cc62,256,256,RGB,JPEG,17828,0
Potato___Early_blight/bc378ba0-533d-42db-a8b2-82decc73f4d5___RS_Early.B 9092.JPG,Potato___Early_blight,True,344,d14b04c66285010ad7422974d6aaa6d757c5ce5f6fb3d54ee62643846966f7c3,8a3dbd70f0c3c48e,256,256,RGB,JPEG,21486,1
Potato___Early_blight/bc7552e4-3901-41b8-8bef-727eeca4270e___RS_Early.B 7942.JPG,Potato___Early_blight,True,715,30ff0e0acf25d6b765c5051ebf2545ac14e24e678313be390a7ff2c4bfbf419e,ffd0d00b9e3c91b0,256,256,RGB,JPEG,21968,1
Potato___Early_blight/bc8a7fa5-1f77-4829-a1ee-0ccbeef289eb___RS_Early.B 7228.JPG,Potato___Early_blight,True,716,4206435497388b47cdd5aac2f993c500fd8b1cc18e358cb28e2a245d9daa2b0f,bfb73b94c0c0e590,256,256,RGB,JPEG,18495,2
Potato___Early_blight/bcc2199e-a6c6-4e0d-a7a7-f7c4b25f2c04___RS_Early.B 7007.JPG,Potato___Early_blight,True,717,3f5d164f1866bebb94555700effcb6f0682829b69ac3d61820a52385ff82f496,bbe2a48686d8cb39,256,256,RGB,JPEG,19242,3
Potato___Early_blight/bcedd1ec-17b4-495b-b47f-5877ef836f88___RS_Early.B 7248.JPG,Potato___Early_blight,True,718,31ea46dd0e2c14562644990d043a1811bfa10114a992c6ec2148cb9413ff0afd,aae96565d1949c9a,256,256,RGB,JPEG,18243,4
Potato___Early_blight/bcf169b0-dea7-49eb-b976-4a2d1f36c574___RS_Early.B 7870.JPG,Potato___Early_blight,True,719,bf360e8faa666e25d55e644b1dae740a818dbbeaed91729ecf62515a3d8af297,ed22a85d96f29383,256,256,RGB,JPEG,20276,0
Potato___Early_blight/bd4c7de8-0616-45d4-a060-54b8329a9462___RS_Early.B 6902.JPG,Potato___Early_blight,True,720,a512e81e8dcaf7c56ffc6b02f9c81b8546d19369c388a776414e337290788c13,ef40664dda1ed912,256,256,RGB,JPEG,21084,1
Potato___Early_blight/bddc2487-ecc6-447e-902f-3560a62e5e83___RS_Early.B 7307.JPG,Potato___Early_blight,True,721,b090f5658b1a06903c5a2a94a1e542a2692aefae8f3e58f8f11c04c233a4e9af,bae0a5c1258fd43d,256,256,RGB,JPEG,18674,2
Potato___Early_blight/be5f03e6-810f-4f22-9e5a-37a66826f7e5___RS_Early.B 6807.JPG,Potato___Early_blight,True,722,455e4fc5e3d2774ce1942e348b55edf7d0f4a9128f069032236e3483085df1e6,cf0f6c3f2434b432,256,256,RGB,JPEG,21416,0
Potato___Early_blight/be89d35f-e382-4b1c-95e8-af88d969d306___RS_Early.B 6758.JPG,Potato___Early_blight,True,723,0f163bd8b46bb31056ee100f11f9fc72b8c7c923918472f83123b9a6a9b8aa18,dd1a62a5b53292d3,256,256,RGB,JPEG,21364,3
Potato___Early_blight/bea108c2-bdf1-484d-807c-fa9431f4dc95___RS_Early.B 7265.JPG,Potato___Early_blight,True,724,5d4f18e564db97d9672b9b4d384cb729d6fae96e21a0193d1a9fa1afac3f349f,8b4a9e27f892a43d,256,256,RGB,JPEG,18193,4
Potato___Early_blight/beb20b26-07f9-4215-8264-dca1283514ac___RS_Early.B 7644.JPG,Potato___Early_blight,True,725,2643f2d79a4aeedd6867e59d0201a68e3d52aebd14d6149ffd0f23a486fca163,af97f49ac0d8c960,256,256,RGB,JPEG,21553,1
Potato___Early_blight/bf972aad-9f3f-40c8-9fc7-fdcf57a94c6f___RS_Early.B 7151.JPG,Potato___Early_blight,True,726,8b627677b69e38c85bd5c95ef110b000b6b0188219d30847d4c248de4172663e,ffaf84b01352984e,256,256,RGB,JPEG,21238,2
Potato___Early_blight/c03a3f69-00b7-4aa5-a49f-794416af0598___RS_Early.B 8112.JPG,Potato___Early_blight,True,727,972e98d2a74c4469c0d8fa198124369ba29e903f23a97c546309cea6cf734856,aae1b19f45749a92,256,256,RGB,JPEG,20418,4
Potato___Early_blight/c09e4b05-b196-4955-abd4-6aed44c40132___RS_Early.B 6823.JPG,Potato___Early_blight,True,728,cd02a32c614dc7bdadfd2c7b2c3aa4609bf8f9805a02c7422ccd01dfd402993a,dfa5aa1695d8d448,256,256,RGB,JPEG,21638,3
Potato___Early_blight/c0d9fcd4-79cb-43e4-82bc-1e48e9e2a572___RS_Early.B 7279.JPG,Potato___Early_blight,True,729,b12d105031b87745dc7e6a1a87146d44c94b00f304f9f97d3cfa0595c229a734,aaa5f196c15ae1cc,256,256,RGB,JPEG,19794,0
Potato___Early_blight/c10de41b-4c38-41c4-b278-600071051453___RS_Early.B 8093.JPG,Potato___Early_blight,True,730,e42fbb414a75b8073c3ea8ed30cca90e0954c966c70663b110de5f7364320ffc,aef89980990794bf,256,256,RGB,JPEG,21915,3
Potato___Early_blight/c10f959b-1f3d-4581-8299-640e87b1b653___RS_Early.B 7949.JPG,Potato___Early_blight,True,731,af2d00a0fb73cf33fe47c0221fb722e6a55ca35df20b3b5a3ae9ee5cbf652a7d,ba8fff1ac07a8940,256,256,RGB,JPEG,21595,1
Potato___Early_blight/c14e2b11-510b-4967-ac96-ae965972ad50___RS_Early.B 7327.JPG,Potato___Early_blight,True,732,7fcec665e8831671b72110f404dc7e99aa77a249c8e04d3c25b416076b32ce5a,aaca35899995b50f,256,256,RGB,JPEG,19029,0
Potato___Early_blight/c17c36ed-c36f-42d4-812d-3b17158063d3___RS_Early.B 8398.JPG,Potato___Early_blight,True,733,a0ef4dcf9a41b5ca50bf44262e6104cabe4d0929f852b534795a93cbff478250,aa7ffd409301ce07,256,256,RGB,JPEG,20486,2
Potato___Early_blight/c18f83e1-2144-440f-9603-74fe58c66073___RS_Early.B 7844.JPG,Potato___Early_blight,True,734,56c1a5e78ab9c9859c7d702f4156b4dc766cfedfd0529bc0503cec2ffb25ba79,fa4ab564c2b4a19b,256,256,RGB,JPEG,19435,4
Potato___Early_blight/c28107c6-ea57-4044-bb6e-508d6d360cd7___RS_Early.B 7057.JPG,Potato___Early_blight,True,735,a9b2c1c56bb2a014882338c4f7bdab79cb986a781095fea95854dcdb8940c891,8a7af140c707de9c,256,256,RGB,JPEG,17649,1
Potato___Early_blight/c2cc82b8-9f74-4e40-9792-c121a89a84c0___RS_Early.B 8524.JPG,Potato___Early_blight,True,736,14f757290fb34fb5171047f322a9c15ac53775ffb51bc0cacec1ba2acfc675e6,eac2b48e9d9998b1,256,256,RGB,JPEG,17861,4
Potato___Early_blight/c30ce1e1-5f05-4cb7-a95a-f22d3621c54f___RS_Early.B 6964.JPG,Potato___Early_blight,True,737,ab5c5b0212f65bc2dba66806bb1fc5b2266aa5b24bc1d2b8be46c8bf48bfa62a,dca8e2c58756d31a,256,256,RGB,JPEG,22457,2
Potato___Early_blight/c3356ff5-91b3-4673-b1d2-d47195b162cd___RS_Early.B 8352.JPG,Potato___Early_blight,True,738,7a4062796b7b4cfae9abbcf50a9ec886913602932c2d3dd1d37a3bea5263052e,bba578c2c15aa15e,256,256,RGB,JPEG,18323,3
Potato___Early_blight/c3bf3f15-b1ae-4e36-97a4-f341879db6ae___RS_Early.B 8263.JPG,Potato___Early_blight,True,739,139de15092b2132a52c1e8fd8180251fee58a7b2dbcab16dea8de63c9de3afec,ff3db0d0cae19c02,256,256,RGB,JPEG,22082,0
Potato___Early_blight/c3ce9bae-e62a-4dd9-afa0-f020c48b87cc___RS_Early.B 6704.JPG,Potato___Early_blight,True,740,36f06f5f67d23593c51ff8b6daec39f924487498ae1d02673c0b93baddd67177,8186ff7900d3730f,256,256,RGB,JPEG,22697,1
Potato___Early_blight/c3d68a2f-0c7a-4060-bfc4-8baf01d3f2fe___RS_Early.B 8010.JPG,Potato___Early_blight,True,741,f4e54af1da1474ac2d3c8718921ab9f1f3c49a3a08302eef83ccb587410afbfa,edade9c384838599,256,256,RGB,JPEG,23382,2
Potato___Early_blight/c419a9f0-5fb9-4db6-a229-5c08c36896fe___RS_Early.B 8585.JPG,Potato___Early_blight,True,742,961aca424f91ff4ea5950665184d94fb02ab9727a6824888824a9f1e2c2a1db9,ff2fa11496c2c8c9,256,256,RGB,JPEG,17356,3
Potato___Early_blight/c42b5e69-2673-42ef-8e14-a785fea3aad6___RS_Early.B 9107.JPG,Potato___Early_blight,True,743,125f9944878f4ac12a0c21ffe3b1589d6a64cbd38eca6b7fcbf1c2641cf84273,eeb0a593c59bc249,256,256,RGB,JPEG,19641,4
Potato___Early_blight/c42e79e4-76c0-406e-9779-6168330f4ca5___RS_Early.B 9008.JPG,Potato___Early_blight,True,744,3511057d1784ac2ea854aef92118d4ae62efd9fd9e289025c5367e3074939974,bf0fe031b41a0f1b,256,256,RGB,JPEG,22248,0
Potato___Early_blight/c43a5fd7-c60c-4a04-9835-bd35b551ec44___RS_Early.B 6701.JPG,Potato___Early_blight,True,745,e3748cf5fcd668abb39161006a517c5b3848bd456a3b257e95671aa68df0616a,d9b764c2864c1bf1,256,256,RGB,JPEG,22443,2
Potato___Early_blight/c47fa8ac-b2a5-4470-bda6-26dec4000409___RS_Early.B 7395.JPG,Potato___Early_blight,True,746,ad32accd0739c2fc3c9bad9f77498952178040feb747c9b56847246f488669a4,afe0f507c03f8a38,256,256,RGB,JPEG,20166,1
Potato___Early_blight/c48693cf-14bb-48ec-96fe-240bd2269866___RS_Early.B 7609.JPG,Potato___Early_blight,True,747,127181d58027f4063ff07280f78f84efed7f6ecc66d0c2f152c088881f3fa7a3,cad227cd98e093b6,256,256,RGB,JPEG,14884,3
Potato___Early_blight/c4b16bb7-f358-4010-a04c-10206bad02e9___RS_Early.B 8391.JPG,Potato___Early_blight,True,748,f1fd14d2cfdeec2f09a67614924b614c85fddceb1f97528dbb524f8a4a00e910,bf46f03ec3704623,256,256,RGB,JPEG,19865,4
Potato___Early_blight/c4dd703b-1d4c-4e4c-8064-0e1d743c47ae___RS_Early.B 7050.JPG,Potato___Early_blight,True,749,dfcf8ca74cfa58f3b37b90cbc4108a154215f4686e93adb4ad0bf0300c23ee7d,8b4c356d5833de26,256,256,RGB,JPEG,18642,0
Potato___Early_blight/c4ec31de-5466-49c0-b034-84a825327e0b___RS_Early.B 8062.JPG,Potato___Early_blight,True,750,171c7ec1bb86d08d0720925c894254675935fe44f3116eca105668821f16a011,8a7ee8c185a597b4,256,256,RGB,JPEG,20914,1
Potato___Early_blight/c53d85d7-bddb-422b-955c-6842cce9a927___RS_Early.B 7253.JPG,Potato___Early_blight,True,751,f45bfa665434403dcde635e7f78c7648320aa03b51633844031228ec6d8c4979,aaca65a58f2c963c,256,256,RGB,JPEG,20497,4
Potato___Early_blight/c53efbea-fddd-481d-aec5-14fd3c3e1723___RS_Early.B 7796.JPG,Potato___Early_blight,True,752,5ab420eb26533041c2f70ff9b05c4969aa4c62cdc32ef52454f1872433e2b338,efc8a021db95cd98,256,256,RGB,JPEG,22083,2
Potato___Early_blight/c5464947-d6f8-4d5e-9cad-009db19adf67___RS_Early.B 7181.JPG,Potato___Early_blight,True,753,48e181f79f17adf9a56c78e7f7a78198f8bda5aefcac58ff2ee8763a5b196856,bac8a5cd97cd18d0,256,256,RGB,JPEG,19239,3
Potato___Early_blight/c59f2dde-4805-4f63-b47a-79fe9cd9364b___RS_Early.B 7510.JPG,Potato___Early_blight,True,754,e518fa371cd37bf5025364706088b05c2ee9bdd49cfa9bd93cfd32ec12f09426,86faf8c035831a9f,256,256,RGB,JPEG,16189,4
Potato___Early_blight/c5a12e34-99ea-443e-a67e-3f2651508773___RS_Early.B 7647.JPG,Potato___Early_blight,True,755,e575e10cd033e960c0b44798ef8f30039d846497ee8fa4b8201e1b5deca92ba3,b834be59907ac339,256,256,RGB,JPEG,21318,0
Potato___Early_blight/c5b121ff-fc3c-406a-8127-2a7e413a0903___RS_Early.B 9006.JPG,Potato___Early_blight,True,756,dc1739cae2106c4d3ec7cddf3592c3c3b848b90dffad76847c02eb1b0f6aa622,80847fd7f07e0758,256,256,RGB,JPEG,23274,1
Potato___Early_blight/c5c57ff6-cff1-4be6-a2fd-324efc139881___RS_Early.B 7450.JPG,Potato___Early_blight,True,757,c5783f810ded2e08007411583110bbd1dbe50b4f2c9d102a10aea7168e8da03c,aaadb592905bcb29,256,256,RGB,JPEG,20397,2
Potato___Early_blight/c5cb3e89-f00f-4032-80ca-eb39bead0796___RS_Early.B 8645.JPG,Potato___Early_blight,True,758,664b5a4a0ed369228cf3415e3be9a66e71b1367185992738d1d4984dd0dd1b68,ffaf80d19ac2c1c8,256,256,RGB,JPEG,17726,3
Potato___Early_blight/c5dc57d8-9a0d-4046-9eb4-b9db2f720a47___RS_Early.B 7047.JPG,Potato___Early_blight,True,759,cafd3e09b0be31ceae3a56701d3d335953abb9d498e89a77699709ce47964fd1,d7faeaa185179450,256,256,RGB,JPEG,20006,1
Potato___Early_blight/c630212c-205f-469d-bb8d-9a143f65ab03___RS_Early.B 9000.JPG,Potato___Early_blight,True,760,5cdbded8043fa984665f462a1ec4afb35522d47a4848dca4fd1e5d7fddeba223,ef36389515560b6a,256,256,RGB,JPEG,19222,2
Potato___Early_blight/c653b79e-4f42-4a9e-8c5c-7a85483a3c29___RS_Early.B 9108.JPG,Potato___Early_blight,True,761,ba5d950db5a74898b51e0d60587a616ae58f94ba9afd67e36371c2f65ed2fce2,ba85b09ee1d8c738,256,256,RGB,JPEG,19943,3
Potato___Early_blight/c7067769-af82-46d6-8f42-d7a184e3f59a___RS_Early.B 7916.JPG,Potato___Early_blight,True,762,f852cbd03286177dde62b2455a4342dfcbb6bfb18b5e5186fea781230b906ca5,fb56d405cb1bcc12,256,256,RGB,JPEG,20264,0
Potato___Early_blight/c71ad6f9-6258-4602-84dc-ecf75296672c___RS_Early.B 7525.JPG,Potato___Early_blight,True,763,e581b48ff15c683234d5e9d152c6044ac3a9500d58bdfb01bf397b91cee5e723,d53aaab5945692ca,256,256,RGB,JPEG,17909,4
Potato___Early_blight/c7212fa9-df1e-485e-a471-1011dd797865___RS_Early.B 8680.JPG,Potato___Early_blight,True,764,574be4358427fc10863275f25156ed5cd490d69feb5fe46b569a8fddeee48d27,aafba5c89005de0f,256,256,RGB,JPEG,19556,0
Potato___Early_blight/c74c801d-a6e5-44dc-a7e8-f3a5f39a300e___RS_Early.B 7864.JPG,Potato___Early_blight,True,765,ca440810609107b95883be65d48fd68e9c53771877f22484447a104ca6188abd,a24aeda981a597b5,256,256,RGB,JPEG,21973,4
Potato___Early_blight/c777a0ce-5d2b-4e87-8cc4-d5f8847a4553___RS_Early.B 8239.JPG,Potato___Early_blight,True,766,144b0669668c85b9100ff35805272ceb0c8f702ea8921adc08f0d412738ee744,affac0c197059a3c,256,256,RGB,JPEG,22122,1
Potato___Early_blight/c7f27f40-6634-4118-9990-6897e0c68579___RS_Early.B 7197.JPG,Potato___Early_blight,True,767,7a33394ade5b3e15e5bbfdb66919da94bbcd4740eb799ada16e82212fdeba9be,af52b42dca16c51d,256,256,RGB,JPEG,20804,2
Potato___Early_blight/c7fb1eeb-741c-4583-ad3f-ed46d5c2c920___RS_Early.B 8865.JPG,Potato___Early_blight,True,768,20bdbe20fd38fd01164d33566f54be3edf1685f915cdd85c5cc62a7f60c1271d,a906b73fd2f448c2,256,256,RGB,JPEG,20441,3
Potato___Early_blight/c82e587c-a0f2-451e-9057-e3719a3d9562___RS_Early.B 6824.JPG,Potato___Early_blight,True,769,24ab10f7cee5738b5d79b5fbacaf4741477fa98340cc9f28b0799c3305a4b76b,afc897619a27d832,256,256,RGB,JPEG,20876,0
Potato___Early_blight/c8a008b3-a81d-410c-97aa-94e92118e572___RS_Early.B 7616.JPG,Potato___Early_blight,True,770,fa12e8c20bfc1a2d5c4c5e7d5bc13409189787094550478b20db8d390b55aa36,ffe0a243d42f821e,256,256,RGB,JPEG,21054,1
Potato___Early_blight/c8dedd98-c5d7-4ef4-b4f4-70d0bae0e178___RS_Early.B 7128.JPG,Potato___Early_blight,True,771,3322fb267ff2c1d99273021f81efc88d6377d9d106760addef7d32d021e9a333,f5aa83d5cec2e0c1,256,256,RGB,JPEG,20671,2
Potato___Early_blight/c91060f7-f9dd-4930-ad0a-8a4a6bd803d2___RS_Early.B 7869.JPG,Potato___Early_blight,True,772,1fb7c32b6fbcdb9227028325dae732b86b2e509a93ca4105a5f077dd458beb6f,f754ea0aa16b8d29,256,256,RGB,JPEG,20595,4
Potato___Early_blight/c9296b35-7b8b-4ac2-99db-07c426ec774b___RS_Early.B 6832.JPG,Potato___Early_blight,True,773,0d23beb96fd3cb091880dcd0be2a9494a132488358a06d5de68a3b079516f975,ae91e5c2964f926c,256,256,RGB,JPEG,20409,3
Potato___Early_blight/c9bd759f-bd34-4333-a7b9-23ad810bba32___RS_Early.B 8033.JPG,Potato___Early_blight,True,774,c048943bf393196479892aa87bb4fbec43a282a43d28e69fe7b09ed4fc845f94,aaa5bd52f00b81fc,256,256,RGB,JPEG,20778,2
Potato___Early_blight/c9bff7de-c589-4ed2-92fe-cd9ca2a1df16___RS_Early.B 7846.JPG,Potato___Early_blight,True,775,f3afa8e6df33a4a1ac5e1ae13b418e5dfa9ef126e78eb706711d167713102d9d,aa6afdeda19081ca,256,256,RGB,JPEG,22330,3
Potato___Early_blight/c9d5a9b6-4e5c-42df-8f9b-5f57e13000df___RS_Early.B 6933.JPG,Potato___Early_blight,True,776,e3362da463ac4d04bfa5a952630c0d122b19ea9d3ff7412dc801d750b031cc47,aa90fc5f83609567,256,256,RGB,JPEG,22876,0
Potato___Early_blight/ca1bc7af-3220-4b45-b76d-8f950128c489___RS_Early.B 7266.JPG,Potato___Early_blight,True,777,4ca01d691d3631790748981ee8d526815a01486053f57efea40490a798553288,8a653d38509b8fda,256,256,RGB,JPEG,19719,1
Potato___Early_blight/ca2c9c12-f2ba-4864-806c-b85f4fb36f92___RS_Early.B 7640.JPG,Potato___Early_blight,True,778,00cf50c397eee3abca43f9ad4c10835da171d5d0bfc4a47915eb42bcf8ef8578,ff55f00a9a2e89b0,256,256,RGB,JPEG,20737,4
Potato___Early_blight/cac99520-3403-4602-961d-3a668bb980fb___RS_Early.B 7388.JPG,Potato___Early_blight,True,779,19c76e3d5074df164283df7185f77edb37070e519bbd0fe5d1718c3afa8662fe,86897fc6400b9b9f,256,256,RGB,JPEG,19753,4
Potato___Early_blight/caef0735-6517-4194-b124-5916815e4a71___RS_Early.B 7956.JPG,Potato___Early_blight,True,780,9827621e52363d8827ceeef39fced73afb2895b02af80c66c4f6e72d509ed7d9,bf9c9438ccc28dc6,256,256,RGB,JPEG,18383,0
Potato___Early_blight/caf7512b-4e4e-44fc-ae7d-8544168cf903___RS_Early.B 7120.JPG,Potato___Early_blight,True,781,c594babb7286dbdaba5675da3cc2dd4111e7beac3dd5b8cbecc4c726bb1c0f52,ffaa269598c0c9c9,256,256,RGB,JPEG,18424,2
Potato___Early_blight/cb5241ed-1a40-488a-9236-64ed07e6ebbf___RS_Early.B 6712.JPG,Potato___Early_blight,True,782,2288c34eee2276d46ca07af10547fe58091309962959140d086c556bc4ca7a47,8efe61e03f87c098,256,256,RGB,JPEG,19927,1
Potato___Early_blight/cb615e16-034f-465a-89a6-91e091698723___RS_Early.B 6796.JPG,Potato___Early_blight,True,783,950e83ef6ef401b494cf63315038a5a0e9b8f87e0f44d5a6baeef9d415438de5,ab90b54fb2cd9170,256,256,RGB,JPEG,20551,3
Potato___Early_blight/cbd4ef4a-1e84-41ac-8744-b5a1c52461be___RS_Early.B 8191.JPG,Potato___Early_blight,True,784,d790fec11981219c4a2fe69d5c9b02ccc5487a27a7fdbe271f1b81e3ded74f2f,e731ba1d81748772,256,256,RGB,JPEG,21189,2
Potato___Early_blight/cc48c415-4a2d-4d8d-94db-c736e7b7c882___RS_Early.B 7705.JPG,Potato___Early_blight,True,785,dd309ff5b8a1bb97a69ac2d4c8ace5be7f6915754428a39f80ce295852272072,8beaf481899fbc90,256,256,RGB,JPEG,20989,3
Potato___Early_blight/cc63b147-ad2a-4bc1-aa05-a07b3c6b7761___RS_Early.B 7091.JPG,Potato___Early_blight,True,786,78c92d56d5c677589a7a0f264d0b7b59e70d97548ada8f6c4b66e931d8beb942,dfe8e8ad9552c282,256,256,RGB,JPEG,19778,0
Potato___Early_blight/cc716d92-3d2e-4cce-bc77-bb4c8155b88c___RS_Early.B 8288.JPG,Potato___Early_blight,True,787,a3e5d5608f3f93ec4ce8e266dd08d9b4ba03e9d11d5d6cb4d3a127269ebd488b,ab15c21e8f659a4d,256,256,RGB,JPEG,18521,1
Potato___Early_blight/ccec0636-2984-4164-aad7-34b1b84ec42b___RS_Early.B 7766.JPG,Potato___Early_blight,True,788,8c4061ccaf4bba3371dfdcc01a75a739166977736412b2fe59e45af16ffe4dec,8afaf140cbc6ec89,256,256,RGB,JPEG,19249,4
Potato___Early_blight/cceeec9d-e0d9-4512-a1f0-faa5dc6bbf40___RS_Early.B 8381.JPG,Potato___Early_blight,True,789,3d9bbe4729c84aafece994a3ed31707d588f03df2c9bff4d020c63c3db879fd9,8800ff1fc17e9f60,256,256,RGB,JPEG,19650,2
Potato___Early_blight/cd025ad0-9486-4ee6-b545-c9040dc4e1c7___RS_Early.B 8821.JPG,Potato___Early_blight,True,790,0de3f3276e045c2c0b6a8c88bf5300e9966a31e083544f34acc51045bc9e6387,aa5af54b9025cb36,256,256,RGB,JPEG,20885,4
Potato___Early_blight/cdc5ed26-b023-41cb-9cd8-07e62df1e369___RS_Early.B 6864.JPG,Potato___Early_blight,True,791,4268415fd8de33782355b07e6c726371f5a9f9393625cc05b8c1ca902fbdf8b8,d9ac6ac1a515957a,256,256,RGB,JPEG,24393,0
Potato___Early_blight/ce9d9a96-23cc-4d24-ab68-3932cba59ae2___RS_Early.B 7080.JPG,Potato___Early_blight,True,792,beff4ff4669ceceb6b8f6bc702e06a467c11f65334161fd4243b90fa1d872e4f,ac343b5b9023c56f,256,256,RGB,JPEG,19426,1
Potato___Early_blight/cea35641-b4f8-49cb-bbeb-c98cfc79870e___RS_Early.B 7189.JPG,Potato___Early_blight,True,793,2ddb39fbc003e924b115d397a77e5c43d06ea4258931842fb75666135b37e11d,afe5e44c951c9a94,256,256,RGB,JPEG,18200,3
Potato___Early_blight/cf3169aa-b842-46ed-bb1a-3e02b6858c86___RS_Early.B 7566.JPG,Potato___Early_blight,True,794,dd87ed2f7c1de13a8a5de97760c50b9bfbf2501483c3b112da2e3491955a8bfa,fa3ea4b494129acb,256,256,RGB,JPEG,19651,1
Potato___Early_blight/cf38c261-5bae-4b5d-92b4-16c634557d2a___RS_Early.B 7169.JPG,Potato___Early_blight,True,795,ccb663c1e574ae1973c78e2c83ecc6b1f8a0dc4409fceda278890e207c066bf1,80033f0ff8ffc0f0,256,256,RGB,JPEG,19131,2
Potato___Early_blight/cf761f3d-755a-42b2-83cb-729443246c6a___RS_Early.B 7319.JPG,Potato___Early_blight,True,796,e3c17ae4ef8747da673e456d1215dc0845f975bd3e1b476d869e292d6e413f87,8fd4b00abe813eb5,256,256,RGB,JPEG,17803,0
Potato___Early_blight/cfa37804-6d71-45fe-bd88-c899b9534992___RS_Early.B 6673.JPG,Potato___Early_blight,True,797,fb43986ed97bda63b8b9e7d656b3ec9580857d2a439cfaf52f6054be3ca7e743,a201271f9fd8cd69,256,256,RGB,JPEG,23483,3
Potato___Early_blight/cfd3112d-e376-4b82-bc06-de0bfba0ab41___RS_Early.B 8389.JPG,Potato___Early_blight,True,798,ca6dd6d8860847527b34954711ddebd440c5d62bcffe3e19a8955d95ea614759,a846fd1fc3f00ec1,256,256,RGB,JPEG,20912,4
Potato___Early_blight/cff1ed1b-51ec-4d44-ab1f-7a3dc1ec9ea9___RS_Early.B 7100.JPG,Potato___Early_blight,True,799,8809bab5bf975d5b53751d07a11022dae855add94f8375ea3be230863896a9b0,aad823cb36d99097,256,256,RGB,JPEG,16996,1
Potato___Early_blight/d0221e13-4d76-45e5-9cd1-7cac63833f52___RS_Early.B 7191.JPG,Potato___Early_blight,True,800,9f0f4a31bb280bb73d063e83604223e84f8401fc4bf2507c180b3f46d82e2cd2,8a3cfd1f80f8c1e1,256,256,RGB,JPEG,19881,2
Potato___Early_blight/d031102c-679d-4323-a5ee-4c52ed2d5740___RS_Early.B 6947.JPG,Potato___Early_blight,True,801,927532d99ae7a014af22b0237c3d7e64400614fa64c2374e029f9e77bf82252d,a89fbf12f829c03c,256,256,RGB,JPEG,23172,3
Potato___Early_blight/d036af36-99a4-4b25-aa40-2477883e73cf___RS_Early.B 8269.JPG,Potato___Early_blight,True,802,9d106e9889327af259279043a1996a80709f28cacc6157c7d9c75534bc1b9eb4,bb6ae481e34c5879,256,256,RGB,JPEG,20452,0
Potato___Early_blight/d03ee4f8-b77d-4f0f-8d13-d0a019a37a66___RS_Early.B 6970.JPG,Potato___Early_blight,True,803,4801cf9399c14dcb2bd7a31482bf0ccb8e41c14a8a6e33778553219b040a56cc,d5a56a56a598959c,256,256,RGB,JPEG,21381,4
Potato___Early_blight/d063f825-aa36-4cfd-a227-4c3f30760aa2___RS_Early.B 8307.JPG,Potato___Early_blight,True,804,f21c1e1e98325b2491bc5080458d5093d4832aaeded35e1d33d5024422dec8db,ff51c10f9c21baa1,256,256,RGB,JPEG,18416,0
Potato___Early_blight/d06681cc-3ed1-4af2-ae40-2597eaea3dd4___RS_Early.B 8691.JPG,Potato___Early_blight,True,805,c18b9bcedf33353cdb1db7cc93afd7ae723b333f31666cd2dbbc832dccc21267,8a27ffdae8c8c4c0,256,256,RGB,JPEG,22037,0
Potato___Early_blight/d0719ccc-a4c3-406e-bf73-94115fefde12___RS_Early.B 8569.JPG,Potato___Early_blight,True,806,bda2af57dbceb085d4b281d83e6065564533fc676fb8f7a741d63002bcfcff34,ebd8878c3fc830e1,256,256,RGB,JPEG,19051,1
Potato___Early_blight/d0be9a48-d0f6-4d34-9c80-3eb7631e2d8d___RS_Early.B 8143.JPG,Potato___Early_blight,True,807,86584a7b684ffd33a8362ba5be3a6f684325c68f28ed1afddb0911ae490d5306,d555ea4ab16a9929,256,256,RGB,JPEG,21669,2
Potato___Early_blight/d0fc4557-34a0-4324-8b2c-865853e0face___RS_Early.B 6912.JPG,Potato___Early_blight,True,808,e5c91ba34afff1cd1c78adc349d77afb17aafca76b0441ad1ffdd25270551b51,df0ea894d74a4a69,256,256,RGB,JPEG,21534,3
Potato___Early_blight/d1072068-911c-4656-8bf2-e662982199e1___RS_Early.B 8141.JPG,Potato___Early_blight,True,809,6635b4a4ce9ebd2f8b484ee5def591ba6f55de9560d52311c3bf8dd3fa402805,a880b597925acfe9,256,256,RGB,JPEG,21763,4
Potato___Early_blight/d1184bb1-defe-44b3-aa71-d03fe11bf535___RS_Early.B 8787.JPG,Potato___Early_blight,True,810,df8bce3e85b46f9a307fd5a8f01319c54575005c992c4b6fbca9934578ffc624,ffd0a00e958b9a35,256,256,RGB,JPEG,20161,2
Potato___Early_blight/d1625c19-c90f-4a5f-bfc8-cb406ad20753___RS_Early.B 8649.JPG,Potato___Early_blight,True,811,20cc1d1fe9934d4bcda63833e6e435f9c270516b013546dcd77065d4f5f0ea30,be9fa1908ad2ccc9,256,256,RGB,JPEG,19919,1
Potato___Early_blight/d1b4cb77-db0e-42db-b1c0-25d222844241___RS_Early.B 7130.JPG,Potato___Early_blight,True,812,2668dbc9243b31e7961e9b77b2045867465b5028e781588ecf3069ffd4df8428,eacaa5cb959f9024,256,256,RGB,JPEG,19951,3
Potato___Early_blight/d24073c7-875b-4e86-b8cd-58853f13c191___RS_Early.B 6761.JPG,Potato___Early_blight,True,813,c3c7b0353f2b2e6634560eb23716bb04fca5342f64ab7d61c53c691f87b863af,8372fec08227ed0f,256,256,RGB,JPEG,22089,4
Potato___Early_blight/d286d101-227f-48ba-b906-586879eb6a00___RS_Early.B 7095.JPG,Potato___Early_blight,True,814,d1ea78d0df2fb4187e85c62d136d3da1ab7db0257fc6338faf7383a23166dfc6,8001ff02fd7bd0f8,256,256,RGB,JPEG,18878,0
Potato___Early_blight/d2dcbc63-47c6-4a67-914b-cb1e117b58b0___RS_Early.B 7159.JPG,Potato___Early_blight,True,815,ee240058c6589556327af47caacec817d49232ab99ed48473889a89d35a61e06,d38ba7d0c8ecc4e4,256,256,RGB,JPEG,17367,1
Potato___Early_blight/d3240683-1636-4373-84aa-01ce594c19a0___RS_Early.B 8340.JPG,Potato___Early_blight,True,816,e490c55f2c2849ef4f72823d8183a43e7224b1578e5a8b0ef19f895b12f78590,fe3ea8f4c0428acb,256,256,RGB,JPEG,19646,3
Potato___Early_blight/d32f991e-d1da-44a3-b3e0-2f99cc038900___RS_Early.B 6994.JPG,Potato___Early_blight,True,817,844b43924bd9185aa022fe921b8176f8b96574989eecd245d568eec54e21b7f5,847ed100df199fb8,256,256,RGB,JPEG,19012,4
Potato___Early_blight/d3a1b356-0ffa-4d47-9f52-410bbd0e3e3d___RS_Early.B 8884.JPG,Potato___Early_blight,True,818,54673f8052cd0aad7e55281cc0501f1c0ea29bf1333bc293dbec4907c471ffd0,abe4b480d60fd83d,256,256,RGB,JPEG,16911,2
Potato___Early_blight/d435f2db-74fc-4b82-9dd8-9ffdc51650c6___RS_Early.B 9181.JPG,Potato___Early_blight,True,819,164dd5ddc9a22abffd1a93b86a1f60dd79ec8bfd25bf6e1a5fb2dd4137acfb55,f7c8ea37a546940a,256,256,RGB,JPEG,20849,4
Potato___Early_blight/d44a363d-c186-416e-8fad-1a456699bba2___RS_Early.B 7229.JPG,Potato___Early_blight,True,820,f9fd5c40da6c039a2be642e5bcac04e26fd45daa08a6e9f1de082f914ad830b6,af685991b1b3c30e,256,256,RGB,JPEG,20169,0
Potato___Early_blight/d472b6e3-a00c-4b4e-b13a-cdababff9d24___RS_Early.B 7699.JPG,Potato___Early_blight,True,821,eb1d10a9f2560d9105809cf82c8e09a505693e0324c447d5d08450f3d602adf1,de52a02993bd993a,256,256,RGB,JPEG,19586,1
Potato___Early_blight/d4cd2357-1142-4f0c-8c44-201241a27573___RS_Early.B 9146.JPG,Potato___Early_blight,True,822,ce673735eb6fded0b2fe9e5569aeebb1847e52de57df5a3f04a3640a164d3b84,a20f9d594aa1cde3,256,256,RGB,JPEG,23179,2
Potato___Early_blight/d4f3066f-adb8-401b-a27f-19a12c336ebe___RS_Early.B 8626.JPG,Potato___Early_blight,True,823,4ac938f85eac216fa5108f5113dc3e036212e6398eab675256cbf14e5661377c,aae1b483d0decb8c,256,256,RGB,JPEG,16599,3
Potato___Early_blight/d50dde4d-fe2f-4e8c-b336-69be71e34ce8___RS_Early.B 6905.JPG,Potato___Early_blight,True,824,cad4bb57926c437fe5dafb9586ad46f1f64725cdcfdf36b1d2f89c7fc362862d,eadeb0cd9aa48932,256,256,RGB,JPEG,19964,0
Potato___Early_blight/d55f09eb-e463-4abd-aac6-fb144b30ead7___RS_Early.B 9004.JPG,Potato___Early_blight,True,825,6ac58ac77695afd4fe80c4576d3dca171871de9ba6e6aa7ea301d4de9e948dce,88c7fdf81041f387,256,256,RGB,JPEG,23907,1
Potato___Early_blight/d5673be4-4d62-4287-b9a4-3653b88d1604___RS_Early.B 8304.JPG,Potato___Early_blight,True,826,99b7b41b9a8e659fd5b2ebc86c4ef17c3c5aba6dd9bcfec9825576c2b405148e,82b3fd42d80bc1ee,256,256,RGB,JPEG,19497,3
Potato___Early_blight/d59c5aa9-8d45-45db-be3e-0276e24641f5___RS_Early.B 7897.JPG,Potato___Early_blight,True,827,629cfb8cfadf69b391b99e57c9c373c034e8b2aac44a433d8283e0c8f57ea324,8aa5b51fc86ccd64,256,256,RGB,JPEG,20399,2
Potato___Early_blight/d5c51ec6-506e-4b85-b774-66f6a5493c90___RS_Early.B 7071.JPG,Potato___Early_blight,True,828,61ba4d123ffbde8268a7d54c978e0b5c847519c93e0c9fa145f3d94a1c945c98,8a4b3ffcb4819187,256,256,RGB,JPEG,20938,4
Potato___Early_blight/d6ffc732-27cc-4391-9820-be9d386fb245___RS_Early.B 7032.JPG,Potato___Early_blight,True,829,07249c24712c6008877bd9c65625db8ac312cdaf6eb52595edf75d0f0262f5f1,ddd5a18a1e2db22a,256,256,RGB,JPEG,18562,4
Potato___Early_blight/d7c9765e-4a73-4eeb-9f9e-9ed98b7e93fe___RS_Early.B 7601.JPG,Potato___Early_blight,True,830,ac800b3ef89cafd08198ff52af17ce3ea653b03db6fac473f3096693684bcfda,e8d2a6cd35c14a9d,256,256,RGB,JPEG,16477,0
Potato___Early_blight/d825093a-2bd7-458d-a9a1-036db6c08dec___RS_Early.B 9018.JPG,Potato___Early_blight,True,831,79f5d9e5491bf21e5482afb562231d7af67ba6768966d843b18fdd7aa7687108,c15079363c1b1f3d,256,256,RGB,JPEG,20402,1
Potato___Early_blight/d829c0d8-016e-4337-b80f-bb1f329b1d4d___RS_Early.B 8797.JPG,Potato___Early_blight,True,832,a1ef8cce5861298f85d16d7a24ebadbe733c7bf9cb42ef1cb518cf4dcd9c22fd,d5e0ca9b3a70a54e,256,256,RGB,JPEG,19419,2
Potato___Early_blight/d84ba2ee-6ef5-45b7-a15a-b677b99cd3f6___RS_Early.B 6772.JPG,Potato___Early_blight,True,833,e77ef99654bc0ada52c98077971dd42409e49182902f1ad9a275b8b566307eb0,d7e03217685eab68,256,256,RGB,JPEG,20458,3
Potato___Early_blight/d87f93fa-f6f8-49f1-b9e1-8f196f377df8___RS_Early.B 7244.JPG,Potato___Early_blight,True,834,ddd68c47f17f7dc247af1e7dc77e649d0f94bffe6c47f4da0568c5a9aa3baa4b,ef7864696265cd06,256,256,RGB,JPEG,18384,1
Potato___Early_blight/d8a55ed1-7b3a-4b25-84b2-6046c0d9e3ab___RS_Early.B 7443.JPG,Potato___Early_blight,True,835,8c51414f0479f41a37666dc4085dca1846fa8b3d83504e90c7066584f5d9de8f,be9ae178ccc28d43,256,256,RGB,JPEG,21491,0
Potato___Early_blight/d8a8d6e5-d82d-4f7c-aac5-183e85549d9b___RS_Early.B 7799.JPG,Potato___Early_blight,True,836,ac3a362ad3f31cb25991e44abb64de445f5a96c6d9f626c10cde741881bb699f,aaeaed40d18f921e,256,256,RGB,JPEG,22204,4
Potato___Early_blight/d8efc91f-6e85-4508-8d49-9c4a11c4c71a___RS_Early.B 7484.JPG,Potato___Early_blight,True,837,2ab47df61b2473fd0c6bccb9b8495f7ee8e6f0c9ae8eca85ecc597414263987d,efc5b036c5da0649,256,256,RGB,JPEG,19165,2
Potato___Early_blight/d91d88d1-89d4-4017-b0f0-9e875bedfcab___RS_Early.B 7201.JPG,Potato___Early_blight,True,838,4c936959e56bf532e4cdb84a586dc667f302b64e566f9affd58789db95491467,daa9a9c5a1d48e9a,256,256,RGB,JPEG,20062,3
Potato___Early_blight/d9293730-8ba7-4f41-936a-eb129bde096b___RS_Early.B 8102.JPG,Potato___Early_blight,True,839,399523ec1eb89c56663477501e4490f3c758c624e90ff5ee11c01e0e7383ac36,a9f8c08bcf84cf86,256,256,RGB,JPEG,21915,1
Potato___Early_blight/d9303294-b0d9-4066-85d1-4ef58977b78e___RS_Early.B 7337.JPG,Potato___Early_blight,True,840,241a2b06a721659512797bec9aa59d6d9f94f3af0225bd38d4d3aa7043ea2e10,8a7bad01f44bc28f,256,256,RGB,JPEG,20118,3
Potato___Early_blight/d97f6469-bef9-4276-b918-efb1a1859fb7___RS_Early.B 6958.JPG,Potato___Early_blight,True,841,ff84e08058fe4b1a2d93f2a7d058803032f54ba06d1e093375295ce2a7a89799,e5221a9dd3cce8c5,256,256,RGB,JPEG,22395,0
Potato___Early_blight/d998c614-017c-4f90-8e39-f8c500d21218___RS_Early.B 8292.JPG,Potato___Early_blight,True,842,9abbd73aaad5153f43659abd951de56bb2de50b8118003df9becd37d98e9f311,efc8a58f9494909e,256,256,RGB,JPEG,15640,2
Potato___Early_blight/d9a1cd5f-e2f2-49f7-b5f1-22cf02eb5ba4___RS_Early.B 8891.JPG,Potato___Early_blight,True,843,c94949ebd3a25459149240448ab9f29c61b208e5fbcc8fa0297b51ac0ec6c5cc,d7a1e897a556245a,256,256,RGB,JPEG,18520,4
Potato___Early_blight/d9b34eaa-9d54-41fe-9ea2-335fe0b572ee___RS_Early.B 7735.JPG,Potato___Early_blight,True,844,636f94357728628e3a2bfd887f2aab4e0f639fd9253bdaf96dde2eae76030449,8285bf52f94be03c,256,256,RGB,JPEG,18842,0
Potato___Early_blight/d9ebe6a0-d46e-47fe-950e-938f7ce83afb___RS_Early.B 7419.JPG,Potato___Early_blight,True,845,01c0ec3182c305031c0d1946bb7183c34635272ab7ed47b0b19a376e645b9dbe,8080ff1ff0fe05f0,256,256,RGB,JPEG,18790,1
Potato___Early_blight/da3115aa-a34b-42b2-97a9-9a1922770c8d___RS_Early.B 6708.JPG,Potato___Early_blight,True,846,adfd111dee31a05bb6762d68009848ddd5a4e977995c43fbd414bc7388496813,dd0c6a6564373476,256,256,RGB,JPEG,23421,4
Potato___Early_blight/da412bf6-6bee-4dfb-8bc7-b6e9f80971ff___RS_Early.B 6808.JPG,Potato___Early_blight,True,847,98b9e3b503a69f8e33cbdd32a7d1e70b9bdadf2220547e565ba931414f411da6,deb4e883adcca584,256,256,RGB,JPEG,18789,2
Potato___Early_blight/da4c4f0f-ea7b-489a-8ac1-f8c63ff59bc4___RS_Early.B 8818.JPG,Potato___Early_blight,True,848,0147ccb55136a315a5110525b4cf5427f02e1774b9f35df5c29f061adbab6328,df0f81b09ec2c8e3,256,256,RGB,JPEG,18994,3
Potato___Early_blight/daa35c03-7307-4e2e-8b15-f33bfff5a12d___RS_Early.B 7712.JPG,Potato___Early_blight,True,849,0dfe7f1ac0eb6b0e9d68bf59e325d0ea2622c5817dd0a766ca20147f1c770fd9,efa3e44e87089639,256,256,RGB,JPEG,19857,0
Potato___Early_blight/db4dbc48-209d-4615-95cd-1d7ee7f1d7e0___RS_Early.B 7545.JPG,Potato___Early_blight,True,850,211094f095851caced38ea40dd00889a0d95bc6f836d3345bf39a55fdb5f2c18,af85b01fc078cf70,256,256,RGB,JPEG,18701,1
Potato___Early_blight/db5d0f5f-a722-4f12-96bf-c9608e5c7f2a___RS_Early.B 8945.JPG,Potato___Early_blight,True,851,e6307d26adfd8782e5b8c050cade82131136f15ede4b4ab5046bcf5372226ce5,bb636ee6850b421d,256,256,RGB,JPEG,21782,2
Potato___Early_blight/db60c4cf-30f1-460c-a345-3045f192f725___RS_Early.B 6722.JPG,Potato___Early_blight,True,852,52503e715c22752c6e1610bd94a24b7735ce268aca441b0445b1499a39dd409f,82fe3d807803f61f,256,256,RGB,JPEG,22375,3
Potato___Early_blight/db79941d-3ca1-42f1-b06e-d150a49d476a___RS_Early.B 8742.JPG,Potato___Early_blight,True,853,2294b82160588d0893ea3aef30db5e74e56804fd1354e4483c26c39c18356071,9f97a2f0dce0180f,256,256,RGB,JPEG,19005,4
Potato___Early_blight/dbdf96e5-2f8c-475b-b2dd-40a5862e10f7___RS_Early.B 8017.JPG,Potato___Early_blight,True,854,14bc767a2cdded2a3c097e4ed2ec718c7039dcba39ceb22e6af84dae0a302cff,ff61e84ac50e8574,256,256,RGB,JPEG,21771,1
Potato___Early_blight/dbe05365-9166-45f7-94cf-cefca787215a___RS_Early.B 9144.JPG,Potato___Early_blight,True,855,42407d46b45d32af93c87d7319aba0601516e149b7ff579c0c6a1d6c97327715,9b89e492cbc96c96,256,256,RGB,JPEG,21980,0
Potato___Early_blight/dbee10d3-333b-4c62-aa90-23c1f859519c___RS_Early.B 7252.JPG,Potato___Early_blight,True,856,f340484049b2b283c2a662818999f69a651c6746f5feb41b5f2d487780f290ba,e545baa28d9d8a96,256,256,RGB,JPEG,20034,2
Potato___Early_blight/dc0536f7-e777-4751-8733-f643eb18329a___RS_Early.B 7492.JPG,Potato___Early_blight,True,857,b7f0dd152a379d31dcd1f0d4e7a4c2798e2bf965f4e9a39db993cdf74f2e223d,ffd0b08b36cd1264,256,256,RGB,JPEG,16993,4
Potato___Early_blight/dc2775b9-e62e-4fe5-921f-e1cf5c4e2fe4___RS_Early.B 6942.JPG,Potato___Early_blight,True,858,e26be6fe5f9765eb05dffbfd5f1a93514aa66b6df58cbcde597f41265351bf6e,fbe3a01e91a88eb4,256,256,RGB,JPEG,22175,3
Potato___Early_blight/dc34096f-8974-4a76-8d15-42ee86038015___RS_Early.B 6734.JPG,Potato___Early_blight,True,859,0a3d51384892c791cbae8ff4772feb91c284a4227ddb82edf90b5e2432f44273,a25b351d4c1bce87,256,256,RGB,JPEG,21696,0
Potato___Early_blight/dc3e6480-10c2-429b-bd9a-b8dd7d538594___RS_Early.B 8061.JPG,Potato___Early_blight,True,860,85cec662d51e9e59c6d058dbf096efb67f89bc7ff6a48beca31f82001b0ada82,fbb0b0ba91189e8b,256,256,RGB,JPEG,18347,1
Potato___Early_blight/dc6516c4-a74c-465f-85a1-55608ee518da___RS_Early.B 8843.JPG,Potato___Early_blight,True,861,95bf4d026c60d0f57318e6d0ffe7b8499f313b901f9e3c9a1ade066af72d2dd4,8280a05fdf7a8f63,256,256,RGB,JPEG,22065,3
Potato___Early_blight/dcb9073d-df5b-4a15-aecf-1c3af587cd74___RS_Early.B 8982.JPG,Potato___Early_blight,True,862,991d169aa31d23c101fbaef062e0cae4081ca3700d5436fd1f7d25df5630616b,df8aeabd253484d0,256,256,RGB,JPEG,19556,2
Potato___Early_blight/dcc46f93-d842-496d-980b-4b29a00551d5___RS_Early.B 8424.JPG,Potato___Early_blight,True,863,807bbd18bb2402ad62358ebcb004b5941b7816bd613bfbd60ab507b64041f5f2,b977c4409c0fda3c,256,256,RGB,JPEG,21348,4
Potato___Early_blight/dcc9e3a4-04dc-46fd-9bc9-739334aa23d9___RS_Early.B 6799.JPG,Potato___Early_blight,True,864,b766592a789ce83d5052bd637425d3791e41a4a2443d271c782c81473f4e96ab,aab5bd4e90789b81,256,256,RGB,JPEG,21733,0
Potato___Early_blight/dcdcc724-b029-4987-9d12-ccc8893ac6b4___RS_Early.B 8387.JPG,Potato___Early_blight,True,865,4eacc5160887e9092a4f484d2e670a4a35858bf6ecff2a48801a6370019889a4,bb83f03cc7601e87,256,256,RGB,JPEG,18853,1
Potato___Early_blight/dd1e0739-c899-4c1e-99c8-fd83a6d55694___RS_Early.B 7862.JPG,Potato___Early_blight,True,866,777a0f9ec6b796067cee54a52d6eb02e4404bdd910c953ba6e914b1e9473bdc6,efc9806b85678c2d,256,256,RGB,JPEG,20762,3
Potato___Early_blight/dd875158-7897-4f5d-ada1-46e7e382ea96___RS_Early.B 7912.JPG,Potato___Early_blight,True,867,fe9ff0d9648e9931fa72d6715296de3d19bd46a01ccfcf7c4dc1217bfc0c0650,a272de818d87cc9d,256,256,RGB,JPEG,21414,2
Potato___Early_blight/dd9c3ad3-aa94-4d00-88c8-8e4618e8832e___RS_Early.B 7633.JPG,Potato___Early_blight,True,868,1811d4b707207ff25adbdee5fd07ae4625b47b7e9250351c7bbe81d0c2f76365,fc41e33d956692b0,256,256,RGB,JPEG,19253,4
Potato___Early_blight/ddc6aed7-43bd-49bc-88d0-6f942acb362a___RS_Early.B 7328.JPG,Potato___Early_blight,True,869,f8155bb5568a0c852d955962532251e08b8c473c7550673aa8110e0ef7f8d878,aee4a48fc1cc9e98,256,256,RGB,JPEG,19252,1
Potato___Early_blight/de1ff62e-87aa-420a-9eeb-cb0e3475e84d___RS_Early.B 6918.JPG,Potato___Early_blight,True,870,3092a9e455a7c9e8364c73dc1b9b577c664fdc074ec613035ecc69d255cbf067,ca773db1911a9239,256,256,RGB,JPEG,20108,0
Potato___Early_blight/de44f09b-b207-4805-8970-2999f9c2dc7c___RS_Early.B 7917.JPG,Potato___Early_blight,True,871,8db5b89373cdf88beb32a03ac27436c192af23f796f1d9e99ce1bb81950f28ba,efb1b1f0c1c2c2c3,256,256,RGB,JPEG,20705,3
Potato___Early_blight/de8d212e-1bbf-41d7-b13b-29f0746223aa___RS_Early.B 8022.JPG,Potato___Early_blight,True,872,a51071a75bceea9a41358de8c6f4c6a7cbd129c6325e229d5be9142c0b059620,a0e4ef0dd40b9a3e,256,256,RGB,JPEG,21401,2
Potato___Early_blight/dea6a6e4-cfb0-4c00-a0f7-bdd1e52f82e0___RS_Early.B 7246.JPG,Potato___Early_blight,True,873,63363b9875044ab7594f92be9a7e94ede61b9a0b7001cc8afed406cc540e56c3,de2fa535961298ca,256,256,RGB,JPEG,19420,4
Potato___Early_blight/deb1d849-ecf2-4451-8ff7-ca6b0bbbf434___RS_Early.B 7677.JPG,Potato___Early_blight,True,874,16096343ce5a4b7ad773d108dfb1f68a72bc821cca9ea248e09db061560e0215,fe9d60d848b1cb61,256,256,RGB,JPEG,17563,1
Potato___Early_blight/df67aec2-c706-4a6f-8a4a-e11d7eb41eb8___RS_Early.B 7287.JPG,Potato___Early_blight,True,875,b52fbef9b72ec14de3e85394b2aa5ae82b615749026b35a04e5a77ab8b53df1a,eab4a5c29692da1d,256,256,RGB,JPEG,19537,3
Potato___Early_blight/df7e4d39-fb74-4e6d-9d32-04d7d2165135___RS_Early.B 6700.JPG,Potato___Early_blight,True,876,45479119cef44eda4c5008e64f04be4b827dbf1049decd51ce77ce297488a756,cdf865c716c9328c,256,256,RGB,JPEG,19345,4
Potato___Early_blight/e0042931-92f3-4527-b292-872075f4261d___RS_Early.B 7203.JPG,Potato___Early_blight,True,877,70d99e3e9bfeef5f1f7bc05c315c7790b4678ed95774060c68c15741b29a75a2,aae0bdcbb40db087,256,256,RGB,JPEG,18110,0
Potato___Early_blight/e00d7014-a909-4d98-892b-da96a2be9a2e___RS_Early.B 7535.JPG,Potato___Early_blight,True,878,a4b19c91c105071a15eec990eb9ac55d9f30ab32622b3e615afe55955bb784c8,fe90e1d2c78b0a9c,256,256,RGB,JPEG,18960,2
Potato___Early_blight/e016d105-f5cd-4082-a8c9-1913ea3fcfbb___RS_Early.B 7800.JPG,Potato___Early_blight,True,879,1510c11c1d0b348aeebbe4ad8908c647d7104759cd067f25ec0143331a362fcb,aaa5bf51f84ac06c,256,256,RGB,JPEG,22392,1
Potato___Early_blight/e0326fde-a613-4ec2-bc3b-e1d2154bdbcd___RS_Early.B 7679.JPG,Potato___Early_blight,True,880,337ecdf612cca7731bc742fd238513382a11c6e1fbb88bfd802de5bdd4b7b8ab,abb5f4c2800fcf34,256,256,RGB,JPEG,19306,3
Potato___Early_blight/e0552fed-9af3-4fbd-80e8-09151a839cf9___RS_Early.B 7576.JPG,Potato___Early_blight,True,881,41d76e730f2dcca581c6c118eaa73f6f3ff1c34331d33d8b758dc76fb4675900,ecc625691ae49bb2,256,256,RGB,JPEG,17169,4
Potato___Early_blight/e0654927-6cc0-491f-86d3-acb5ad261904___RS_Early.B 8341.JPG,Potato___Early_blight,True,882,6a9c570bc4896f76bb0d13513ecac32ab502c1107d6f5f152be9b8ffcd8bf9d9,df0f80d0cacbe964,256,256,RGB,JPEG,19194,0
Potato___Early_blight/e09798e4-23b1-4485-873b-605bc350f327___RS_Early.B 7320.JPG,Potato___Early_blight,True,883,08c7dac2acded2143f62c83a220ed571be43060942c00070467908a0b54b6d55,e0b12fc9ae573138,256,256,RGB,JPEG,18159,2
Potato___Early_blight/e09c5edb-1e38-44bb-bb55-260fa32d6a58___RS_Early.B 7340.JPG,Potato___Early_blight,True,884,b513e91ddf7e6a5b9fb3ef61f07b35a5c572bab525cdb40783ddb19c73f0b364,d5f0ea0789989db8,256,256,RGB,JPEG,19297,1
Potato___Early_blight/e11d63b8-93fa-41ba-b826-99811ee4c232___RS_Early.B 7387.JPG,Potato___Early_blight,True,885,e86c53fcbce7889e4161b82577f0d822cb30283b0fc0e396370fe778f88b6b4b,dda2619da2512d5b,256,256,RGB,JPEG,18113,2
Potato___Early_blight/e12f2cbd-6ced-45c5-8d83-96e19b92bfdd___RS_Early.B 8367.JPG,Potato___Early_blight,True,886,67eae03e9b5334b398174d75b5495d283cc6bcfa54f815a031a9669d2dfcbba4,df3aa0b481d19fc8,256,256,RGB,JPEG,20561,0
Potato___Early_blight/e1710bad-79c1-4b36-bbd2-b257c50697a5___RS_Early.B 7426.JPG,Potato___Early_blight,True,887,918f2228e69f63117db29672af7647b0141a522effcfe1c4f8b1df88a1b969da,8ad2f6c0ca9fb8a4,256,256,RGB,JPEG,20267,3
Potato___Early_blight/e217c2fe-b0d5-45e6-a7fa-98f253444d54___RS_Early.B 7067.JPG,Potato___Early_blight,True,888,7583a85c120798d4f6478fb98973de09fc93c02366924a630f6ced4b8f4a2ab4,fedae1c0828587bc,256,256,RGB,JPEG,19159,4
Potato___Early_blight/e24cb505-5756-4269-aa4f-57d27da31b20___RS_Early.B 8973.JPG,Potato___Early_blight,True,889,576765594fe34d48000de233a0d1562e555093c01d870d7d9cd0334a2793e239,8ef62dc0e5939c0b,256,256,RGB,JPEG,20183,1
Potato___Early_blight/e3007682-ad4b-4a62-b64d-ebb0c4537077___RS_Early.B 7772.JPG,Potato___Early_blight,True,890,f5c3e8d50c40e5465831f2bd16cf92db9cf354024e234e378a763c4c814fc06a,d551a246dc0a9afe,256,256,RGB,JPEG,21073,3
Potato___Early_blight/e304fbf5-d145-433c-8f67-7b486581166a___RS_Early.B 7434.JPG,Potato___Early_blight,True,891,c8abbbcd8ede472289b364ed933460bc64e65b15d9a1f562d1c1d1823a8c55c9,8ca0bd1fc27c8f61,256,256,RGB,JPEG,18591,4
Potato___Early_blight/e3779bc5-a8e2-4be6-8e15-4a4713ab9531___RS_Early.B 8431.JPG,Potato___Early_blight,True,892,335c7da1e5d4d69e23bb2f209605280bcc901ed419f7820e7e1c3f68c288088a,ff2aa0968740daea,256,256,RGB,JPEG,19897,0
Potato___Early_blight/e40b6718-52b6-46a7-970c-5f1b6bae23af___RS_Early.B 8287.JPG,Potato___Early_blight,True,893,48d5dc9c5014747a73901284cbfb3c38e3f2166021d47e33fabe576b3bd01f75,ab6ad664c962660f,256,256,RGB,JPEG,16707,2
Potato___Early_blight/e490f736-a52f-434f-ada7-3bb255d99635___RS_Early.B 7417.JPG,Potato___Early_blight,True,894,babb649eeae0e740876f4ed172e737f6be2994e9f2e2c7e4a496031b5374541f,de856b9668d063d8,256,256,RGB,JPEG,19064,1
Potato___Early_blight/e4b0f6ac-2b1e-4e10-8733-de421a01c390___RS_Early.B 8254.JPG,Potato___Early_blight,True,895,a86ad44f9379a88247d0a2eb0998d8a1b279971753a16803ec5a3acf509b4a28,fc2a8195ae723876,256,256,RGB,JPEG,21019,2
Potato___Early_blight/e4bd2479-dd2f-41ce-9544-4f1804c4ab8b___RS_Early.B 8601.JPG,Potato___Early_blight,True,896,eb8d0497885469bcf47a992f3382a496fe104a93d6316112aa5fff64f4c40946,ff8ba0b58e509a4a,256,256,RGB,JPEG,18754,3
Potato___Early_blight/e50bd734-03b9-479b-9ca0-48ef217a2c59___RS_Early.B 7976.JPG,Potato___Early_blight,True,897,4ca5333703e00ea8a2a40e5decba54aa4986d932bc3fe5bd8bb57bf8f939da00,eb85e594629ae398,256,256,RGB,JPEG,20497,0
Potato___Early_blight/e50e7166-a67d-4207-a49c-0240b0218d48___RS_Early.B 8907.JPG,Potato___Early_blight,True,898,f503ffb185d564be7c17c95ae6f394ee532544830a2128e1ab30421ca07da3a2,90be2f01f44ea27d,256,256,RGB,JPEG,21791,0
Potato___Early_blight/e57ca76e-a4c3-40f2-a673-9f48b3b357ae___RS_Early.B 7539.JPG,Potato___Early_blight,True,899,14264ca951e5f6c7179ce8992efb6dbac23c9bb60e71b8fe92bb6044d17cb048,da52a18b8e3dd835,256,256,RGB,JPEG,18876,4
Potato___Early_blight/e5c94100-3e1c-4fb1-8b6b-f281b491adff___RS_Early.B 8604.JPG,Potato___Early_blight,True,900,16fa76dc7bba97b50afaeb9be75863e12d2e2228904e310c47ca7fa96b72cd60,8adaa5e996809f17,256,256,RGB,JPEG,22492,4
Potato___Early_blight/e5d559da-71d8-4999-9d5a-05da9e6bf12e___RS_Early.B 7491.JPG,Potato___Early_blight,True,901,70f15e92019fc3151e68b55e0a081adf9cfd76c395f6a9cd22055536602bb1aa,ffc0b1c336cc1aa4,256,256,RGB,JPEG,17719,1
Potato___Early_blight/e6693b54-623a-4323-aa79-3e0fc3c07288___RS_Early.B 9198.JPG,Potato___Early_blight,True,902,eea7f074d5025237a478babeca0479f6a749be97b122624468dcab05788ffa97,ee42c56d4dcf4858,256,256,RGB,JPEG,21407,3
Potato___Early_blight/e6aec621-1699-433a-8cf5-7310ec895810___RS_Early.B 8764.JPG,Potato___Early_blight,True,903,302628cbb8d57704e2c52398ffd9d35f8f33cfbe02ac02445e9ab6541d012675,fb42724ada8e4b1c,256,256,RGB,JPEG,17660,2
Potato___Early_blight/e6d543a1-8e5e-4709-9329-b93d63f52edf___RS_Early.B 8324.JPG,Potato___Early_blight,True,904,f964313ca86c5c8a825f966495ba60163698039b7d40230a0e4634a8d8c47b48,af1fa5169e429919,256,256,RGB,JPEG,19789,2
Potato___Early_blight/e6d7262c-803d-4346-a36d-4f384196e21c___RS_Early.B 6893.JPG,Potato___Early_blight,True,905,fdf75c6d87ea8569112af429e6bdfdf82dac528145d6f9afbf0b15a1a7c6e91e,8a5bf7a08107df70,256,256,RGB,JPEG,20982,0
Potato___Early_blight/e786a4fe-5aa1-4da2-a16f-4ee82c56e317___RS_Early.B 7245.JPG,Potato___Early_blight,True,906,d40583ae3c8cf5a1a15f360a2eb929e0674f158aa680f28a52b21f86094b4a28,eb686869c565cd94,256,256,RGB,JPEG,18664,1
Potato___Early_blight/e7b48816-19f7-4dc2-bf52-dfbb85e1f59a___RS_Early.B 7240.JPG,Potato___Early_blight,True,907,adbc2f0d6f7146a25755cfc64c95d3efed9c6782e4a14ad3d49f76c4054db585,9ae02dc9e53dc43c,256,256,RGB,JPEG,17280,4
Potato___Early_blight/e7cab6f5-308b-41ea-af82-e20cfe540729___RS_Early.B 7177.JPG,Potato___Early_blight,True,908,9239c7ec949a6f89f6f3812ba5637faf9df41b65df7dff94f45e130499d97b66,bf68d0c1cf8f8c18,256,256,RGB,JPEG,18644,3
Potato___Early_blight/e8db5472-3858-478a-b1ae-9198329a49a5___RS_Early.B 7528.JPG,Potato___Early_blight,True,909,124cac1140567c6f007f295a8e4629c0c717c0dac49eca8182188da15e5349fb,b5c24ec89833dab6,256,256,RGB,JPEG,20461,0
Potato___Early_blight/e912f95d-d159-47bc-b1ed-f0f08c3c391d___RS_Early.B 8366.JPG,Potato___Early_blight,True,910,862fdc47bb21a25a36ec61b426169e1c15bd39d7411cf37d3556cd16863149a2,dfd4e0ca9d399031,256,256,RGB,JPEG,20203,4
Potato___Early_blight/e9643c88-239f-4587-8093-3b96eb3723f4___RS_Early.B 7353.JPG,Potato___Early_blight,True,911,bcb3909013fa9e08f47d8e9a6246ce89e57efe6ca29219e209ea28f667107efe,f572aae2c78c8c1c,256,256,RGB,JPEG,18465,1
Potato___Early_blight/e9f9e200-b7ff-4a59-af32-b4faf3f27b17___RS_Early.B 8028.JPG,Potato___Early_blight,True,912,151bf611ef131f254ceeeced7fc696481d68ffeefd992cd4fe7ee60f99375f62,dff4e0d2958d9288,256,256,RGB,JPEG,21034,2
Potato___Early_blight/ea403e5a-34b3-4b06-a94d-65ad2e78831f___RS_Early.B 8136.JPG,Potato___Early_blight,True,913,5a0b932888e5661762033c3ad88fa8b928510b9236afb2826c616a0f404c82cc,dd2aac95d31a9a19,256,256,RGB,JPEG,18171,3
Potato___Early_blight/ea87f5c8-69f9-44e0-997b-bb896350765e___RS_Early.B 7798.JPG,Potato___Early_blight,True,914,7ab2003a9d013e9cecdc417b0883bc68a40b24f4d3be72750aca68aae9c92c18,af8fd09ee2d0e1c0,256,256,RGB,JPEG,19834,1
Potato___Early_blight/eb4fbc2b-c1a4-473f-a4e1-71ba04a7133c___RS_Early.B 7716.JPG,Potato___Early_blight,True,915,409495692b1b12669b7621cd0fc6426a8c1a34e587b8060e305219f9f40f2c4e,eb50e06bc26dcb07,256,256,RGB,JPEG,19854,2
Potato___Early_blight/ec4e730c-02c1-4b4e-b9fc-9387e2f30a8a___RS_Early.B 7701.JPG,Potato___Early_blight,True,916,9b58b6e7270b4b2ed9313c72464ee09a322228340afc3a6956cec911486ad17f,eac891e59b96ac91,256,256,RGB,JPEG,18285,0
Potato___Early_blight/ec6b34ed-69c6-466a-81a9-4ca18eb25275___RS_Early.B 7038.JPG,Potato___Early_blight,True,917,867d5d4e8c431dae7b39eb30bf869c3d12d66d65bda0a3c0fa51a25e5eaebb8e,fb60e00f5a6cd81b,256,256,RGB,JPEG,18866,3
Potato___Early_blight/ec9a34ed-90de-417e-bf87-31e748c8c770___RS_Early.B 7968.JPG,Potato___Early_blight,True,918,3511602e02d73fb6dabddc0072141d16d9cefd8874e265d6446550dba0c3dbde,8aaebdd0f402d22f,256,256,RGB,JPEG,21532,4
Potato___Early_blight/ec9ea109-34c7-48c5-bbac-40a36b21fa05___RS_Early.B 8761.JPG,Potato___Early_blight,True,919,5b4709b328934a2a8fc0e4118897b89bb8c51ad79f00dfc081c21ddb8b81a9da,fa96a15994489e6d,256,256,RGB,JPEG,16593,3
Potato___Early_blight/ecf9d01d-b97f-4cf8-99e5-7036bd91b5d1___RS_Early.B 8650.JPG,Potato___Early_blight,True,920,f2e88a1fdaf0053462cac58d784f116d4d7a1e30daeef60cf06ca3666abb291b,aa7fad40c50cff08,256,256,RGB,JPEG,18911,0
Potato___Early_blight/ed270d5d-3523-4bc2-b208-4f5304bbfeef___RS_Early.B 8218.JPG,Potato___Early_blight,True,921,58d019cf41b3993b4cefce32716e2367fd8cd4ee0ef61fd9aa8024cebf6d3baa,df0faabc9550984a,256,256,RGB,JPEG,20394,1
Potato___Early_blight/ed64bc0c-d2e5-44fd-a21a-f4d6b4f2f219___RS_Early.B 7366.JPG,Potato___Early_blight,True,922,9cd65a9912f77500c321d5ee0d31cb9af09fc51d4e697c2ec2ffbc78d1a1b298,be41e027f13a0f39,256,256,RGB,JPEG,17188,2
Potato___Early_blight/ed78ac4f-ce50-4de8-b508-ad07b9d99176___RS_Early.B 7313.JPG,Potato___Early_blight,True,923,07eb002117a17583d227b1b192be288b04a0d6a39820f58e705ab39b73d5c875,aae02584e69eb4db,256,256,RGB,JPEG,17870,4
Potato___Early_blight/edc5f476-dd30-4fab-a8a1-71faf6210420___RS_Early.B 7315.JPG,Potato___Early_blight,True,924,98316ed90afce58981fb0038c3b80bc27504ae4f5cb9b12697389916409f2e9a,887c3f04f4e2c277,256,256,RGB,JPEG,20255,0
Potato___Early_blight/ede5199d-4bf1-4bd0-a460-2168350ed05a___RS_Early.B 8773.JPG,Potato___Early_blight,True,925,b9b0d74df0c3da2061dea2ea802ec9c72d30293280d9eb1cbafb5e50a82eeb90,ff50e14bda0ed818,256,256,RGB,JPEG,18718,1
Potato___Early_blight/ee584747-fea1-4d16-9c03-40bfc9bcf1c7___RS_Early.B 8600.JPG,Potato___Early_blight,True,926,62f96f032ba795b18f3b2595d8d268c430b37a93eceb6c6e696a86d06b44df48,d6d5e10a972f9831,256,256,RGB,JPEG,19970,3
Potato___Early_blight/ee8df9d4-1893-49a4-b2e9-aee2b1e85ca0___RS_Early.B 6926.JPG,Potato___Early_blight,True,927,280cc13a27d45d8e12fe6585c6309e3eab55260f9d1d42106db670efd096b2b0,eb50604b636de22f,256,256,RGB,JPEG,22129,2
Potato___Early_blight/eec2262a-d16b-42e1-99bd-6891ef392988___RS_Early.B 7085.JPG,Potato___Early_blight,True,928,fc2f71c8c50e26f66244c2627b166781e052f5787aab761264b8b5d37ea6472e,aada35cb3449b28d,256,256,RGB,JPEG,17669,1
Potato___Early_blight/ef5b06f0-4c81-4e47-9ec3-499af1571d9e___RS_Early.B 8455.JPG,Potato___Early_blight,True,929,0217f6fd544f6e130e6fb77e4a926c5c20741f69e02d528849ba2ecd05c85dbd,abc3a534d4798636,256,256,RGB,JPEG,21100,4
Potato___Early_blight/ef722b35-2ab8-409d-a971-b3a853a72cb3___RS_Early.B 7184.JPG,Potato___Early_blight,True,930,a285f51ec9eca0bda8487b49eda43c068823f2c8e82e1a46bc7b1400a385f383,8a85bd5b943aa978,256,256,RGB,JPEG,20255,0
Potato___Early_blight/ef825fcb-d776-4dfd-a6ed-3bd49912806e___RS_Early.B 7985.JPG,Potato___Early_blight,True,931,b321703c645eb782c04521aeff07469a69235ee7bd3df3768a34b68537b53c4d,eae1e086879e963c,256,256,RGB,JPEG,20504,2
Potato___Early_blight/efa2f117-a774-4fcc-8445-142742aa7816___RS_Early.B 7458.JPG,Potato___Early_blight,True,932,4f8064268dd0f1ab6ddfc759db08abe0ad8d0bae01773042c92adc02cee52bca,febe9c706830c3c8,256,256,RGB,JPEG,21838,3
Potato___Early_blight/efb6e5e5-d83c-4634-a9f6-3f2332713497___RS_Early.B 6788.JPG,Potato___Early_blight,True,933,0c1c6b68cd519575b5187826a363d0ebe11cc2c84fa59208345285acc290f0b5,caa9a5d61b8b9349,256,256,RGB,JPEG,21293,4
Potato___Early_blight/efd49e70-b8d6-493f-9099-b3d9d534f365___RS_Early.B 7854.JPG,Potato___Early_blight,True,934,11bff60d9ed624548414966a1538cf18d3839a12cb95e09c1986063d27c89f8a,eea9a4359a729a4a,256,256,RGB,JPEG,21116,0
Potato___Early_blight/f069744b-375b-4fee-b1f9-23963195e936___RS_Early.B 6837.JPG,Potato___Early_blight,True,935,e94871eb601fd545116e02509d298950bca89065476746224cf6ffd9a318c84f,df8fa2d5c4508aca,256,256,RGB,JPEG,22844,1
Potato___Early_blight/f0a1af30-47b5-430b-b563-ef9a32a55dc7___RS_Early.B 6781.JPG,Potato___Early_blight,True,936,98be79696bb33e246e92dad10236fc36995605f85a1e69e790658b8f233075b9,ea9a25cb1acc3965,256,256,RGB,JPEG,17773,3
Potato___Early_blight/f0b444a4-ddd7-4286-8a80-423f7e71c526___RS_Early.B 8753.JPG,Potato___Early_blight,True,937,4902bbaeee135373f0747621d46cf5249bd8ab29c663f77b73eb5fd162efe432,aa6ad521db37cc18,256,256,RGB,JPEG,18441,0
Potato___Early_blight/f0cdbf74-8401-48d1-b1cc-94862e1a4452___RS_Early.B 7447.JPG,Potato___Early_blight,True,938,2e83aebc16f1a3513cdd2ca6e2a274f37e2333b15f85dd6208bc82f2615c2dba,d52ba775b4729888,256,256,RGB,JPEG,18263,1
Potato___Early_blight/f0f41a0d-7679-4e56-85df-44934fe0cb3b___RS_Early.B 7054.JPG,Potato___Early_blight,True,939,6037e68d636d37778c76f3df58a863e99294bade45e661307819992b1d57866b,d6a46ab515562b6a,256,256,RGB,JPEG,18798,2
Potato___Early_blight/f12d7916-b4f0-46f7-91bd-8dc097743149___RS_Early.B 8963.JPG,Potato___Early_blight,True,940,09bb12fc0edd6eb0e62f325e3c50441167895448981828cb1455a5f177913ec3,b7c16e93304f318e,256,256,RGB,JPEG,19549,4
Potato___Early_blight/f15637d3-829d-46f9-b45e-1e1768d6b8c9___RS_Early.B 7635.JPG,Potato___Early_blight,True,941,56b065e3c5596c553030ec1259f63fc895b819badf0323f0433f05f0497ae5a5,eac1a59e9738b261,256,256,RGB,JPEG,19114,2
Potato___Early_blight/f164ce92-d109-47ca-9f75-380a7f16155a___RS_Early.B 7104.JPG,Potato___Early_blight,True,942,5b677b921f28967f9d61f847d11021ecb36d48aa425ea3df8a0366d9a7e00254,dfe1e0ca96859ab0,256,256,RGB,JPEG,18909,3
Potato___Early_blight/f188a6c1-fbed-4941-a5a7-e11a6b4ddcfb___RS_Early.B 6910.JPG,Potato___Early_blight,True,943,55c38a6affdcd5a4fe3dc15d6077908b17f588312eb140e3a5ad56d26615ff35,fa19349acac9c565,256,256,RGB,JPEG,20407,4
Potato___Early_blight/f194debe-e829-4bfb-af09-681e50358f50___RS_Early.B 7739.JPG,Potato___Early_blight,True,944,81caf13025d2710869133cbbea58c6927b55d8f0770a63772341039e77d4d9ee,ff62ea0a830ed43c,256,256,RGB,JPEG,22355,0
Potato___Early_blight/f20b88af-30e2-4270-a035-2cf217469cf8___RS_Early.B 8266.JPG,Potato___Early_blight,True,945,f197457e887ac804ec1265e85435401a8ebc23aa445441fda03e6b0c1f2901b5,aa7ec0819f4e5c99,256,256,RGB,JPEG,22703,1
Potato___Early_blight/f217f3ba-56fa-4f97-bf9a-07697e08e845___RS_Early.B 9161.JPG,Potato___Early_blight,True,946,2cc6c837327975acc2875fed1b4645aa0e6a0e05f0c54f83d54d63b1a0708f89,fec246cf389bb081,256,256,RGB,JPEG,22342,2
Potato___Early_blight/f2540cea-220b-4ba2-bf16-7c1c7f32c38c___RS_Early.B 7997.JPG,Potato___Early_blight,True,947,c0671040174d02209008494ffd81145481cc57547036cc74515e5a919ab9b75b,ba85b452cb58cd69,256,256,RGB,JPEG,19468,4
Potato___Early_blight/f2a56e13-438e-4bef-a3ea-beb9f347d481___RS_Early.B 6691.JPG,Potato___Early_blight,True,948,dc85f04c2dd5a1c39b3333dfb7e30fe43647aa8947c844413aa39dd76dec808b,d5b26a91ae4c3578,256,256,RGB,JPEG,19764,3
Potato___Early_blight/f2e7be26-b7d3-4e99-8630-8b1650192b02___RS_Early.B 7275.JPG,Potato___Early_blight,True,949,c737a730839d42a553cc191d1a8e89aa98bbfba3fdf61b11f27097309f59fb0e,ff1f8512ca4a8d45,256,256,RGB,JPEG,19386,0
Potato___Early_blight/f32a2d3d-9ac5-426c-81d1-bc279def9ba4___RS_Early.B 7636.JPG,Potato___Early_blight,True,950,e3ec717ebca54a9408e69c7842ca8ac4598edac5803bbfbd404f1b10313f42e0,ff97a192c24ac5e0,256,256,RGB,JPEG,21375,1
Potato___Early_blight/f3360814-9e4c-46b0-85ed-73fc77ef7810___RS_Early.B 7550.JPG,Potato___Early_blight,True,951,80801448bf49f6f3e700de2da208305faf75bf81b02b96fe7904c445971006a4,efd0e083b538346d,256,256,RGB,JPEG,16096,1
Potato___Early_blight/f3483bdf-7adf-40fe-b478-044b7c9daff2___RS_Early.B 7034.JPG,Potato___Early_blight,True,952,25ccb2878a6e5f907e258944500495b76004a5df5d16e09dd075862ef2e59215,9ad2258d35e0976d,256,256,RGB,JPEG,17012,2
Potato___Early_blight/f3ad73cc-2e88-4157-97ea-d57d87c5760c___RS_Early.B 6687.JPG,Potato___Early_blight,True,953,bce735ae06620180499e157334a4868e0425cfce5085f0815dc7385ca94ee1b1,8fcfbc06c23e2718,256,256,RGB,JPEG,21273,3
Potato___Early_blight/f3b29f09-c337-4233-8968-0fcc66c9fa2a___RS_Early.B 8115.JPG,Potato___Early_blight,True,954,a63e395c4e1dcf117d3d6e420bc2403e50b1f87c6d8ab41144c6fcb0c53c1681,dd45a03a4729cb67,256,256,RGB,JPEG,21539,4
Potato___Early_blight/f400079a-ff67-45c2-8a50-5c5b1e08dc25___RS_Early.B 8491.JPG,Potato___Early_blight,True,955,daf23bdcf3d5d5a1587d0e9d4e7eec49c078886ab6cbc8e55ed741337753c677,b276c580d63ecc99,256,256,RGB,JPEG,17414,0
Potato___Early_blight/f48fc3b4-b7e7-4ad5-a651-0bf61a5173ff___RS_Early.B 8597.JPG,Potato___Early_blight,True,956,82d2c234ff5157eab2690c34cc420abf82e2ddc4285f751c210a5ebcdf6fc0d2,8285b71adf4afc41,256,256,RGB,JPEG,18660,2
Potato___Early_blight/f536e055-666e-41cc-8ee2-c1af2fbf754a___RS_Early.B 8104.JPG,Potato___Early_blight,True,957,d34c82a4300f748da825f0a2db2ec4706a66f061bdc64bbb75326c3ea4e9f5f3,be97c0f4d86a18f0,256,256,RGB,JPEG,22822,3
Potato___Early_blight/f56f07b9-9f3a-4c80-a4f8-daf49f479db2___RS_Early.B 8741.JPG,Potato___Early_blight,True,958,7f4105d64cc381280ed337e5bf67b2602c71a4256f3b4ce4ab23e7b51bc33b49,ae9cb8e2c1d38749,256,256,RGB,JPEG,17202,4
Potato___Early_blight/f5ec7cce-c3cc-4b4a-b716-d70175b1dcd2___RS_Early.B 7520.JPG,Potato___Early_blight,True,959,c4a4dab0d88fcf5a1f44675f9beaba9eb06737dbbb4026f48653f99e13bcb5af,aaf3ed809589d02f,256,256,RGB,JPEG,20964,0
Potato___Early_blight/f5fca019-b28f-4000-9d5e-b0b5fd061304___RS_Early.B 7503.JPG,Potato___Early_blight,True,960,2e4633841d8268e3f05fd24321547bd19ac877420298f17ec85faba950e2d58b,f6a560956bd88d1a,256,256,RGB,JPEG,15751,1
Potato___Early_blight/f686133a-e89a-4242-a52d-02f32ffd5275___RS_Early.B 8295.JPG,Potato___Early_blight,True,961,075b96b38d3c711434ea6aaf0887b9fa1a50b1cc36873235e34f8763c2218273,ab01b49fc3d8cde0,256,256,RGB,JPEG,15599,2
Potato___Early_blight/f6d020f8-8578-4c96-afc2-a1e97adb1ea9___RS_Early.B 7521.JPG,Potato___Early_blight,True,962,a9e2c21590060b87873b648f4e8dd6b9bc8065e9f5df258adffc24b862f29c7d,b78bc0558a69c567,256,256,RGB,JPEG,20635,3
Potato___Early_blight/f6d8c094-970c-41c5-9f5d-3ded7c8f7b15___RS_Early.B 6846.JPG,Potato___Early_blight,True,963,70bd6c6e8d4a2cf4c430830d4f22565c949c098beeb92ff7ade5a53df0ec31ab,885ef5c0c207df3c,256,256,RGB,JPEG,22939,4
Potato___Early_blight/f7740cb1-3295-4022-ae6c-7ffeee775f6f___RS_Early.B 8991.JPG,Potato___Early_blight,True,964,a398d9639452f91c713f185e82e1734e664c1a0377db82947ddcf4e73eb7431f,cfd264ca9699b289,256,256,RGB,JPEG,19171,2
Potato___Early_blight/f7a5e3e3-796e-4f4a-943c-24d26e2591d4___RS_Early.B 8679.JPG,Potato___Early_blight,True,965,fe0abda50567d048c4de963cd491699a0b54bb45340480dcbfa9bde8d06f33be,beada094cb98cdc1,256,256,RGB,JPEG,19170,0
Potato___Early_blight/f7db505f-aabe-4b96-b719-8c930b5ff471___RS_Early.B 9224.JPG,Potato___Early_blight,True,966,e7b053a1e3559586befa55308cca6b8af0276b37e20824df472facd51440ac74,8d1ffae0fb09e003,256,256,RGB,JPEG,21298,3
Potato___Early_blight/f813e04e-a4f1-4c7f-a56d-cf0829801acb___RS_Early.B 8836.JPG,Potato___Early_blight,True,967,5e0445deb6a32bf41261c79a67edfef1fff93dfeb7359a7dd1a5dbf39a42a115,f7f4c047ae1ab188,256,256,RGB,JPEG,18812,1
Potato___Early_blight/f838c192-a78c-460c-ab90-313dd5014a47___RS_Early.B 7718.JPG,Potato___Early_blight,True,968,5d1857ff1d4d73c92a41c9e0e4012c02f3b1ff86e18d96c94d094c6edbda2676,ff45b0ca82a78aa6,256,256,RGB,JPEG,21322,4
Potato___Early_blight/f89d5362-f38f-4acf-8fca-2ea154c07cce___RS_Early.B 7018.JPG,Potato___Early_blight,True,969,d1a0674aef0e643c1ddae1fc3ddfa1f8fd2104fb909fd2d62b190c1a4e62fa5f,8b01b45ee3703f78,256,256,RGB,JPEG,18717,1
Potato___Early_blight/f8b3542b-559a-4aa4-9f4a-ec4d22f4386f___RS_Early.B 7309.JPG,Potato___Early_blight,True,970,7f9ef97a0346477e5d3b98f2186fcf0f0078cb55b5d8d4816b78eb0eb11818e0,8001b75b4b7dd47a,256,256,RGB,JPEG,18502,0
Potato___Early_blight/f8b57e69-5902-4253-8404-11811ecf13e8___RS_Early.B 6995.JPG,Potato___Early_blight,True,971,704d920c2d393eae4c9b00e870a38dd6eb16f5c28e615e534fec9480e205e1b5,81067f0f707ee1f0,256,256,RGB,JPEG,20120,2
Potato___Early_blight/f8de1c8d-67a0-4825-9ad6-e15809ff909c___RS_Early.B 7348.JPG,Potato___Early_blight,True,972,996d27fdb8b883b8819ad98cd3066b3baf62af8c8e61a106b29589994dc5f630,d5aea3911855aace,256,256,RGB,JPEG,18355,3
Potato___Early_blight/f917c191-cca4-4a78-8238-a40b586f9058___RS_Early.B 7945.JPG,Potato___Early_blight,True,973,34d6fcf90528773688aeaa9e50dee4946bcb399520606a65f1791fc0846ec37f,efc2a40d868cd63d,256,256,RGB,JPEG,21384,4
Potato___Early_blight/f9461507-6875-43f7-800d-502ffdb8ec05___RS_Early.B 7604.JPG,Potato___Early_blight,True,974,2f7bc6cd1ccffe211c4102fca7c08ac2029d1cd374827ec765a10ed5b9070c11,9e05e653c83c63ec,256,256,RGB,JPEG,15990,0
Potato___Early_blight/f9580dc3-d5d9-4990-a64d-3974a9d1c687___RS_Early.B 8755.JPG,Potato___Early_blight,True,975,db56a34cd04965c0b15e2238a38ab9a3c43dbb9772424d6fc4e3d363e6d7dd8c,8a05975ab97dc4f0,256,256,RGB,JPEG,16600,1
Potato___Early_blight/f980fef9-bcf5-47fd-8426-2c503dc35f88___RS_Early.B 6745.JPG,Potato___Early_blight,True,976,589aa51e368fb37f2a47b9aba3b4d026022d56de561b6c3776a840a3e907c4f6,d7a96a95a1c3960b,256,256,RGB,JPEG,21565,2
Potato___Early_blight/fa61b2e4-413c-4503-a2a2-cff2d8a11351___RS_Early.B 7370.JPG,Potato___Early_blight,True,977,0e670625f2a34e6b2d6547cc835fa39e26ced4fd96e92412aa8d602c6380dfa9,f88738729564ca37,256,256,RGB,JPEG,17460,3
Potato___Early_blight/fa8656fd-03b1-467c-a877-99ce5632d580___RS_Early.B 7630.JPG,Potato___Early_blight,True,978,b4aa306d120e7ee4dbca93822ee717a950dd2cb8bcdcb953d5ed1a50f5c22146,ab85b11ec369c671,256,256,RGB,JPEG,21009,4
Potato___Early_blight/faac446b-34ac-414a-9f0e-148d6ee87bfa___RS_Early.B 8934.JPG,Potato___Early_blight,True,979,7f187e9d76fbb39ebf6ff9751c0cc4139a6fbee00d605512a41c38555e2b0298,beb333c8950f9225,256,256,RGB,JPEG,20217,0
Potato___Early_blight/fb8d862d-29c3-41ab-888d-cef47286ee9a___RS_Early.B 8975.JPG,Potato___Early_blight,True,980,01c79db66b8307105579d17129c7855e9f26b164a259f170f09e6e97768a882d,809f3ffcf5c07201,256,256,RGB,JPEG,23363,1
Potato___Early_blight/fba7a41d-25df-4a1c-93d1-98d62e3376e0___RS_Early.B 8207.JPG,Potato___Early_blight,True,981,dec35338dc8fe85fcd22ce2e1af2b9f89a32ce96456379aa755f3705c00bc82d,ff6aa825a5349730,256,256,RGB,JPEG,19983,3
Potato___Early_blight/fbbe7b93-e6da-4dc8-b1ee-ba5646a5e039___RS_Early.B 8216.JPG,Potato___Early_blight,True,982,f551ab11780d0adfe2cdb21d10c001b0dd0aab55823b2d11283332c6a219a331,dfd5e143940d5a34,256,256,RGB,JPEG,20114,2
Potato___Early_blight/fbc1b154-7b53-4ac5-ad3a-5e9e5078a289___RS_Early.B 7551.JPG,Potato___Early_blight,True,983,2a8da40ff75a6683e5cf23d31145a52ef47272ea45156656eba20e59e5268379,efe8e1c9919e9032,256,256,RGB,JPEG,20383,4
Potato___Early_blight/fbc7567e-ce08-4ad0-b8fe-ffd98296ce02___RS_Early.B 8607.JPG,Potato___Early_blight,True,984,52e6eac5b63e013867cfab4b6876d606b6898ad3fdddb0e262155caae4d4dbe1,dfd5a14a960d8aac,256,256,RGB,JPEG,19588,0
Potato___Early_blight/fc1ab935-21b3-42e7-a870-02fd71c5d845___RS_Early.B 6894.JPG,Potato___Early_blight,True,985,ce3686edbcc9ed01e7168706e76bef0e4d31ee611ad1b08bf05be1cfcd1ccc29,a331ff0fc8fc8320,256,256,RGB,JPEG,21674,1
Potato___Early_blight/fc603fb2-e2a0-4990-8a75-0e4f80f40694___RS_Early.B 7584.JPG,Potato___Early_blight,True,986,a8765e836c6f14873ac26651b6db9d353b87a4fddce6039f07ad322028337341,eec1a8cb851ed5a8,256,256,RGB,JPEG,18970,2
Potato___Early_blight/fc73fc01-6a63-4b3b-bfed-74625c5b4b05___RS_Early.B 6945.JPG,Potato___Early_blight,True,987,e41fdf417e07b40bc9b251ce204ebee8d987aad59468d6c4778c6cf348457c57,aac0b5c6d61ee29c,256,256,RGB,JPEG,20042,3
Potato___Early_blight/fc87399a-b45c-4b0f-a6c9-54f0e4f9d3c5___RS_Early.B 7277.JPG,Potato___Early_blight,True,988,b124344eb5e682fab11f369a29660b57acd7bd007165bdb2c2b85b184dadd166,aad2e4cf9a0599b4,256,256,RGB,JPEG,19391,4
Potato___Early_blight/fcbf4e6c-ba09-40f5-97c2-063bb20844bc___RS_Early.B 6938.JPG,Potato___Early_blight,True,989,d74f94f4cbe848dd0381e89f1a8fdb098aeaebff13b4d92125109af1cf133b87,ae70f74fc0bc4912,256,256,RGB,JPEG,22758,1
Potato___Early_blight/fd59ab68-681f-4aca-ae95-6f73bf8caad7___RS_Early.B 7118.JPG,Potato___Early_blight,True,990,196b16ab52e0064376f6d56cea5b6d952a70443785fc71eafd44accda031579d,ff1b64309c72194d,256,256,RGB,JPEG,18579,0
Potato___Early_blight/fd5b1e1f-48a8-42bd-82b5-cf762504708b___RS_Early.B 8149.JPG,Potato___Early_blight,True,991,0b28227397a8db8226c55c211e819b6cf5df5e5f5b5dfd11a45d690e76362843,8afeed00d70dca31,256,256,RGB,JPEG,22628,2
Potato___Early_blight/fdc1f5ed-66b5-4564-8957-055905b8a569___RS_Early.B 8244.JPG,Potato___Early_blight,True,992,3295ee0e7afacd109b134e303fc0153f0d3deb5e223f7b57ff165e918c168268,ff2ba8d48550946e,256,256,RGB,JPEG,19934,3
Potato___Early_blight/fdc691b0-2b15-4cb6-8f5d-c4e5654389e0___RS_Early.B 7935.JPG,Potato___Early_blight,True,993,7347f0115ee0ec9b35c42d4c09d655fed3f8e69c1dc5768438722ba4bc092c1e,ffc0a0c53fc8158d,256,256,RGB,JPEG,18506,4
Potato___Early_blight/fdf3c33c-dad6-4f13-bd58-a31d327d9cb9___RS_Early.B 8947.JPG,Potato___Early_blight,True,994,caea79f064ee49d58589caa786e98c851aca5f12fb00d3c1ececc572c35a4fc2,ab03e19d0b5a2f39,256,256,RGB,JPEG,21288,0
Potato___Early_blight/fe24f700-d37f-4e51-b07c-931e8c3ded81___RS_Early.B 8792.JPG,Potato___Early_blight,True,995,297aac362fe55df5f00d5cd92f3925622c3da9b5ce89933599179ba315fbc279,af81a496c29ccfe1,256,256,RGB,JPEG,18648,1
Potato___Early_blight/fe2a7818-f2ec-4255-93f0-586c88a41624___RS_Early.B 7043.JPG,Potato___Early_blight,True,996,977eebbef7576ca57e6d990d3f775d7f6c523f8a3a14e65d61f619315f3fa572,aa52b469c34fdc1c,256,256,RGB,JPEG,19399,2
Potato___Early_blight/fe772b3d-351c-4d18-9dcb-26feb90afa0d___RS_Early.B 7456.JPG,Potato___Early_blight,True,997,f674ef5b941101e4f3c18218209712122927144b07a39e92bfc4b6d1927c359e,eacaf4c19b8788b2,256,256,RGB,JPEG,18743,3
Potato___Early_blight/ffef8a3b-3e8a-4c24-a27e-64c41708f7a0___RS_Early.B 7132.JPG,Potato___Early_blight,True,998,77ed23a1826e9df8863624facf830a0fbbe8a654288031f0e3effd2a9927f9fc,b805e7d6c1fec700,256,256,RGB,JPEG,21644,0
Potato___Late_blight/0051e5e8-d1c4-4a84-bf3a-a426cdad6285___RS_LB 4640.JPG,Potato___Late_blight,True,999,96baa8bba4a2397887e94753a8908e35108a88a1c4715c7eab259a3bfae00b27,acc193b4c933e13d,256,256,RGB,JPEG,12780,4
Potato___Late_blight/00695906-210d-4a9d-822e-986a17384115___RS_LB 4026.JPG,Potato___Late_blight,True,1000,19c795b1ef3b8b915d7a166fb1075c79017f24989361ad6620606d07c6b94b13,aaca9435a59bb0cd,256,256,RGB,JPEG,14284,3
Potato___Late_blight/006cc01a-1888-4326-9b62-a65cb55a6377___RS_LB 5207.JPG,Potato___Late_blight,True,1001,e2736064b143d773743c06c957b00ca5c2fc6c8dc81fc750e812732eac6bd6a8,fee8c0878f9a9898,256,256,RGB,JPEG,14157,4
Potato___Late_blight/0085ef03-aec3-431a-99a1-de286e10c0cf___RS_LB 2949.JPG,Potato___Late_blight,True,1002,06d5725ff2403a621774121d88376d76d819c53432797a3fb595869b706ff781,a599d26e85cc5aa6,256,256,RGB,JPEG,15988,1
Potato___Late_blight/00b1f292-23dd-44d4-aad3-c1ffb6a6ad5a___RS_LB 4479.JPG,Potato___Late_blight,True,1003,42bd63cee5f086073aa0ba6ecd90892220a48c7fa3a60e03cd046aa9d6e228ac,eacc953372899b32,256,256,RGB,JPEG,21419,2
Potato___Late_blight/0114b195-844c-4978-93a9-b0d5aae010f1___RS_LB 2738.JPG,Potato___Late_blight,True,1004,aa96dfb0eb59d551bccd95e605c87a390a860b76e04e0016f20667163f200252,d1d5aa5aa56b8ca1,256,256,RGB,JPEG,17973,0
Potato___Late_blight/01270f5c-a44b-4da7-9398-289088c197ab___RS_LB 2517.JPG,Potato___Late_blight,True,1005,981f39c85ff6acb235498b1a2d049413face14fa6af3a8913f0fa0ba457273d3,beb0f093e143270f,256,256,RGB,JPEG,19399,1
Potato___Late_blight/01a8cc9f-074a-4866-87c8-bb5a9e3895b4___RS_LB 2968.JPG,Potato___Late_blight,True,1006,7d36972ff364e28c01b007d4e713d9ad439c75016fb5b1fd046ef57fdbe419ad,eaa4e5b0c4c29ece,256,256,RGB,JPEG,14690,2
Potato___Late_blight/01ad74ce-eb28-42c7-9204-778d17cfd45c___RS_LB 2669.JPG,Potato___Late_blight,True,1007,4975349cb0ed34630ede27cba6b65ab67b4bc00c12bfbe344618fb194527ee56,f9228455c61ad7e9,256,256,RGB,JPEG,18586,3
Potato___Late_blight/0201bf8e-27e3-4c92-ae97-2fb4f665b5d3___RS_LB 4320.JPG,Potato___Late_blight,True,1008,4507c053c41176bf0af40288186538d719b4c21259af30da23b78f64ea6e385f,bae2cd0d42963dd1,256,256,RGB,JPEG,16179,4
Potato___Late_blight/02212653-e92b-49aa-96b7-9497af51e502___RS_LB 3151.JPG,Potato___Late_blight,True,1009,8b1fadd9b1e2f2233e2f747484a84048e69583bc44987700e5385ae626ee9a4b,fa54a1ea871e9ca8,256,256,RGB,JPEG,20115,0
Potato___Late_blight/02282fee-ba3f-460e-91e0-630204ab96c2___RS_LB 5031.JPG,Potato___Late_blight,True,1010,4a556230ec7859bcdff7094cd623d090ec1dc2309e3377222cab53add2c6ffdc,abf2b4cd920fc8b0,256,256,RGB,JPEG,14711,3
Potato___Late_blight/025f3c76-6d6c-4dad-ba22-e3e72d084ef1___RS_LB 3105.JPG,Potato___Late_blight,True,1011,9de16cb460bd20f159f8c416b135deac383e1b37b19444bcfc4b108fba56b3e7,aaeab4a5c987849d,256,256,RGB,JPEG,18652,1
Potato___Late_blight/02c8ff21-4e0a-4326-ba8f-089e5cb45b74___RS_LB 4089.JPG,Potato___Late_blight,True,1012,96d96794f228c51c6a24c9c3806a13a6cb92e52dac8f48d6d938afd55f3004c6,f84ac76cc966cc32,256,256,RGB,JPEG,12720,4
Potato___Late_blight/030e8945-d3ce-4ad3-8a91-a14c18285249___RS_LB 2532.JPG,Potato___Late_blight,True,1013,2e0aa2bdd60685eba85ea28378b5c9d530034e172a7f72ebb3219ea1d76cdd59,fd2b86d490cac9c9,256,256,RGB,JPEG,18378,0
Potato___Late_blight/031672c9-bf0a-46bf-8b52-d7cdc067612e___RS_LB 5019.JPG,Potato___Late_blight,True,1014,b31e8ac22f99f2817aa1b035bc49d3376a27970a9136fd6185aa17d3578b77fd,ad68d226d927cd13,256,256,RGB,JPEG,14079,2
Potato___Late_blight/031c39d3-9a91-4e81-85ac-b36512133b0a___RS_LB 5220.JPG,Potato___Late_blight,True,1015,1006f5d3d510897189d3ae8b065a2022cb29a1f45e8e059940cc61bca3e15c4e,eb48d50dda3cc932,256,256,RGB,JPEG,14123,2
Potato___Late_blight/034a54f1-e3e9-4524-a318-9d253d9f1394___RS_LB 2893.JPG,Potato___Late_blight,True,1016,3ee989b6746cf168780db81e271ca81de268d09b39186072461fb50d1cb64944,df2ba0548ac18ecf,256,256,RGB,JPEG,14694,1
Potato___Late_blight/0396e413-e165-427a-ba72-04cbae7b8ab0___RS_LB 4751.JPG,Potato___Late_blight,True,1017,08f942bf88594694d272c253c68ff57a1e456e27ae2b4906dd15661d7e199ec1,eec8e087851f95b8,256,256,RGB,JPEG,12703,3
Potato___Late_blight/03bab48b-962b-4c08-bc98-da95237d20ac___RS_LB 3190.JPG,Potato___Late_blight,True,1018,48c55515813bad1f31260cd8bc0dd9e6e5f8816267496c0dc27e618358d7d275,aae3bd8cd01fc330,256,256,RGB,JPEG,19237,4
Potato___Late_blight/0441138d-5f9f-4ede-ab9a-49edabc605b3___RS_LB 4235.JPG,Potato___Late_blight,True,1019,46888335fbd6b9b352f4ad835bc4044faa35accbdb85a388e65be293b0106b8b,afeef400c316cb98,256,256,RGB,JPEG,20310,0
Potato___Late_blight/0450570b-44d1-4290-956d-5d970164a2e2___RS_LB 5160.JPG,Potato___Late_blight,True,1020,a241e5f0d3200b0dec151908eaed1a9017a47f37f3e5f01db47d82e6210fd862,ab95945aa95ce1a5,256,256,RGB,JPEG,15657,1
Potato___Late_blight/04b964fd-7033-4cdf-88ef-b1acbcd8183a___RS_LB 2783.JPG,Potato___Late_blight,True,1021,6532a7024cf18e5f8fc8b1914d3fc43c2fd0b900fe534c5d0fec03ca00bf96f9,faa9c1058f7a9c68,256,256,RGB,JPEG,17788,3
Potato___Late_blight/04bbcc55-93d3-4a19-9137-8de036a8a4db___RS_LB 2647.JPG,Potato___Late_blight,True,1022,2cab43eb27b73bfa9999ec57b481c1bea5de59715634b22ac04c2fde55f84c30,ea3f91d8c2c3c869,256,256,RGB,JPEG,15334,2
Potato___Late_blight/04ce7b2d-5e41-43c6-9e11-e1bc4f5e4cca___RS_LB 3224.JPG,Potato___Late_blight,True,1023,9e4e9ec30e88b3acc2cb8cc5619e3642699539890c41300c4564bfbcadcccd75,eac4b1cec72a9a31,256,256,RGB,JPEG,17938,4
Potato___Late_blight/04fe5855-ec9c-40b3-9893-ca8addc236bd___RS_LB 4913.JPG,Potato___Late_blight,True,1024,5fc81067c41366b58e55074608f74c89d417b76d452ecfb5e8ca99e0130d26f5,e84f853cdc609bb2,256,256,RGB,JPEG,20425,0
Potato___Late_blight/050b6d37-4056-4c6c-8359-d7823a488531___RS_LB 3944.JPG,Potato___Late_blight,True,1025,48eba3fcbafbdbb4701f21e3ca2dfdf543e0561da03ad433f16d23ecd58c144d,e3a8f49a2d994cc5,256,256,RGB,JPEG,16294,1
Potato___Late_blight/051089cf-e083-4fdb-9256-aac12b8a55d2___RS_LB 4078.JPG,Potato___Late_blight,True,1026,8665e7a1822301131aaa946163c6d22fcb4e368da97c3df8b320b4182480171f,fa3da16087339663,256,256,RGB,JPEG,11661,2
Potato___Late_blight/0525ac6e-1d1f-4866-89bd-af4b8ba9c46b___RS_LB 4814.JPG,Potato___Late_blight,True,1027,446c3517c53bda74d490d9a1dd72c7f8cfd2b77cf380ab0f1cd580df115bb715,af6adc818396993a,256,256,RGB,JPEG,19646,3
Potato___Late_blight/053c5330-129d-4515-84da-82a701710723___RS_LB 4576.JPG,Potato___Late_blight,True,1028,e557825c83ad21374845750fff67bac63016f1827af8c89d73c7ffc16f807776,fe40d01eec694ada,256,256,RGB,JPEG,18275,0
Potato___Late_blight/05817623-2c4e-4517-88a1-fe81b9a73742___RS_LB 3920.JPG,Potato___Late_blight,True,1029,fea604c82a50d7ce7fdbeab49a0e949c3763ecd6f4da6cc6fa9231d64e0208f2,fee2c28f99988931,256,256,RGB,JPEG,17073,3
Potato___Late_blight/059c9129-51b7-4d6b-9b57-f22e87568a0a___RS_LB 5118.JPG,Potato___Late_blight,True,1030,4259d4ad936e50bdd8855e00b5386dcadb0f2118098ea01c60dc810636128fa1,ab60f4c5d8178f1a,256,256,RGB,JPEG,17631,4
Potato___Late_blight/05a51957-779c-4a2f-bf2a-d1fb03947793___RS_LB 4772.JPG,Potato___Late_blight,True,1031,642215e8344bb4afaf57d1bad4982ac195e2d37e6a48eac8b0199fd416bcc885,a831875a9c699d67,256,256,RGB,JPEG,13410,1
Potato___Late_blight/05c29b23-ecdf-41fc-be67-910bb74cd67c___RS_LB 4016.JPG,Potato___Late_blight,True,1032,8b01eb66727572b31b583f69e91bbdc76fd7ad4dd878bee38a2a16291107563d,bd6dd032c49d079c,256,256,RGB,JPEG,13210,2
Potato___Late_blight/0651be8e-a2d1-4b8a-97b8-1dc89d79fd26___RS_LB 3261.JPG,Potato___Late_blight,True,1033,3c43d9831dcc494f27dd12096814f26d1ccaca66cac43d3284e969d2fee7bb1b,aac6f4a9d29685b2,256,256,RGB,JPEG,18633,4
Potato___Late_blight/06554e38-28ce-429d-b8e9-520e61e3c58f___RS_LB 2692.JPG,Potato___Late_blight,True,1034,5774c1bf98eb47e63f9e193cd1c9b759bc58b9c9e687c548390e6017c39b5396,eaa5e4968c5a9939,256,256,RGB,JPEG,15728,0
Potato___Late_blight/0736dad0-be93-484b-9e89-bcb825fefda1___RS_LB 5454.JPG,Potato___Late_blight,True,1035,1b8fbaa60013ac65444bc6173f8388f6f85f699216de2429b9adaf99600951ec,eec0b167cc1d9c34,256,256,RGB,JPEG,15578,1
Potato___Late_blight/073a7489-b8dd-4efc-8393-7f024fe8542a___RS_LB 2617.JPG,Potato___Late_blight,True,1036,870f2e870422b57a7d44286f5bf5b95804e3c5fcd76f2b860604d0a002fd7d8b,a794fc4ac964c267,256,256,RGB,JPEG,15713,2
Potato___Late_blight/07fea080-7f6b-48e9-b6b5-10d7daf57610___RS_LB 3210.JPG,Potato___Late_blight,True,1037,504cd2bcd22c7d05b9c4ba00c2ccd3a318ac4071675e0508b4f90d6f2115ad6e,eec0958fd2ce982c,256,256,RGB,JPEG,18083,4
Potato___Late_blight/07ff77ae-07b4-4a2d-9c4a-bb89bb4fb1ef___RS_LB 2985.JPG,Potato___Late_blight,True,1038,6931c33d3b0900652d7f4ea577cbd1a99c7bd5aac34be5c7bacbbc842bd05903,aa8580d8cfe9ec63,256,256,RGB,JPEG,20704,3
Potato___Late_blight/08ce9666-2dda-4fa8-8d58-55bb9fa19484___RS_LB 3318.JPG,Potato___Late_blight,True,1039,b100769fc6c3749f2815300599f0b80dc4068c75862d9ecdd55d3b03d545066d,aa85945acb69c771,256,256,RGB,JPEG,19163,3
Potato___Late_blight/08ddae0c-5328-4183-b16e-c980f197e471___RS_LB 2845.JPG,Potato___Late_blight,True,1040,9d00bb372b2b48d108edbb14d6fcba66c25fe767ca72de8aac05cff814071dde,de50e98f853c9271,256,256,RGB,JPEG,15357,4
Potato___Late_blight/09287918-9f73-4707-823f-f4331f5114a3___RS_LB 2604.JPG,Potato___Late_blight,True,1041,e5975548e9ce38884b3ffb72a77b56306267ce051c4f22b0753608c3912e701a,ee7291cdcb3c8548,256,256,RGB,JPEG,14710,0
Potato___Late_blight/09a215a1-a539-4635-a27f-232229ff11f4___RS_LB 4529.JPG,Potato___Late_blight,True,1042,8e221e1fa39836e1cbf89d37d5e6d9c9471ba1368b29a010d11d8da6e556e7c9,cb50f62b68b49798,256,256,RGB,JPEG,19356,1
Potato___Late_blight/09a30eff-d386-456d-a6ce-ead7c0d6235b___RS_LB 5068.JPG,Potato___Late_blight,True,1043,ab3fe9718c2175aa99e08edfb8a9e1785168c8df647d216edf5ba3ceab7612dc,abe084cf9a1ec939,256,256,RGB,JPEG,13914,2
Potato___Late_blight/09fa42e4-1736-494e-8c46-50c6900586d6___RS_LB 5212.JPG,Potato___Late_blight,True,1044,2905e44b851cc19e5d13fa6e3759022379336923aef5472157c31852be08eaad,a215955a8f67946e,256,256,RGB,JPEG,15173,3
Potato___Late_blight/0acdc2b2-0dde-4073-8542-6fca275ab974___RS_LB 4857.JPG,Potato___Late_blight,True,1045,12ddeb393c76aa5491c8e2c8c5c841da748f1267c420beb92c8bfae4804959da,fdab95d08b438c4c,256,256,RGB,JPEG,17908,4
Potato___Late_blight/0b092cda-db8c-489d-8c46-23ac3835310d___RS_LB 4480.JPG,Potato___Late_blight,True,1046,79175c2f1a6d77bbb5afc5db7d4a8e5a30dcaece1d8469523d02d1e29fea3a04,a387cb9b3d669068,256,256,RGB,JPEG,22315,0
Potato___Late_blight/0b2bdc8e-90fd-4bb4-bedb-485502fe8a96___RS_LB 4906.JPG,Potato___Late_blight,True,1047,31f4f3f94e06775dda5e26fce99e62c201cb00203326463c9f05a7e0c9eab73e,af1ff448812d5f22,256,256,RGB,JPEG,21864,1
Potato___Late_blight/0c2628d4-8d64-48a9-a157-19a9c902e304___RS_LB 4590.JPG,Potato___Late_blight,True,1048,bda5ccd24b293c8106f2057319d6599aa512e78929f9c5618326c0fae866ee5b,acedb584929e8c9c,256,256,RGB,JPEG,15492,2
Potato___Late_blight/0c83302d-4233-4e98-8ecf-755a970495bb___RS_LB 4904.JPG,Potato___Late_blight,True,1049,1c7b7e9df947c5c06cf60ebb611bc3207f2fb9b680e42f8b814c9a3d547e6d29,aae1b40fd2be9a30,256,256,RGB,JPEG,20710,0
Potato___Late_blight/0d8346e1-4624-4979-84e6-1353ca59007a___RS_LB 4079.JPG,Potato___Late_blight,True,1050,c337f9f15e0bae6f89cc71de6dc5bf73bfd9771fbbbaaebb117953849939d852,ffc0a88f959c90b1,256,256,RGB,JPEG,12471,3
Potato___Late_blight/0e068694-63b7-4edf-a93d-f2e9f28efaa6___RS_LB 3923.JPG,Potato___Late_blight,True,1051,30ed3119e236b3f212729f7fa7d2acf82ac648425760810dde32282fc96e1b36,aac2b5a09f919d93,256,256,RGB,JPEG,18060,4
Potato___Late_blight/0e7f0484-16eb-4183-b702-0a5b4f94d015___RS_LB 4000.JPG,Potato___Late_blight,True,1052,c54f1c74cb2c3aa83f26cd0127a45423570c4f665f16154f80802cc6e5093afe,ff60a06fc535c630,256,256,RGB,JPEG,11861,1
Potato___Late_blight/0eb24a67-a174-43db-86c7-cca8795942a2___RS_LB 4722.JPG,Potato___Late_blight,True,1053,cb0d546408ff39bceeff4cb21d2149025095359781a9116c2b61f1959e034743,efe4940bc2dc1933,256,256,RGB,JPEG,15554,2
Potato___Late_blight/0eb28ea9-c9e4-4999-9de2-835682241e53___RS_LB 2708.JPG,Potato___Late_blight,True,1054,dc76f442eddf9d89a50c13b902d4f9dfeb1efaaf5945a57553d95ec79f2a0d32,fe2fa1d0d0c299c9,256,256,RGB,JPEG,17217,1
Potato___Late_blight/0f1fb568-1b12-45ef-ad99-c59fa9075693___RS_LB 3242.JPG,Potato___Late_blight,True,1055,fd3305849e9adb6a235202dcfc1c7b5dc39306c9089e3c7cc26acac3dc39150a,fec0872b9835d326,256,256,RGB,JPEG,18646,3
Potato___Late_blight/0f243024-b1fa-4f96-ac7e-ecaf6dc5bc37___RS_LB 4925.JPG,Potato___Late_blight,True,1056,face4468b796370e170a16d35f549ce224d0416aae256247a3a9c53508b3e59e,af17d258cde1d064,256,256,RGB,JPEG,20035,4
Potato___Late_blight/0f50da52-cb4a-4391-982a-d6cf9c9d9917___RS_LB 2581.JPG,Potato___Late_blight,True,1057,7c04d601bb8dd2305129122d15322bd3f4a89559067ee0705c5664991f7907b8,eb86e15a8669da25,256,256,RGB,JPEG,17325,0
Potato___Late_blight/0f6eac3b-d674-4c4d-ab3a-88689feec07f___RS_LB 5232.JPG,Potato___Late_blight,True,1058,c84f295d30dc6a7060ddc92007beb6cad78137000d28ef409255a8c002024c82,aa1dd45a8f64d463,256,256,RGB,JPEG,14543,0
Potato___Late_blight/0f824e18-3821-486c-81a1-f1f64cf6e767___RS_LB 4894.JPG,Potato___Late_blight,True,1059,63bfdc73f23232adae47db32967e80ecd95321a610837e15130c7bd3141b29bd,ebe1e18e8e8896b4,256,256,RGB,JPEG,17694,2
Potato___Late_blight/0fe7786d-0e2f-4705-839d-898f1d9214b0___RS_LB 2836.JPG,Potato___Late_blight,True,1060,599200bc395f7cea732f4ca00b39e60eb03c72bd9738bf0a8ade52fccf5521f7,a3eadc85993f9830,256,256,RGB,JPEG,16855,1
Potato___Late_blight/108aa677-2b51-4d8b-8533-40fba50a275d___RS_LB 3046.JPG,Potato___Late_blight,True,1061,c6693f55fc5a7822b849d03b3e8456a423eef5091b846e5e4e6963bbe096f67a,f8c397c39e689648,256,256,RGB,JPEG,16223,3
Potato___Late_blight/10f41035-20e2-4037-96b6-474ce343d6c2___RS_LB 2725.JPG,Potato___Late_blight,True,1062,951c25ea5933e59e088cf0a31d0eb131b37abb542a33d741d06d85475ad8f267,af91f07887428767,256,256,RGB,JPEG,18932,2
Potato___Late_blight/127521ec-3cc5-4f98-ac73-ad561ec29e73___RS_LB 3219.JPG,Potato___Late_blight,True,1063,436fea444684daf9946ee12d70cb08ad6a9d909b6e3499666a07336e2f29688a,aabdddf3c1408a49,256,256,RGB,JPEG,21506,4
Potato___Late_blight/12ce2ab1-14c4-4960-81d4-e6ae776510e9___RS_LB 2880.JPG,Potato___Late_blight,True,1064,389f7799b8a3099408cd6ed15eb27cb0981ea267ea69ef936947cd02e0065135,eacab5c696359125,256,256,RGB,JPEG,14945,0
Potato___Late_blight/12d72127-7880-4481-b3c6-caff04116a86___RS_LB 2632.JPG,Potato___Late_blight,True,1065,8f05fef4612cb8fd726e85c8aa589e409342f8c3f3f68c334e4adda5f202de04,bf68d025c19787d2,256,256,RGB,JPEG,15784,1
Potato___Late_blight/12e2c9b5-fbfc-4bc9-898b-86ead976a615___RS_LB 2702.JPG,Potato___Late_blight,True,1066,f175f3a7748be09fd0d432016ed5aaec24ee20d0e67e9be511fa7f62eacb3b46,fa9de0d8e5c9c482,256,256,RGB,JPEG,17186,4
Potato___Late_blight/1338edcb-9e0e-458c-845e-206b869f9199___RS_LB 3205.JPG,Potato___Late_blight,True,1067,6842006a1370623275fc4f004c0d303966aec0c866fed9916ff27dbbb3cf6cb9,bb9dc47a8d620c66,256,256,RGB,JPEG,18816,2
Potato___Late_blight/13b1b19c-6720-4238-b384-4c86ea119ace___RS_LB 2765.JPG,Potato___Late_blight,True,1068,3e93213376140a8d7ed40a9c5b423e718a25768af0c0edf06ebacadba55d572c,aab1b5dec0688765,256,256,RGB,JPEG,17582,3
Potato___Late_blight/140cad58-de9c-44b8-afb4-af5751e2e012___RS_LB 3247.JPG,Potato___Late_blight,True,1069,0986354ead9f96befdc80e6dd6ca9d43b8ed95b2442520ecd96a7033068ab8d6,bf94d8c8e4629369,256,256,RGB,JPEG,18372,0
Potato___Late_blight/145216a1-aab7-4f40-851d-a56c436ad0e3___RS_LB 2715.JPG,Potato___Late_blight,True,1070,aef073acde90777d980e3fc892431b72a02a3ea0af999613121ec1516397dcdd,eac29596344bd24f,256,256,RGB,JPEG,17415,1
Potato___Late_blight/14691d2b-446b-4f0e-921b-60d3b76cbf03___RS_LB 2518.JPG,Potato___Late_blight,True,1071,1f711d8826b72f2a02300c706d357fa3ae36fbdec22a36bf6909b4116527b27d,fa50a0b587b2d671,256,256,RGB,JPEG,18494,2
Potato___Late_blight/146c4ea6-cf74-4607-9b8e-19c69c85ec86___RS_LB 4641.JPG,Potato___Late_blight,True,1072,b744d3a3e88846c07ba27a8633e89d5ffc8d0b64f74b37c7bde2b40101e10e29,bbc2d125c89accd9,256,256,RGB,JPEG,17868,3
Potato___Late_blight/14b29609-0bde-4d56-ac07-5db1b6df6fce___RS_LB 4983.JPG,Potato___Late_blight,True,1073,0f6164d00fde95faf841b6106b912937a073e2cdc92f59751be39b3d70215f26,fea5a0d0c3ca0f2b,256,256,RGB,JPEG,20311,4
Potato___Late_blight/152ffbeb-7dda-4313-a792-9faf68c017bf___RS_LB 2830.JPG,Potato___Late_blight,True,1074,1e7bb354264c0e341fdb0c31c779aacc967d5864e2945577cf5c55733ae5aa8f,ba9dd1d2ce21cc62,256,256,RGB,JPEG,16614,0
Potato___Late_blight/1531198a-c611-47ee-af7d-7b124b863870___RS_LB 4793.JPG,Potato___Late_blight,True,1075,9a639201a04862871751f51de6d95502e40f942f91aaced69c837980dd28091f,ff86a071c75096ca,256,256,RGB,JPEG,16576,1
Potato___Late_blight/1562e8f9-f2d1-43b3-8deb-6b1687bd20dc___RS_LB 2726.JPG,Potato___Late_blight,True,1076,9551a0fa943198b5a42957ea31d933ef81d7a17a299a305a1c8581ff593865fc,ef27b47cc0c1c171,256,256,RGB,JPEG,17576,2
Potato___Late_blight/1650365d-437c-4d36-b110-113a88c1090a___RS_LB 5459.JPG,Potato___Late_blight,True,1077,721b204be0d77cd6b24266854c68a1b25a068f3acbc136c7a78da17d02cf12a5,ee1590588e3b9d66,256,256,RGB,JPEG,16027,3
Potato___Late_blight/16e37160-9dca-4110-a914-955304e7daf5___RS_LB 3033.JPG,Potato___Late_blight,True,1078,a78149f13f2adb2a6ba10ab8de117a868eed20ad53fdeb305f6bdf380e78d465,aa4afca981b49796,256,256,RGB,JPEG,15630,4
Potato___Late_blight/1736a728-bae9-4133-bfca-60a7c3b6382c___RS_LB 4855.JPG,Potato___Late_blight,True,1079,8fdd3b14b4359e08b1875b23d5e5f0493e6cc52f513c09eb741b6c4395d883d5,ea6d8586c6379a98,256,256,RGB,JPEG,18186,4
Potato___Late_blight/17515ff9-075f-45a2-b8e6-1b8ba25c293d___RS_LB 4980.JPG,Potato___Late_blight,True,1080,37c6da825355a8fd605dd1abd7f998f5c85a3af744d110fb62317723bc5566ec,ab4cf5099317923e,256,256,RGB,JPEG,20465,0
Potato___Late_blight/1757f48b-435b-4c4a-9de6-47b959ed1e67___RS_LB 5295.JPG,Potato___Late_blight,True,1081,a876944aeb3caefce2f23f075dd7cfd016ea2c9e9b111ba73b2c389b3b85cd7f,fa42a16b866dd835,256,256,RGB,JPEG,17141,1
Potato___Late_blight/1789b0d1-d850-4e04-8a20-bc3901d4ab0a___RS_LB 5251.JPG,Potato___Late_blight,True,1082,85f742457f83781434968f0de4603e5be61cba0c575a63d38082415ad39a59ba,bbeca4a4c6848f5a,256,256,RGB,JPEG,14991,2
Potato___Late_blight/17a07992-ebb9-4368-8cb7-4af40d8ded08___RS_LB 3064.JPG,Potato___Late_blight,True,1083,7861f3e3400956b6eb6997142387ea4f3b847a8658dec0814cd3562ea566bdf6,f73ea2b194d0d0ca,256,256,RGB,JPEG,16051,3
Potato___Late_blight/17d846d2-f2b7-4ba2-847c-7561159334a3___RS_LB 2695.JPG,Potato___Late_blight,True,1084,2beaa89a2b8378e668d2a07b2d41408bbb1883d98bfb773e8b0e8fa1c0e3987c,ba4bd826cd39ce18,256,256,RGB,JPEG,15086,0
Potato___Late_blight/17ed933e-629f-4db2-b4f3-865f69d43589___RS_LB 2599.JPG,Potato___Late_blight,True,1085,0fb61f5d2d38a0fbd22379cdd8ea2008084af550ec503076f88d9808f35c657b,f9aaa4a4c749d899,256,256,RGB,JPEG,14581,2
Potato___Late_blight/17f8da33-18e6-454b-b9dc-a34c8dd52591___RS_LB 2945.JPG,Potato___Late_blight,True,1086,9b17ad953dd3fbc22a8e62ae9e8aefda91c058342585a9d1ff757b3d1c2aefd9,f3b98712ccc3994c,256,256,RGB,JPEG,15612,1
Potato___Late_blight/19323229-6fdc-4231-bd3e-a46ddcff2111___RS_LB 3196.JPG,Potato___Late_blight,True,1087,954445fc8d7114c39bc02e50fa72f658fc0700abff19d3464f157168c4533e55,befa90a4cdd064c3,256,256,RGB,JPEG,17817,4
Potato___Late_blight/19393f68-e96c-4c93-b4d1-39e1c54e53b1___RS_LB 4051.JPG,Potato___Late_blight,True,1088,b8dbce9f0cb489fed39c95625d81af73a65c5659ce05265f8959cc087d55a7e2,ace4928fca9c89b9,256,256,RGB,JPEG,11761,0
Potato___Late_blight/19d8aac3-db88-4a07-84f2-40f7597c2a25___RS_LB 3867.JPG,Potato___Late_blight,True,1089,ef77cb68c4c971355214258a1a1a733a46449d50c8fd24f2d607ca1f0a327903,f2e2a48dd5549aaa,256,256,RGB,JPEG,14476,3
Potato___Late_blight/1a146bf4-5696-4e19-842e-9e0e1ac7ac6d___RS_LB 5023.JPG,Potato___Late_blight,True,1090,914317fa91b27fe3d641eed9d9f0e7afbfad72331f005ec89e792a87c30dc78f,ffbf80d08ec2a145,256,256,RGB,JPEG,13954,1
Potato___Late_blight/1a18d84a-8811-4806-830f-d10e98b1800e___RS_LB 3919.JPG,Potato___Late_blight,True,1091,15d3dc77e967d46929e0cb65e3748a634e1b7963ce3968101f42e144b24dc4f4,ae81f41acf688d65,256,256,RGB,JPEG,16229,4
Potato___Late_blight/1a5f4258-21df-4334-a933-2ef073c932ba___RS_LB 3089.JPG,Potato___Late_blight,True,1092,5213ddfd4989c55d3f3cff70bf8328329cd2b004ce2d03fb4a016a31e6cd8a2d,ab81805aed78d763,256,256,RGB,JPEG,19048,2
Potato___Late_blight/1a674846-9d13-4a7f-ba03-8931c5dd3d2c___RS_LB 2768.JPG,Potato___Late_blight,True,1093,13364833e65ff4c2925966e773d3149d5697c1cad9a288ba72e61ade6cb8be5a,f73be0b19d46184c,256,256,RGB,JPEG,16969,3
Potato___Late_blight/1a68ab56-2000-4d7a-ad4a-88d300104b7d___RS_LB 2594.JPG,Potato___Late_blight,True,1094,b68961e71dc5045789fa4f34844e7f298a8d3ea99fccd4a5dfd02a1b6403b5f0,bc9191cccfe4ce06,256,256,RGB,JPEG,17920,0
Potato___Late_blight/1a6fc494-81dd-4649-ad8d-a5a6e58a2aa7___RS_LB 2618.JPG,Potato___Late_blight,True,1095,bb9d4a3648c2552131c59e109fe0b4460cff998d108fbf67e59df564f239a384,fe4af065cb1ec890,256,256,RGB,JPEG,15848,1
Potato___Late_blight/1ab62af3-c0a5-4fab-bb62-e06d6f7ddb59___RS_LB 2908.JPG,Potato___Late_blight,True,1096,b9a8e26e442fff0d7e0db49ea30bc9b833ba99854c5db7b8274037557854bf67,f72f86d09acec1c0,256,256,RGB,JPEG,16013,2
Potato___Late_blight/1b7342d7-5d89-4ee3-8b4f-587d79187511___RS_LB 4416.JPG,Potato___Late_blight,True,1097,0ae974c8a0a72687b30c3e0735620a6791c91ee07cd8fb77dc6775fbd526ce42,ba3da552904b9d9a,256,256,RGB,JPEG,19505,3
Potato___Late_blight/1b8ae46e-1202-4715-8ad1-fd18046c42d3___RS_LB 3880.JPG,Potato___Late_blight,True,1098,02eea46b53a7bad1b1ea0572ccdbf8f498c951b61579ff34f57277648234676e,eac295af9a34c932,256,256,RGB,JPEG,13705,4
Potato___Late_blight/1b8f80ae-38a2-4d08-ae92-f80ff4459a73___RS_LB 2554.JPG,Potato___Late_blight,True,1099,6558cd604360861d5a0ce4114751f93f8e75088140387a190cf428c4faf3cb04,ef97c03accc0c9e4,256,256,RGB,JPEG,18143,0
Potato___Late_blight/1c207156-339d-4ec9-9153-9edb3bc95b5f___RS_LB 4833.JPG,Potato___Late_blight,True,1100,135f903a36fb0cd3b016f46f6e994a76a2d4aa00735086dd0a33bed06c9673ab,ae4ad00d9e3c89bd,256,256,RGB,JPEG,19346,1
Potato___Late_blight/1c6412c9-45ce-4814-af8d-274f4e3c9c4e___RS_LB 2746.JPG,Potato___Late_blight,True,1101,ab4dc569c1b6b8defcb4ef5c4856670ad85e52e0c5f56e794f54f091d8fec061,f65aa98a9f254c31,256,256,RGB,JPEG,19602,3
Potato___Late_blight/1c6ec55e-182e-4b7c-b416-07029edfc970___RS_LB 3950.JPG,Potato___Late_blight,True,1102,27d162582f338930c93eddb01abb0d04c18c4b2d78b61c15a8d06948ddc83e18,eaa9a59099469bce,256,256,RGB,JPEG,16347,2
Potato___Late_blight/1cd053f6-0016-4680-a924-af15aecd7fb2___RS_LB 4414.JPG,Potato___Late_blight,True,1103,aa79fc08fe098ab4565b042afa5d2b2c28f3acf0fb35e27429c979840567712f,bf85c24a0d65dcf0,256,256,RGB,JPEG,18460,4
Potato___Late_blight/1cd0b065-e637-4307-9e0a-9c20dc44cc59___RS_LB 4784.JPG,Potato___Late_blight,True,1104,0f6526642c62e5accfcf8d29d24f3ffca285b4a05949be0cf0350e9628790f45,bf1fc7dbc0400726,256,256,RGB,JPEG,20195,0
Potato___Late_blight/1cffe6a1-6fb3-4506-846c-478148a2b678___RS_LB 4380.JPG,Potato___Late_blight,True,1105,d5886f53a5fb5ed06c5d2f4310ab88a5151f86c5c8a2fb22a2ae3e73ca0f6186,eada84b3258d99c3,256,256,RGB,JPEG,12519,2
Potato___Late_blight/1d05837e-11e4-40a4-8bd5-cfe5ad67365a___RS_LB 5428.JPG,Potato___Late_blight,True,1106,ed3d5645e45a5f0ba5d9e98b4e3050e01a32506c447a892e1281b91237e50721,aa3c85d3d89a9b64,256,256,RGB,JPEG,12910,4
Potato___Late_blight/1d389389-0585-433a-83c7-30b42db2ca3f___RS_LB 3322.JPG,Potato___Late_blight,True,1107,72b678dbf8009e1b94c583ed91cc95afce49df30eca4691edd6784f13b8dbb27,a96ad694819b8e9d,256,256,RGB,JPEG,19748,1
Potato___Late_blight/1d4acd15-f2b9-4a2e-87da-9d5a2cc6a642___RS_LB 2752.JPG,Potato___Late_blight,True,1108,0885a4b6e23b492986ea2c792ef62ff422f5d0cbb569e0119dc112827792aa62,f555e24a9f28d035,256,256,RGB,JPEG,20361,3
Potato___Late_blight/1dc41475-aa79-43f1-8648-0c8733d246ca___RS_LB 3319.JPG,Potato___Late_blight,True,1109,63c187acc1ee2b8e222e36370da0e318a5c2c69bde310ead61b6a9a7314d766e,ba1cb47893619b27,256,256,RGB,JPEG,18215,3
Potato___Late_blight/1e0326a5-b208-447f-9d60-f788ec4b6e3f___RS_LB 4526.JPG,Potato___Late_blight,True,1110,6d4da4e20bd9643f2fa089e4ca5be170c68ae7d4e686abd1e595c646a2ab5d3d,e1f3c68e8ec99990,256,256,RGB,JPEG,21809,0
Potato___Late_blight/1e1fde7a-c535-49fd-9670-629f7fb9cb3d___RS_LB 3949.JPG,Potato___Late_blight,True,1111,87009c63c5450f739b6808bbe7a3598b8c8f6c4a8568fc501dbf4b678cccb4e3,ea83a55fb42cd324,256,256,RGB,JPEG,15082,4
Potato___Late_blight/1e3e04cc-3778-4d78-b8f9-d60faa0534b0___RS_LB 5246.JPG,Potato___Late_blight,True,1112,eb133f13ded8e5a84cf91a165443cde7d75bc59d850ce5b6eef12f4d87723821,ab1ed44bc8698d66,256,256,RGB,JPEG,13936,1
Potato___Late_blight/1e69b122-3920-4c4a-bfff-a18f3d6c3f89___RS_LB 4766.JPG,Potato___Late_blight,True,1113,4d1cca05fd7fcb6ee021b70b1c55ea9fd2efeaab34653fb8c5d06b548cb873c0,aa85d25aad64c6f2,256,256,RGB,JPEG,13021,2
Potato___Late_blight/1ed357f9-f036-4bf2-b180-1588976eb116___RS_LB 3005.JPG,Potato___Late_blight,True,1114,04a4a707a51a2c032a83837428f7fe6f053202dd9a09162d897ed74390942f76,a2763589dd8dd831,256,256,RGB,JPEG,15756,0
Potato___Late_blight/1f440bb7-e35d-4bc9-a807-81dac78c54b8___RS_LB 2727.JPG,Potato___Late_blight,True,1115,c7428575d81f307f84328901ce81fbe3c80ff12617d673df5e5ea146d59dcb71,ea52b5a590bd89a9,256,256,RGB,JPEG,18593,1
Potato___Late_blight/1f560f09-0b70-40c9-b907-4cac9ba47b8d___RS_LB 3184.JPG,Potato___Late_blight,True,1116,a806ecfa2f8306dff9eec7b92cb0568f6276888fd912fee71588a7229209b3b4,ab84f0dac8e8cee1,256,256,RGB,JPEG,16591,4
Potato___Late_blight/1f84da28-3025-4cc0-8815-5b6b60205956___RS_LB 3326.JPG,Potato___Late_blight,True,1117,f04e3c77f024553163f734716e1147a42ace1272b75efb49021cc307e0a6600a,ff37f0588dc0cc60,256,256,RGB,JPEG,19648,2
Potato___Late_blight/1fa9afe6-69ab-4206-a8b5-487531391a37___RS_LB 3006.JPG,Potato___Late_blight,True,1118,523e5b7d0a6469eab873446a5b4e7d32390155001ff616ef6ea99038cee8d789,8a85f0fabf0f042e,256,256,RGB,JPEG,15835,3
Potato___Late_blight/201186ce-cec5-47ef-9f88-bd8c4abab2c8___RS_LB 2813.JPG,Potato___Late_blight,True,1119,fc48b34726e28050cf28d7ea30eb5c659d5e57e99906ab640810dadd1c40d3e2,ea94e5d8953a9631,256,256,RGB,JPEG,19020,2
Potato___Late_blight/20880dc9-069c-40e5-81be-6d6e33f9519c___RS_LB 4098.JPG,Potato___Late_blight,True,1120,3aad1bccf7a2536d1f5e10eba7f89b26c22c32b053552216bccac9b71733b3bf,ff9be090cec0c2d1,256,256,RGB,JPEG,13757,3
Potato___Late_blight/20e59080-5a86-4aa8-b5b1-d886a4b273b7___RS_LB 3165.JPG,Potato___Late_blight,True,1121,3facb60888e1516af1cc3bf80dd401f5fec49fcab19fb44380f765dc17e19fb7,fe42893f9231a1b6,256,256,RGB,JPEG,20099,0
Potato___Late_blight/2122118e-02ee-452b-864c-adf36ed5ce9c___RS_LB 2890.JPG,Potato___Late_blight,True,1122,ce118a5c3b7989b39f492ba5e17fbdaa1dd106179e93cb18fe676b446285d853,aa94ff4a8171c74a,256,256,RGB,JPEG,14513,4
Potato___Late_blight/21d8b66f-1ea5-48ad-92e2-9f708a969b7f___RS_LB 4097.JPG,Potato___Late_blight,True,1123,5b7f3414e02c2115ce1a96dba58204851d8da98e0e754f23d3fd694669f051ba,ffe08c8f95193093,256,256,RGB,JPEG,14675,1
Potato___Late_blight/224d9d63-c097-4142-b1a6-56f88a7bae2e___RS_LB 2630.JPG,Potato___Late_blight,True,1124,1a30789605ed796a090cd4fe755102677dc3d0c1aa6160c0d1467ae6006d3dcb,ae85a5c692399e39,256,256,RGB,JPEG,15061,0
Potato___Late_blight/2269e6d9-bb15-49f1-8349-2f0126165960___RS_LB 3197.JPG,Potato___Late_blight,True,1125,85a8fa266d00a7b55331e80dc680ce79ce10a9d39000b75a869218ca69d5c9e8,af68d087c1d067d9,256,256,RGB,JPEG,19662,1
Potato___Late_blight/227f2f04-4d59-48d9-958d-5cccc70d3f2b___RS_LB 2772.JPG,Potato___Late_blight,True,1126,70b2ba2fa41aad4b5f436d95733c83dc242f7bcd3d032f1235ff48b16390400a,8b71b70cd01dc36e,256,256,RGB,JPEG,16353,2
Potato___Late_blight/22b19227-ae7e-495e-9fe0-d286fbcf9412___RS_LB 3996.JPG,Potato___Late_blight,True,1127,67652c7ab7ad10147ee4e1cff3278b1d8b980fba595a8a18300ba040367de900,aacab420db84bdb6,256,256,RGB,JPEG,17386,3
Potato___Late_blight/22bd2a18-a4ba-4c9a-a4d3-2dabc295ccbc___RS_LB 4759.JPG,Potato___Late_blight,True,1128,266d82d4c555c0c42285c3d7a44de30f1f5f0f9c876ac78fc753272d2f1392ad,ba4ad4a5c5b48f98,256,256,RGB,JPEG,14415,4
Potato___Late_blight/22d5cf8c-308f-417d-9b05-b00a0791ecef___RS_LB 4797.JPG,Potato___Late_blight,True,1129,f8b2505e85039931af6fd68f6e966db5cbd76225a3a6bdf845ec49028914c306,fe4283199837d936,256,256,RGB,JPEG,18130,0
Potato___Late_blight/2377f6d5-3660-4b5a-b5b3-eea448e7a143___RS_LB 2729.JPG,Potato___Late_blight,True,1130,94c743d43fddabc016edc740c0f70950404a77415f89666845e979c6115381ff,fb93b064c392ca5a,256,256,RGB,JPEG,17433,4
Potato___Late_blight/23ad201a-469e-4687-9321-7329bf747992___RS_LB 4990.JPG,Potato___Late_blight,True,1131,c8e859d21691395acbfd34e18d1c0aed117387aa27671fa54747890a5e5cfcfa,ffbf84d0c847c1c0,256,256,RGB,JPEG,19787,1
Potato___Late_blight/23e2a413-2191-4a94-a305-c12b4ed24aa3___RS_LB 2555.JPG,Potato___Late_blight,True,1132,87714d198b8940b1544c58c3727966008985147dfab42add30ed3a154e5c9126,bb86e03883d1ce2f,256,256,RGB,JPEG,18420,2
Potato___Late_blight/2425fba0-8d06-4f05-9d0c-258c39777a37___RS_LB 4915.JPG,Potato___Late_blight,True,1133,73ee643da549d47528c5c371139971cb5aafb287f8aec3b0c2c5b7c85ee19765,bac2c50fca3ec991,256,256,RGB,JPEG,20515,3
Potato___Late_blight/2438dfce-68a1-4026-a006-4c99a0f6259b___RS_LB 5116.JPG,Potato___Late_blight,True,1134,13698183cffe4aeb4499acc26b5e58633b1c2dfc6a5b9567fb2741e79c97a695,abcab58dda349162,256,256,RGB,JPEG,15307,0
Potato___Late_blight/24482fe2-5139-4f73-909e-9ea4a3d8bf5d___RS_LB 4733.JPG,Potato___Late_blight,True,1135,580e6ced41d3e595fc6e80af9b63fb375c0144dbd92294588ba265b819fdbc3e,aadab5a0c30fd83c,256,256,RGB,JPEG,14640,1
Potato___Late_blight/2482a11a-46b1-4e06-9b5c-4af0089b3259___RS_LB 4087.JPG,Potato___Late_blight,True,1136,f190c181574e1f1b4edeafec50c49f934828b88093c2cc35257b86c98f36d1a5,aea4f492c31bc92d,256,256,RGB,JPEG,13427,2
Potato___Late_blight/2565077d-44d3-4213-82c2-bf5ae9a64368___RS_LB 3295.JPG,Potato___Late_blight,True,1137,98b44c18dc12acaeeaa7d63996e3ca775a35ef5c4868e9e67edb5433163564a3,bfb6c07289c591c9,256,256,RGB,JPEG,18234,3
Potato___Late_blight/2572d994-464a-461e-a0c8-597dc2229c09___RS_LB 2763.JPG,Potato___Late_blight,True,1138,3acda86d9b766044d26211061721db0e57c849524d8e0030389199be33c1a417,edaca19096cbca6c,256,256,RGB,JPEG,18416,4
Potato___Late_blight/2577b25b-c0ac-442b-8093-42e6490bad1e___RS_LB 4319.JPG,Potato___Late_blight,True,1139,f6d975f594fd62485a3fea42fffb520c370b51fe49979057dcae85f9f77dd08d,f4ce9131ce19c7c4,256,256,RGB,JPEG,21431,0
Potato___Late_blight/25978f86-dca7-4052-bf6b-7d14ce0438ad___RS_LB 5016.JPG,Potato___Late_blight,True,1140,a1f6757649ae21b8f8b67421ffc691339b498dbe64ad33b30de402915fca64b2,aaca918d9bb43437,256,256,RGB,JPEG,14093,4
Potato___Late_blight/259a9b63-d100-43bd-b611-1c707b9e8842___RS_LB 4562.JPG,Potato___Late_blight,True,1141,5c7a2687c94193b3eac27dc8063aaf996cdd33ba174298599ab5a9e5b47ac9ea,bec2d08d9ab22d99,256,256,RGB,JPEG,16781,1
Potato___Late_blight/25bf1e56-4039-4d92-9a66-65b62e3b0f4d___RS_LB 4949.JPG,Potato___Late_blight,True,1142,6dbdfa83f39d59e309ba17154567c8125e14b05e35fd5c2d60985e746200a775,ffae95b092c188cc,256,256,RGB,JPEG,20339,2
Potato___Late_blight/2657bf2b-c03e-4ec6-bf6a-4afe8645acec___RS_LB 3110.JPG,Potato___Late_blight,True,1143,899544a6e062bcc9944c11a3cdc42c1f7fa0d8f782ee4659d8cabce31aecd494,fac2b1cd9a96b809,256,256,RGB,JPEG,15739,3
Potato___Late_blight/265e32dc-44f3-40f8-8c5d-8bc223dd0f52___RS_LB 4859.JPG,Potato___Late_blight,True,1144,b9ffa847af6edcd999ec1e80e883b5b80ada5939fc9cdd93d75288dade4d990b,a890c6cbc35c8fcd,256,256,RGB,JPEG,13304,0
Potato___Late_blight/267d6db0-95db-4945-a6b0-bf05b11ef8ff___RS_LB 3231.JPG,Potato___Late_blight,True,1145,5250d67421a055a9d57d3ce2cadfc047f054dc3267eb51ecbfdbf26646fbb5cd,fa9cc172924b8ce5,256,256,RGB,JPEG,17832,1
Potato___Late_blight/2717d9f6-68a9-44ca-b290-0311a5356621___RS_LB 4564.JPG,Potato___Late_blight,True,1146,dde02f7ef92ee8c614c774ac43825d6916f3568ba0e084f8b0697e519dc39003,f942949f959cc338,256,256,RGB,JPEG,18817,4
Potato___Late_blight/27f1b297-f65a-458f-80d9-0046fa4c8c11___RS_LB 4332.JPG,Potato___Late_blight,True,1147,85f2a84cfd1f2d0c6e5e5c92acddd831311c232bc03f4a0e5a5d1362ceaccb57,cb5ab4a59c9396d0,256,256,RGB,JPEG,13501,2
Potato___Late_blight/2846161c-9ac0-4ef3-b563-aee344dac80d___RS_LB 4851.JPG,Potato___Late_blight,True,1148,c4656516587e703899e0eb06239624800959a681d2b1ba53b13f03b99b1f8c85,aee8918dd836959a,256,256,RGB,JPEG,17799,3
Potato___Late_blight/289cbc85-4659-4db9-95b3-06b14fa36216___RS_LB 3857.JPG,Potato___Late_blight,True,1149,ce2c3d2a70fc3b101664eff4c1402524a6dae2449fd685a26da31fdf5f02131f,eabd96d1c8c0e466,256,256,RGB,JPEG,14816,0
Potato___Late_blight/28cbad12-8d41-4d36-a6df-db0d35ee1ce0___RS_LB 2922.JPG,Potato___Late_blight,True,1150,3b0f032a26f48f003a1fd09954b01a924b0c1a9484fe060a7fbad6d95c9a5120,fe2ea1d586c39849,256,256,RGB,JPEG,13892,1
Potato___Late_blight/2958c571-a4f9-40b3-a091-0f37c4822932___RS_LB 3325.JPG,Potato___Late_blight,True,1151,ace04968e7f215cd25f269243728b60fdd4b122628d32e8673173327043b8575,ff50d02f8a1e91b4,256,256,RGB,JPEG,19323,2
Potato___Late_blight/296e6201-4b46-4449-9edb-c7659d36cf92___RS_LB 4052.JPG,Potato___Late_blight,True,1152,93807b9921355a03b573ce851ea6e9e07547952459d5a689ff186bf4a03629e6,aa6ad425c18747cf,256,256,RGB,JPEG,15341,3
Potato___Late_blight/29a30aec-e060-43f2-bd81-27d8ad1cebf2___RS_LB 4911.JPG,Potato___Late_blight,True,1153,5416101490da24f30a788af8888a00fce22c057e78393cee575af97f9aa87a35,ab48d425c33edc93,256,256,RGB,JPEG,21140,4
Potato___Late_blight/29ad1bd3-9eca-4975-97b9-80d497a62811___RS_LB 2847.JPG,Potato___Late_blight,True,1154,132a84ea9247433370476539f7658ba421dc3dadf8ccb63d95c449a8da753d21,baf085c6c39e664c,256,256,RGB,JPEG,16291,0
Potato___Late_blight/29bfc55a-8cb2-4938-b0b5-5e2748fd1a22___RS_LB 5070.JPG,Potato___Late_blight,True,1155,45c04e0fe8d077839b4a7eb56de700c91f8dead4eadf98e09e40b4b3a3e06eca,aa15f55a836b8569,256,256,RGB,JPEG,16819,4
Potato___Late_blight/29d49eb8-84d0-402d-9f00-c1149b8b3e16___RS_LB 3031.JPG,Potato___Late_blight,True,1156,08d0907e3d490e00fb626631979479e02c63d0aaf3e1bd55f31f306a181a27f9,faf0a1cbd68d9890,256,256,RGB,JPEG,14898,1
Potato___Late_blight/29d84246-f2a5-4c18-8ddc-2f2d38046ae2___RS_LB 2625.JPG,Potato___Late_blight,True,1157,80d3443bf8e9799b2501ca1ccb3b4b17e93f9ba50bc9f9b726bb25438461c43a,aeb6d0c09219cfe9,256,256,RGB,JPEG,18190,2
Potato___Late_blight/29dafc9e-eb0f-4f3b-99ab-a617b8163e50___RS_LB 3052.JPG,Potato___Late_blight,True,1158,0b8a56fe2060e5104fb91e389d48137f69154a777c65748775ba393058939e0d,eae785cc9891935a,256,256,RGB,JPEG,15457,3
Potato___Late_blight/2a0727c6-24d9-4d20-89ed-51bbd36a4b5a___RS_LB 2987.JPG,Potato___Late_blight,True,1159,9c16e6ccbbaf68f5645f024c705310daa882870a05cdfe7878cc7ec99f26f90b,ff408a0fdc3dc035,256,256,RGB,JPEG,18303,0
Potato___Late_blight/2a3e5c22-1e37-4ba0-8686-cf7482e4e8d3___RS_LB 4126.JPG,Potato___Late_blight,True,1160,4cd9ecf726d4dd85db8f86353bae6d98165ccf117e561204037577be21d226c4,f831876d92369ac3,256,256,RGB,JPEG,11020,1
Potato___Late_blight/2a52ba17-febc-49b9-b5ab-52a500d387de___RS_LB 2621.JPG,Potato___Late_blight,True,1161,ff067494f1536db50d5c8e91c942c2d8fee20df3a155531e32942555bcae1e8a,fcbb81d48ec32169,256,256,RGB,JPEG,15566,2
Potato___Late_blight/2addf5f2-acc5-448c-88a1-fe357d9aa9ac___RS_LB 4736.JPG,Potato___Late_blight,True,1162,e6d36770f477f39efb78757315dc2fc520f1c450a84fa7a0349af6197a9088a7,ffe0e00f8d1885b9,256,256,RGB,JPEG,14306,3
Potato___Late_blight/2af683b8-ad55-450d-9047-630b85a2d128___RS_LB 4614.JPG,Potato___Late_blight,True,1163,57c576d5016ce41a162be6d3c045b19a273f1c6e20892c958a51fa1e560e178c,abca958d9c94b299,256,256,RGB,JPEG,13921,4
Potato___Late_blight/2b064606-e6e2-46e0-9788-d1049f0e4fed___RS_LB 4246.JPG,Potato___Late_blight,True,1164,003f902717a9b492bff7e7a5faf6a4e12045fd8f6efd15438712736de4ab343d,fa4acd2594b1939a,256,256,RGB,JPEG,20350,0
Potato___Late_blight/2b7f92a9-9bd8-4461-9588-ab98abf54be0___RS_LB 2575.JPG,Potato___Late_blight,True,1165,630f141dd479e4e7c13c56f62a85f074a17afd4d7d8ad7c7894f5c084ca34c59,ea93b5c8c3929c69,256,256,RGB,JPEG,19350,2
Potato___Late_blight/2b974785-090d-4dae-81a2-ce3ebc2a1c68___RS_LB 4634.JPG,Potato___Late_blight,True,1166,5a63c7c669df44fc4047590463cd60a35e791250d67186e8d8288f868ae3581a,bc86d2c9cd06c6ba,256,256,RGB,JPEG,14286,1
Potato___Late_blight/2c1218c8-eaea-4f5a-be4b-34e34a705063___RS_LB 2530.JPG,Potato___Late_blight,True,1167,e19d2d1c6690e71fe2492d1befe608496957e03f654a51a16f12f423d7806f98,aa68c52dcf1ccd38,256,256,RGB,JPEG,17308,3
Potato___Late_blight/2c2b39ed-75f9-49f6-a28e-36a2cb608297___RS_LB 2794.JPG,Potato___Late_blight,True,1168,f4ff4cd6e4f96ca3ef24541c56632607520100ca4a45e10cc7e2337fd5ba422e,ab95c0f0984ee763,256,256,RGB,JPEG,17716,4
Potato___Late_blight/2c33381e-78d8-47fc-8cea-1459164f46d6___RS_LB 4115.JPG,Potato___Late_blight,True,1169,29424d874637779f3f385ecb312509006d27b8f95218d85cc485c42398f04255,e8cb9d989336c664,256,256,RGB,JPEG,13021,4
Potato___Late_blight/2c3eddb8-f475-42ce-af72-81271630ba07___RS_LB 4991.JPG,Potato___Late_blight,True,1170,a4a8c08add948e41dea7002ddbb75ed5aba3c02121049fe3be42ccbc9ee79625,baca928d99b69133,256,256,RGB,JPEG,18268,0
Potato___Late_blight/2d736aa6-79a6-42b0-9e92-d859bcd72824___RS_LB 5244.JPG,Potato___Late_blight,True,1171,b633d1b2500ae51638883ba281989bb7327c52a54d655c9425cc2a401e999158,aad2a5a8d2374ada,256,256,RGB,JPEG,13661,1
Potato___Late_blight/2d8cbe58-280e-4c93-9b06-26f4279eb4d8___RS_LB 2855.JPG,Potato___Late_blight,True,1172,6474db3e4c54b8a2d592d79f50ecdfea9ffdef78262006929702a86c4819384a,aa4ae1878fbd9831,256,256,RGB,JPEG,14993,2
Potato___Late_blight/2e18248f-e251-44c0-b9a5-a198455f43ee___RS_LB 4858.JPG,Potato___Late_blight,True,1173,8168dda5a77c767342d5e4a67f5409558d82795d6b2bdfffd175e4ccc7bf5d73,ffb5805099ca358d,256,256,RGB,JPEG,17452,2
Potato___Late_blight/2e2bc24d-9900-4b0b-a8ec-abb444350c03___RS_LB 4701.JPG,Potato___Late_blight,True,1174,92bf4d9055a3b70c53ae3cfc21a90358e4a8df44cf859f6cf0a71df3ef96d6dd,febf92d0c8c2c944,256,256,RGB,JPEG,15071,3
Potato___Late_blight/2ea232e4-2e94-426f-b86f-8bc5861f334f___RS_LB 4757.JPG,Potato___Late_blight,True,1175,eb0b307ea5ae3b2aac8ded2fefb3eea61a6687772992833a095853d99cf7b8ce,fd9fe090c6c88c47,256,256,RGB,JPEG,15350,4
Potato___Late_blight/2ed031ef-c77f-42d2-83fa-4fbfc66d67b2___RS_LB 5254.JPG,Potato___Late_blight,True,1176,1d03500c2408e64ae3b1989e35dd6ad8010a10128a4bff4ae835ede7883a2562,fb6ad425c333c41a,256,256,RGB,JPEG,14535,0
Potato___Late_blight/2ef5c4f6-a798-40fd-8380-f444f3290987___RS_LB 4428.JPG,Potato___Late_blight,True,1177,b8056e528b19cd014a6de4aef4c34f09009f11bf250a471ce0d8f76877ddcdbb,fa42959ed839c334,256,256,RGB,JPEG,16327,1
Potato___Late_blight/2f419afc-a232-42c7-b0ff-92d928647a0f___RS_LB 4917.JPG,Potato___Late_blight,True,1178,884b67a31af5ae0266624e49df4d5338d2f5f54c5e6582a2397b82d360050f1b,ab4ad0079b36cc3b,256,256,RGB,JPEG,19999,3
Potato___Late_blight/2f6382f7-12fc-4309-b7db-b034b8165c67___RS_LB 4955.JPG,Potato___Late_blight,True,1179,f34a0d7b35fa348480419cd9e1d1dde10e0ad18470f210dd869b55a4b5f1c029,fac1a5c8963cda32,256,256,RGB,JPEG,19874,2
Potato___Late_blight/2f76c068-ebba-499d-8819-2d12bde41695___RS_LB 3232.JPG,Potato___Late_blight,True,1180,003464f995f4d39a563ed4fa131ba1fc2fc18e8a911d428b8aa812a43ea086e6,bfe0c7878c9c9990,256,256,RGB,JPEG,19200,3
Potato___Late_blight/2f7b6898-a342-42a5-a0e5-a9f2bad7eaf1___RS_LB 2831.JPG,Potato___Late_blight,True,1181,dd26e56bd5b330e4e45fa7e680edf78fbb8f1c2950900bb92cb0fbf8e0fadd2b,fe43e40d873c9b30,256,256,RGB,JPEG,15019,0
Potato___Late_blight/2f8e6ae7-f6ac-4bab-992b-82e3c51cf476___RS_LB 2743.JPG,Potato___Late_blight,True,1182,2cfe51411fa4845fdcced9da3e8378cdb31dce883bf107ef2b834e72a4d8bfeb,aba5b45ac9398c47,256,256,RGB,JPEG,18772,4
Potato___Late_blight/304b3fa0-f0cb-41b5-b835-9bd13773150a___RS_LB 4696.JPG,Potato___Late_blight,True,1183,eb4a76ed286f2180ced590e75d8ab1be8f0a13ec9b194c7b301d4abdd1f33a1c,ab9690d8cfe18c66,256,256,RGB,JPEG,14913,1
Potato___Late_blight/30777af4-cbb4-44bf-946b-f1c5d17704ee___RS_LB 4822.JPG,Potato___Late_blight,True,1184,6e02b79d370aa7346621e713c44a5ddc9065d5ac5d124b4ce9cfcd7a90d3faad,fd1e86719a6198cc,256,256,RGB,JPEG,19643,0
Potato___Late_blight/30920583-57a6-4cc2-81d6-84879ec3af46___RS_LB 4930.JPG,Potato___Late_blight,True,1185,a9e6e139fb6a800a26eff15a2258fc1eecee8d0ced87fce621c2d80a1b1894b6,abf4d10bca2dcc34,256,256,RGB,JPEG,18387,2
Potato___Late_blight/3112e625-f1d9-428b-a77e-23c6f28e44f8___RS_LB 3035.JPG,Potato___Late_blight,True,1186,de70a740f3710770780e9504118bd9bcab694870274ca18d7bb6a900c82848c2,eb68e069938d0f66,256,256,RGB,JPEG,16357,1
Potato___Late_blight/3171caea-9708-45dc-a60b-e347b3e74fb8___RS_LB 5256.JPG,Potato___Late_blight,True,1187,8e26e8bffe9a1632e53107524036cce37397cec3f5a305adba235f2b5ffa72e0,ffe8e082861c9bb4,256,256,RGB,JPEG,13446,4
Potato___Late_blight/317a40c6-c4d8-4b4e-9878-4f742e7f409a___RS_LB 4462.JPG,Potato___Late_blight,True,1188,c207d5866ba327f4e3936e2a8eb7248198c9c981cf6f5fbd335e132cfba8ee6d,e9d2c59932c93366,256,256,RGB,JPEG,16166,3
Potato___Late_blight/319335dc-6a48-4fe4-932b-326f1455f3cd___RS_LB 4703.JPG,Potato___Late_blight,True,1189,c7280f9c299d78cae021ffa86ba089a11d7248df8428469db9563a41dc42679f,af9ef0c19b648836,256,256,RGB,JPEG,11810,2
Potato___Late_blight/31b2a640-4063-41f1-97c5-03ceca0ce131___RS_LB 5439.JPG,Potato___Late_blight,True,1190,e5d6f86e52a3f2e945c242a8e07710fa84578e3fa195aea86e73bb8ccd999baa,bea7e05486129d9b,256,256,RGB,JPEG,15465,0
Potato___Late_blight/31c96e0d-0a6a-42b4-bd7a-0faf2c8e462d___RS_LB 5298.JPG,Potato___Late_blight,True,1191,a98885ceaeb39b57107fa6c5cee6fbfd0ae4fd4a4db20134431e92326d0b3b5c,eae3858f949c9293,256,256,RGB,JPEG,15024,1
Potato___Late_blight/31d61797-f3dd-4452-8db9-cdfd8be9ebf2___RS_LB 4823.JPG,Potato___Late_blight,True,1192,b489344574374ed29dbc89b334f1a5793dd5cac9a9da1d79c772cfb42e95e687,fae6a5ad9c30d230,256,256,RGB,JPEG,20889,3
Potato___Late_blight/3221ccec-f264-4046-8252-77a8a357562b___RS_LB 4637.JPG,Potato___Late_blight,True,1193,87365f205e7b4cd1b7516657ff18c75f841276831df3eaeb5c02d020a654bf4b,e03897e1ce16d966,256,256,RGB,JPEG,13174,4
Potato___Late_blight/324a0ba8-726a-4e6c-a15f-c32a1904f891___RS_LB 3078.JPG,Potato___Late_blight,True,1194,87864864903808486b4817d58ba2bd1594fe7b51ca74357b73d92f90873ca713,fa3d85d0c2e3a8c5,256,256,RGB,JPEG,17673,0
Potato___Late_blight/326919e6-16b9-442b-ada3-e4c37b3ab8ef___RS_LB 3187.JPG,Potato___Late_blight,True,1195,adca6a81b334eb9feda6f183397caf52615b53f3f4dd6f55ce1601356e40abb0,ef699487c21e9338,256,256,RGB,JPEG,19133,1
Potato___Late_blight/32e6ace8-7ca9-4f95-a313-6747d321e8da___RS_LB 4698.JPG,Potato___Late_blight,True,1196,3edb4e12b2a1d493acaf235b28f3e698f0b966965895e995f9940f783fe333ac,a201905f9f4bb5ce,256,256,RGB,JPEG,15685,2
Potato___Late_blight/33551627-5824-42b9-9547-4df44590fee1___RS_LB 4848.JPG,Potato___Late_blight,True,1197,a44d523a14f6d7c7dbe9f768c64c307023428cb2a53aad14ccf96c2e618e6abe,ef609499da3ec838,256,256,RGB,JPEG,18117,3
Potato___Late_blight/3362decd-b0d5-4cc6-81f8-3c051a285875___RS_LB 4109.JPG,Potato___Late_blight,True,1198,b11e4cd4f5e243d1b377ce5702c23889d8df291a59f81737d0c3aafc0804ea25,fac3871c316692e5,256,256,RGB,JPEG,12598,4
Potato___Late_blight/33938ff2-ee2c-4571-96dd-6229a0cb4e0c___RS_LB 5184.JPG,Potato___Late_blight,True,1199,139b3984f333082ed52bcb198ae4e7b1ca5e32193d31e0526c7234f1661c05a7,be3fc0d09ac1c966,256,256,RGB,JPEG,18023,0
Potato___Late_blight/33b849d5-ec92-4acb-88e6-530accf22734___RS_LB 4994.JPG,Potato___Late_blight,True,1200,f4a864423b460f8643bf484039e817821b829082440b29605cad315f0c262b3f,be1da45ac3618766,256,256,RGB,JPEG,19563,2
Potato___Late_blight/33baf253-755d-4e3f-8d52-5caf59d0835d___RS_LB 2867.JPG,Potato___Late_blight,True,1201,a54ef08db156b1e3da14fd42b3e8fb1951b288ea5220977557d5598f1374e3a9,faf0854e8e94e899,256,256,RGB,JPEG,15021,1
Potato___Late_blight/33fa45a7-e6ff-4e75-9c6e-28570fdfedb6___RS_LB 3054.JPG,Potato___Late_blight,True,1202,2d3811a63b78aadea5012ec9fdd3783d3fe87e795c9f032bc33ae9bdda8ff337,afe8f401863e99b8,256,256,RGB,JPEG,17060,3
Potato___Late_blight/3456a2d1-59d1-4111-9cc8-16a6b12e973e___RS_LB 5249.JPG,Potato___Late_blight,True,1203,0c738dc3c4555a1368e5e2ce2cae40b82803f5f01ef5b476373f94d4e9162ec9,ffe0a00f97b50a32,256,256,RGB,JPEG,15010,1
Potato___Late_blight/350662fe-0ebf-4e6b-9ff9-6ceaf9d22067___RS_LB 3877.JPG,Potato___Late_blight,True,1204,3f90bc5c3417082cc0235229ef6cb200433b662a9a870526345c077bdcd5ff13,afd8d0618337cc96,256,256,RGB,JPEG,15388,3
Potato___Late_blight/351386f8-c501-45f6-ab0d-e9c1d1584204___RS_LB 5195.JPG,Potato___Late_blight,True,1205,ee7291b7ea6e5343c07297e50d8c8ebfb238df04a0088f0738d7a9fbd62fe465,aaca809d9b34b5b3,256,256,RGB,JPEG,17514,4
Potato___Late_blight/351a1e47-c9b5-4b38-a5c1-b3d390bfe506___RS_LB 4429.JPG,Potato___Late_blight,True,1206,5fd4bff3432d25c6c34eb5c48111cab87bec6fc56714e864e0b6713319c81725,eac2859f36d8b191,256,256,RGB,JPEG,17333,0
Potato___Late_blight/35621849-08fd-442a-a94e-139b2657106e___RS_LB 4055.JPG,Potato___Late_blight,True,1207,c3698ef93991c0c9f6d2e78e637d80324b2e0423a4485281f4eb1ca3069a2ade,fee0a10f9e3c7070,256,256,RGB,JPEG,11622,4
Potato___Late_blight/357bfc61-bb46-4e77-b9eb-eafdd3af7f6f___RS_LB 3082.JPG,Potato___Late_blight,True,1208,998929bafe84e69e33a84f11a7c90d802a09d6699bd503f454967f744373dd7a,ba9dc2728dc2cc66,256,256,RGB,JPEG,15989,2
Potato___Late_blight/35c3e2fe-7b97-4137-adc6-aada45306425___RS_LB 4123.JPG,Potato___Late_blight,True,1209,c55ee9ba98b39fecebca1123851c82fa82bf672d51f70ede9d47c5177142e98b,a8f197cfd83c9848,256,256,RGB,JPEG,11910,0
Potato___Late_blight/36555aa6-0ca3-412c-be9f-50f12500861f___RS_LB 3907.JPG,Potato___Late_blight,True,1210,6daa16651b1f93f59a2673b3e3930d3bf919130b82099fbc798970dca61bcb6e,ae6ad1058d1ed89b,256,256,RGB,JPEG,15508,1
Potato___Late_blight/36c25644-54cb-405d-abef-700d24652958___RS_LB 2606.JPG,Potato___Late_blight,True,1211,71f7d815f6b9c433c499a58ee10ad57ca8ada1b19384bd51d123bd2e9323a989,faa1a5d52b569648,256,256,RGB,JPEG,16109,2
Potato___Late_blight/36d2885d-0bc7-4346-8a13-383e1533a68c___RS_LB 5098.JPG,Potato___Late_blight,True,1212,392685bd329111384baba6288ef74bf7e03ec7e2735824b687ca66ed08cfffa5,a091cd5f8b6c9762,256,256,RGB,JPEG,18489,3
Potato___Late_blight/36d3502f-32cd-4ef9-b63d-575db1c18cf8___RS_LB 4908.JPG,Potato___Late_blight,True,1213,905c3c6fe782906e516df7267b9c23197ff22a14b7e9216b21ea95639d2e0baf,eac0a50f9639d273,256,256,RGB,JPEG,20004,4
Potato___Late_blight/36f84bc9-df52-44b6-b420-29c3881dea1e___RS_LB 4485.JPG,Potato___Late_blight,True,1214,dfab9a2e2228b664afdd708891819093bd929bbcfb5f79b915ffe2a0f0be3df8,be92c1674e129b99,256,256,RGB,JPEG,18365,0
Potato___Late_blight/36fc1631-634b-42d3-a865-cc858557a8a8___RS_LB 4427.JPG,Potato___Late_blight,True,1215,f7f790ea154b4bc44c07bf804a7f3c15bc57412dde680b183b797a1a0cbfeaaa,aa43b08f966dca3c,256,256,RGB,JPEG,16822,1
Potato___Late_blight/37075adc-dd51-4a5b-8a6c-0649cb98516b___RS_LB 2678.JPG,Potato___Late_blight,True,1216,3f3f9bb9da85e83ef091f1758c945b8399ec2fbeb6fc06e3e2667437caf7ba99,be9fa1c8c2e0cb83,256,256,RGB,JPEG,19166,2
Potato___Late_blight/377e9523-f375-4c0c-9d66-5abf2abfaefb___RS_LB 2504.JPG,Potato___Late_blight,True,1217,dfc24e086cfadc5ef86f27d9330e3af564ce2abd168936d7838b8903b0af35ad,81fff4c0c902e70f,256,256,RGB,JPEG,14687,3
Potato___Late_blight/37ac120b-240a-42fc-839c-90c6dea13d85___RS_LB 5214.JPG,Potato___Late_blight,True,1218,e0b920af06c1edab90e5f5bade2967e9b6c332bad44a2c6e95ac28587007e194,eec2851f90b49337,256,256,RGB,JPEG,13591,4
Potato___Late_blight/37c1e3d4-e54b-431a-b370-2a506b6026a2___RS_LB 4461.JPG,Potato___Late_blight,True,1219,fb37747e4078dcbbfe1e6f430f326f4060876e3a45d30d18e7eb9f35a6a88458,ba3587723c0e3399,256,256,RGB,JPEG,18360,1
Potato___Late_blight/37c47f95-2216-4f78-87a1-504b198a4f4c___RS_LB 4327.JPG,Potato___Late_blight,True,1220,b3d74f9511b76101f65f034bc1a45a198dc6d825a9daa424418d830366d81f1c,ef63f01cc3da0c61,256,256,RGB,JPEG,21464,0
Potato___Late_blight/37dbf454-f189-4fae-a9e7-a088e7be3f2e___RS_LB 4530.JPG,Potato___Late_blight,True,1221,785a59e561b9aaf8f7bf7d399fb3426cc7094f0b94f595f5bd7991226aebfb41,ebc3b48d98949b26,256,256,RGB,JPEG,13097,2
Potato___Late_blight/3888aab7-b07f-439b-80cc-c7f49004a67c___RS_LB 4156.JPG,Potato___Late_blight,True,1222,d748314c243ec8f7a38ab43f50b1fcbd599551a1470d2c3160fe62d09f677e98,f933e5a497c60e88,256,256,RGB,JPEG,15158,3
Potato___Late_blight/38c1c136-d91d-4527-aa8f-623a574a41d9___RS_LB 3042.JPG,Potato___Late_blight,True,1223,69eeb50c2e9519d6754fa99b3184e1f58f410322fee9319cc10a1ecc96e55f04,aa35e15a8d689c67,256,256,RGB,JPEG,16351,4
Potato___Late_blight/38d82b6e-16ec-4ac6-b42f-29ff524b4e43___RS_LB 5269.JPG,Potato___Late_blight,True,1224,0d011be3ff1bb463f0a6441f4bc740741d87a71cd5f4009b695fc7b5355b1631,ef4ad4059a3e8d34,256,256,RGB,JPEG,17631,0
Potato___Late_blight/38e8e3d1-7c0e-4d66-a926-79538ceadf07___RS_LB 4130.JPG,Potato___Late_blight,True,1225,1900c6ef9b3f5b53cdf197dfb7cf2190d6768bb6f7142bce1bc64ea08a125d18,af69d227cd1acc30,256,256,RGB,JPEG,12956,1
Potato___Late_blight/38f1a80d-6961-4763-ada2-7504f388cf2d___RS_LB 3217.JPG,Potato___Late_blight,True,1226,5838384b0a6abd05c44d6f3f763fbc0e014c40dc7c578da2a0faf4e105cd4406,ece9c3e496c3190e,256,256,RGB,JPEG,18617,3
Potato___Late_blight/38fa4c3b-0541-4d14-80e7-84a1153b9e5f___RS_LB 4713.JPG,Potato___Late_blight,True,1227,6f2ab01cbe0f4dd17cc6cc04aa4311ab89746a69d1a4a24c028d882f2a9bec2f,afa5f4c283039d9a,256,256,RGB,JPEG,13719,2
Potato___Late_blight/3a0033d6-2efc-4926-a9eb-3969d815d630___RS_LB 5144.JPG,Potato___Late_blight,True,1228,32b6b5edb8597ec34a2cebd4ef58516c115114ae3494798a04e94f9161544b87,aad2948fbc8c3999,256,256,RGB,JPEG,15488,4
Potato___Late_blight/3a728bc7-b08d-4a11-bb49-b25d803c3336___RS_LB 4074.JPG,Potato___Late_blight,True,1229,5e9a3b31b44056ed16282cf0f42155cc38078edf484b42902dccc77c1841bcd5,aac2958f98b4b137,256,256,RGB,JPEG,11955,2
Potato___Late_blight/3b241fa8-12f2-4c80-afe2-0a4cdc8f34a1___RS_LB 5138.JPG,Potato___Late_blight,True,1230,66aeb36e35cd22e1b4da0b144c03a8e051912d2bb6cab24479e6996bf1d53379,aee3f0c2622b92cd,256,256,RGB,JPEG,14610,0
Potato___Late_blight/3c20c90a-788c-4d06-acdb-107f695d901b___RS_LB 4856.JPG,Potato___Late_blight,True,1231,575156b45a5b4fad3612a14961d0e34ef6fe62e5ce195b54f83397acafd2283e,ff3790d2da49c144,256,256,RGB,JPEG,18755,1
Potato___Late_blight/3c5e5bd4-e805-44b4-a030-51ee6bb1cef6___RS_LB 4139.JPG,Potato___Late_blight,True,1232,55402f8115b11a59c333eb918f3b195924323e3e16e42571c1a21bd49d77a77b,eed0a58d8e8cb89a,256,256,RGB,JPEG,14833,3
Potato___Late_blight/3cfeea97-88e1-42e6-b760-0fa125613e9c___RS_LB 4406.JPG,Potato___Late_blight,True,1233,d24557a88af937d7db426bb7340bbc3be6025d469ebef5cb90afa1782e13c3bf,ea95c3b25ac88d6c,256,256,RGB,JPEG,12730,4
Potato___Late_blight/3d4b41e8-18f8-400a-a961-82731c6ac4d5___RS_LB 5157.JPG,Potato___Late_blight,True,1234,7276984bb359cd8d0aa386d608b7abec1c9a6db15fc4a123528f3d71dfaec520,ff0f83d09cc6c158,256,256,RGB,JPEG,15195,0
Potato___Late_blight/3d4ddc33-b13b-4f7e-8689-1cf82532ef8e___RS_LB 3162.JPG,Potato___Late_blight,True,1235,cdce121fad8ddba2087610f7c860f8a7fb6cd42656c59fd2a764cf23cc63c7cd,affcf480c30fd818,256,256,RGB,JPEG,18708,3
Potato___Late_blight/3d544e81-b7f3-4853-bb65-c78b125d1a6a___RS_LB 3238.JPG,Potato___Late_blight,True,1236,c642943ff26f4533990f581a356eec75d7915d81c3196a029b4a255f9a89db8a,be9bb0c8d28d4b8c,256,256,RGB,JPEG,17251,1
Potato___Late_blight/3e379b4f-29dd-4f14-86e6-11fa37cf3ae9___RS_LB 4789.JPG,Potato___Late_blight,True,1237,6a9a51d0ac1af75f0cc6b7aa045d0aacb34215e8b1c30f5a912352b44be1d007,aae1b51ec26c8ae5,256,256,RGB,JPEG,17333,2
Potato___Late_blight/3e81c41f-5b6b-4458-8aa8-6a544a8e678c___RS_LB 4963.JPG,Potato___Late_blight,True,1238,5f87cfd43805a9e1ed074be2dc867872b91198ccff009a5f9bbfef919c520b73,fab1a1d58a4a8c6e,256,256,RGB,JPEG,18106,4
Potato___Late_blight/3f0fd699-1ce7-437e-a899-662a51d59974___RS_LB 2904.JPG,Potato___Late_blight,True,1239,26f376324c9d9ac7edd0afc5ac18ef2bc9e5bb1c5d08687697a83d90de984b30,ae35f198cc41cc67,256,256,RGB,JPEG,17588,0
Potato___Late_blight/3f24e6f6-ff9f-4416-9fce-b8153a030de2___RS_LB 2730.JPG,Potato___Late_blight,True,1240,ac9e753844e7808d8e81eb05ff89630e7be075c023842f73faf5515fba3e6145,bee0c107da9e8b94,256,256,RGB,JPEG,19268,1
Potato___Late_blight/3f2d7c62-8d58-4a40-9df4-0ab3497b13b9___RS_LB 4487.JPG,Potato___Late_blight,True,1241,91167c39057c7901c385d53afba05ce79e92ac3bf0e633eec8927e193d9dbe4f,cf6a328b9d944c72,256,256,RGB,JPEG,18115,3
Potato___Late_blight/3f30c40f-105b-4ce7-a376-d2e6f4681e3b___RS_LB 4921.JPG,Potato___Late_blight,True,1242,50ae417d53ab59b3e67059f6959e7b9f2f3938b11e084ffc485210ccf6696d8d,fbbf86d2c8c9c0c0,256,256,RGB,JPEG,19320,2
Potato___Late_blight/3f3bd8d4-82d4-456c-a3fc-068a63710d52___RS_LB 4971.JPG,Potato___Late_blight,True,1243,36d9c0a0646e1177864d3c425dc50b95ad777e6bfe75a2871c42f7615e667ab5,aac2879c9bb293a3,256,256,RGB,JPEG,17300,4
Potato___Late_blight/3f624c56-6bd1-4e7e-8fcd-d6b4480abe12___RS_LB 5215.JPG,Potato___Late_blight,True,1244,535b7bc078aa082bfec4b125a9294c581637aacd24af9daa445ac375017c4794,ffbf85d0ca618844,256,256,RGB,JPEG,14394,3
Potato___Late_blight/3f6bce87-fb66-44fb-8e76-e282af4869b9___RS_LB 3013.JPG,Potato___Late_blight,True,1245,3f7c937de2abfefb52b5f665aabd607ee1360ac8fd03b3fecb5c3ccc1d32e542,ab9fb694c069c368,256,256,RGB,JPEG,18607,0
Potato___Late_blight/3f6db123-4a6e-4b8a-9b26-954ccf29cc3c___RS_LB 4695.JPG,Potato___Late_blight,True,1246,2e4cc681f5cf37ead194a0ce3e7bc9d77349731da445d1baa4f0583a3cb64752,abe494d29acdc89c,256,256,RGB,JPEG,15536,1
Potato___Late_blight/3f7f719f-9849-47c5-8f79-0384a64f8e8f___RS_LB 2862.JPG,Potato___Late_blight,True,1247,9b88ae221f11f810fadc8a2e020f0e039ca4887feb272211b9d3b2bf547833a5,a84ab1a1d396a53f,256,256,RGB,JPEG,15496,2
Potato___Late_blight/40285dce-33de-4a59-82f4-2eb1d6d38469___RS_LB 4929.JPG,Potato___Late_blight,True,1248,881a6dc8423ce8303e5fa043e55385f34818a1471e4459cd1716a8e56836d346,abcad2859d9690b3,256,256,RGB,JPEG,18351,4
Potato___Late_blight/4043044d-1e8d-4861-9152-99660fdffa9e___RS_LB 4438.JPG,Potato___Late_blight,True,1249,e0f910b545bf73335d7d3db03dac51bdff5ad8d567e03da0494fa6c8d5977eee,ef4296ac8933a696,256,256,RGB,JPEG,19322,0
Potato___Late_blight/410cba02-24db-487a-a30c-fc7cefba924b___RS_LB 2571.JPG,Potato___Late_blight,True,1250,075bfaa58d5ece472d3e632e6a756d785284cbd8aadf9d6238dde37a77f1a158,af70f423c6c68a1e,256,256,RGB,JPEG,15678,2
Potato___Late_blight/418e398c-d710-4682-af82-82f1e8822311___RS_LB 5218.JPG,Potato___Late_blight,True,1251,b2aa37bb64d1c9815eea4843194036e8c95d0c6517c635d46d9cd564b22c80e8,aaca950ddb34e932,256,256,RGB,JPEG,12224,1
Potato___Late_blight/41e3b4c0-7aec-4d49-a84c-f37ed2637407___RS_LB 4377.JPG,Potato___Late_blight,True,1252,dc83faeced98c44807400a45f9223d423aff958f6940a2b44d491e9ada989c0f,ef9d80f2c0c8c667,256,256,RGB,JPEG,14513,3
Potato___Late_blight/420b4d84-d621-4a64-a8bd-30042f1a6609___RS_LB 2778.JPG,Potato___Late_blight,True,1253,9ad9e0a47eb8d49b9256200c956af208065f86c3d083db5b7dd2ff76fa5da2b7,e9a5e0c6879b9e50,256,256,RGB,JPEG,16971,3
Potato___Late_blight/4215b9d5-c554-4249-80e1-aeaf2106e966___RS_LB 2977.JPG,Potato___Late_blight,True,1254,3e4578f5e5f6ab1273ea619b857005f257b8055fa30825bb2e33dc86fc3dcd81,bbb5e45283498f2c,256,256,RGB,JPEG,19611,4
Potato___Late_blight/42451eb3-fb45-4b9a-8dd3-c9b9aa3a29c8___RS_LB 4340.JPG,Potato___Late_blight,True,1255,5f8a293bed12532cd545c3bff3d9df77c808360e0639223dbcf3fd828132ac13,b1e2e20dc33d8db4,256,256,RGB,JPEG,18931,0
Potato___Late_blight/42b19bb3-68b6-4c46-a626-f7480718360a___RS_LB 4686.JPG,Potato___Late_blight,True,1256,305a079d8bf0a59b4961a629c8d916bca2f201430bc3e00cdeb89f1967b25c3e,adc19b84b893d137,256,256,RGB,JPEG,15876,1
Potato___Late_blight/42bc0da9-199f-428f-854c-a9b05c57aa75___RS_LB 2770.JPG,Potato___Late_blight,True,1257,d763663d3a145fe3317c50e32b9ad0f6dcd187058cc27f7cf8bd4025bebadd51,aee2b0c78796c878,256,256,RGB,JPEG,17624,2
Potato___Late_blight/42cd0719-199a-40a8-aaa0-228bb80e1832___RS_LB 4440.JPG,Potato___Late_blight,True,1258,9ad2b76ca812b50fc0b1993c4fa532b264ee357f466a0574fa499a59d374382d,ec9383d8cd8b986c,256,256,RGB,JPEG,16802,4
Potato___Late_blight/430b0d0d-c0aa-4e5b-9826-34251466f735___RS_LB 4718.JPG,Potato___Late_blight,True,1259,092620d1839236b05d7aa2cd8e41d4ff53dedb8c337b40c00355efdeaa1fa7f8,aaca93859d32b4e3,256,256,RGB,JPEG,13481,0
Potato___Late_blight/4324e62b-d7e0-4caa-a417-5eb3dd8712ee___RS_LB 5452.JPG,Potato___Late_blight,True,1260,977da333a172277f88154b149d1cd38806254149dfa73c662dd46ee49c33163a,ec3691c59259cd6c,256,256,RGB,JPEG,15007,1
Potato___Late_blight/4337f628-ff14-4603-9120-8639c78cacea___RS_LB 3183.JPG,Potato___Late_blight,True,1261,c50ee5480c2636a8c00d25252910a66c2b6ce06be6618f518e7a3edadc3a78e7,ba97a5d0cb6098e5,256,256,RGB,JPEG,17357,2
Potato___Late_blight/43396f0d-f05b-4dce-a209-9edcbd62d39c___RS_LB 4407.JPG,Potato___Late_blight,True,1262,e8039c654398454b27de045cd4ddf382d3f2a3915da4b57bfb3e3d9046bd99ed,ab9194d8dac5c761,256,256,RGB,JPEG,12226,3
Potato___Late_blight/4358aa91-bce4-4788-a39f-1e1e4810bd51___RS_LB 3047.JPG,Potato___Late_blight,True,1263,027db2d5c138a11a3bb52bb5157226b598bffb78010ecb844363fd28170ca7b1,a963869cd9369336,256,256,RGB,JPEG,15963,4
Potato___Late_blight/437640c6-1680-4d1b-aa0b-c1dd52aa13a5___RS_LB 4926.JPG,Potato___Late_blight,True,1264,b98921aa6d4e77cbf4a8d112a59290d9378c93627e32ef6592708d49a12fb168,ea62a56f8fb49610,256,256,RGB,JPEG,18101,0
Potato___Late_blight/43dde1e0-8c73-45af-8fbf-d500e450a154___RS_LB 3270.JPG,Potato___Late_blight,True,1265,f2faea1c5205a96a2f548b8c4329a68e32576cab99b8568239df5ddec112c884,a091c1fa8fe7986c,256,256,RGB,JPEG,19101,3
Potato___Late_blight/440adc9e-3f21-4373-ab9a-ed003c3588f3___RS_LB 4152.JPG,Potato___Late_blight,True,1266,9ebabded9b9447ac597504ccc219bd7ac0a85f7be94738089d048ac7503fb9f7,fabc87d098c6e168,256,256,RGB,JPEG,12741,2
Potato___Late_blight/44112cb9-7423-4983-bb9a-cb32e3ea9ac3___RS_LB 2793.JPG,Potato___Late_blight,True,1267,4243a0d5164af1e2ecb38a0012b66ca1f2093de44929cb6b5bb252845621614d,b3e88606de32d83b,256,256,RGB,JPEG,17407,1
Potato___Late_blight/44722935-fb60-4ecf-8503-f8258aa4e3e7___RS_LB 3225.JPG,Potato___Late_blight,True,1268,9599aa35128ccab5cf734170b57c781d47321f11a71eaaec4bcac978fad21bf4,a6fadb01d8959d12,256,256,RGB,JPEG,17887,4
Potato___Late_blight/447c4811-7ed2-4576-81b4-2f67c8993db7___RS_LB 4137.JPG,Potato___Late_blight,True,1269,fbc2657e106b3668f8a9aedd767779a98ebd180c643cc3a8d54685a4b49e28a0,d000f71fc96da770,256,256,RGB,JPEG,13966,4
Potato___Late_blight/456f2c6a-a8c8-4dac-9de1-73668e39cd01___RS_LB 3008.JPG,Potato___Late_blight,True,1270,37101616cf1b79a469fcaa4738cb38d71c40f46adeff1b61d65be877261b249f,f767628a9cac9831,256,256,RGB,JPEG,14955,0
Potato___Late_blight/461f1af8-a71f-446d-b59c-b7f31dde1c74___RS_LB 2833.JPG,Potato___Late_blight,True,1271,7e251eecaa00a1515944ced8bc5a24384d2871079cc6b58b3f0602cbc081ed6e,fe3f81509a6389c6,256,256,RGB,JPEG,14252,1
Potato___Late_blight/463e8a94-a7e6-4604-a29c-2187500b2318___RS_LB 4244.JPG,Potato___Late_blight,True,1272,07f1530080857668735eef497a43aa4b280efbc8399b7ce74cf9dfb8d350e5f8,fabdc5c2ce607160,256,256,RGB,JPEG,20913,2
Potato___Late_blight/465165a0-33c0-4593-8324-03513e71079d___RS_LB 4445.JPG,Potato___Late_blight,True,1273,03bf101d3fc7efee6a186298cdc90d4e57bf0dfd16042205bf203f7cac048a62,8acae9218717fc9c,256,256,RGB,JPEG,18508,3
Potato___Late_blight/465669d7-b75c-4aab-8ccc-af3566baf2e3___RS_LB 4985.JPG,Potato___Late_blight,True,1274,ca03647c8a52555bbddf0af72aefcfc70fd991459c8237cc1fcf0aec4441c68e,abe4d48f83388f85,256,256,RGB,JPEG,19924,0
Potato___Late_blight/4664efe7-50ae-4a32-b818-2ec7f3881471___RS_LB 4478.JPG,Potato___Late_blight,True,1275,3c715d8fca571fc1c3b1235736354f27bfd3d8e2e72532e892c6e6d39c02a681,e8ca939b9a9a9127,256,256,RGB,JPEG,16574,1
Potato___Late_blight/468629f7-6ca2-4823-9a39-d42b4d92c4bb___RS_LB 5312.JPG,Potato___Late_blight,True,1276,2ca9ae209872fbfd3df07fdf47a77b5ea6b37c59040241a13e108e119179daf4,ffe0e0848d8f989c,256,256,RGB,JPEG,17220,2
Potato___Late_blight/471fd810-047d-4c87-933b-14c8b46d4b20___RS_LB 5450.JPG,Potato___Late_blight,True,1277,a3985f94d2d86a64f0ba57892029ee4a02730c6fe0e21b27407ffc2b0a9a06e4,ac95c33a89edc4e2,256,256,RGB,JPEG,12777,3
Potato___Late_blight/4885a2b1-fc77-4b1a-ad55-3fa4b3fe4e1e___RS_LB 4425.JPG,Potato___Late_blight,True,1278,844e89d3cb7169ef47445be42455524147b65d208c06014a450432efb1956bcd,efc0901767da91c9,256,256,RGB,JPEG,16644,4
Potato___Late_blight/489107b2-13f2-401b-b931-39ca7fd4be2b___RS_LB 2665.JPG,Potato___Late_blight,True,1279,575c718e63258925349f6e8e42c6578cd74326e1d2171c3acd0a8448b91cb668,fb80a493e54b9e8c,256,256,RGB,JPEG,16898,1
Potato___Late_blight/48f93953-2de7-4724-9c7b-69dc13a47759___RS_LB 4977.JPG,Potato___Late_blight,True,1280,b78b73e8b4185f3985ac524a202d68fff074c137a96d945e26feec6ed91d879f,ffa1a0d5834a8f68,256,256,RGB,JPEG,19820,0
Potato___Late_blight/49835c13-105d-4afb-95dd-b4ee15f3d287___RS_LB 4099.JPG,Potato___Late_blight,True,1281,ed2038d2665ccca1e6a070074d09b72cea22301e5113f2cdeabc5b32f82024d3,afe492c30bf88dc4,256,256,RGB,JPEG,16195,4
Potato___Late_blight/49d18379-215d-427e-8662-9cde649d4a33___RS_LB 3163.JPG,Potato___Late_blight,True,1282,b31893d812f7ac0a44f52db6faa28f3ed9ac25d090a42184a107d104631da3e6,ba9dc3708c67916c,256,256,RGB,JPEG,18961,2
Potato___Late_blight/49e55f8e-4d44-452c-8e59-d4c4f0ae1085___RS_LB 4333.JPG,Potato___Late_blight,True,1283,88ce5043e846450926e3f888d5d3aeac2de0459274d6b69e3a9c311cddae530b,e9c835e5b481f30e,256,256,RGB,JPEG,12535,3
Potato___Late_blight/49ffd4fb-07ef-4377-9f14-3648deaa8dd2___RS_LB 4453.JPG,Potato___Late_blight,True,1284,dab648ea0ff471b2c5fc3cd1b4215637683ff34293e06eb8cdfbc881b1e17c17,f8d7c19264c9b2cc,256,256,RGB,JPEG,16676,0
Potato___Late_blight/4a34ce1c-9fde-4707-947a-58432a695741___RS_LB 3277.JPG,Potato___Late_blight,True,1285,e642b7a82c03d9b78cd1c2100216e07bc8e38649f92344a11c53fd3ed6f59298,aeb5d25ae160cde0,256,256,RGB,JPEG,16817,1
Potato___Late_blight/4a5c555b-3f00-4553-b6a4-3be268969d7f___RS_LB 4323.JPG,Potato___Late_blight,True,1286,ed858226528fe761bf261cab0a1fd349102485955360f0c44d71bea95a1815b4,e8c99764d932c31e,256,256,RGB,JPEG,20324,2
Potato___Late_blight/4a911e79-f9c0-4ba1-aa80-567d653df61c___RS_LB 4038.JPG,Potato___Late_blight,True,1287,c704063fa50a1a648abbdc850cd2c2870d0beadd98ac43ef35bb1715f5748e0a,abe9c48f93929836,256,256,RGB,JPEG,11541,3
Potato___Late_blight/4ac84ca7-f60a-406e-938d-40f4ba5b75ce___RS_LB 2731.JPG,Potato___Late_blight,True,1288,d0143e648488c577faef22aebfb1fdee95a7c765d8f3d1ddfd66dfb86d5e4032,bb62902be7aca41e,256,256,RGB,JPEG,18715,4
Potato___Late_blight/4afd8bf6-0e1e-4a85-a576-1e8995c88d5c___RS_LB 2505.JPG,Potato___Late_blight,True,1289,1129ff41f348600b5f6285598d47b418f2553e1f17d959f43d148dfdb6fdf1f5,af5af061cb968499,256,256,RGB,JPEG,14963,3
Potato___Late_blight/4bccc3ae-4246-48f8-9c07-f4a1d5856314___RS_LB 2760.JPG,Potato___Late_blight,True,1290,fd494580c007e766f8f75708fe19dbfbe1947e368d7584419687d671891d5570,ea4a890b953d4bb5,256,256,RGB,JPEG,20417,0
Potato___Late_blight/4c846678-1c22-4734-b2bf-fb774bf3bb13___RS_LB 4090.JPG,Potato___Late_blight,True,1291,976165796a4393b75d6cd0a41a7672d935ec787cba0695078b70a31a3ce580dd,bd0ed039c3319be2,256,256,RGB,JPEG,12589,1
Potato___Late_blight/4ca06863-f89b-497c-bd3a-9bca78f02942___RS_LB 3088.JPG,Potato___Late_blight,True,1292,344fe9e2568303c79dbd17bd61e7b54858e532c86107bc071b117fdd1b9718b6,abe2fc01902dd33e,256,256,RGB,JPEG,19566,2
Potato___Late_blight/4cc2dba7-6871-481d-8989-07ea683e58b5___RS_LB 4979.JPG,Potato___Late_blight,True,1293,27274e69cfb0c74e923f7759027056da539ae301e95e0d703afd55008774f4dd,bab1855e8f689c61,256,256,RGB,JPEG,19585,4
Potato___Late_blight/4cd2f7ef-e3aa-4b2a-b382-6fea00bfd070___RS_LB 5006.JPG,Potato___Late_blight,True,1294,12f55a8f3f109526b6d730825a06c275a7d3b43ccc294d0763205cb82c27277a,bf61d207cd1ed418,256,256,RGB,JPEG,18537,0
Potato___Late_blight/4ce7142d-29a5-4fa0-8559-f9a2e6a3f62d___RS_LB 3189.JPG,Potato___Late_blight,True,1295,d464245d5556db29ff544f0b2ecca79ba7d0d1f1746df34aeb9bfaaeaac18a7a,ebf1a4ce9618d229,256,256,RGB,JPEG,16603,3
Potato___Late_blight/4d085c80-4d57-4377-8fb3-eab3a25e5f5c___RS_LB 3060.JPG,Potato___Late_blight,True,1296,f57d0c3286829d3ec668f0bed43af9f4f8efad3b0ffa612af29243774e4582eb,aa6bb584841ed2be,256,256,RGB,JPEG,16372,1
Potato___Late_blight/4d213f48-e73a-45bf-badd-ead51dda60b4___RS_LB 2981.JPG,Potato___Late_blight,True,1297,de6e933582f1100aee3a8ebda4128d9882a4a52cafe3b25abcb3c4c76a3d8e18,ebdab48db08598a3,256,256,RGB,JPEG,16927,2
Potato___Late_blight/4d56ef9d-bc69-489c-92de-d2fad01d762d___RS_LB 3890.JPG,Potato___Late_blight,True,1298,aaa73a73e9c1a9da69b6c8455aefbf741184dc4dcb9673876cdf44e25d60a655,bf17c170cd6092c7,256,256,RGB,JPEG,15281,4
Potato___Late_blight/4d96b41e-8e2e-4a0d-b9a2-0ab8456e4074___RS_LB 3893.JPG,Potato___Late_blight,True,1299,f1ea0f36b2d0552ef712fc1e0ae1137233532b3b70ac9de0df5564f492f01903,eaba95558a4a8dca,256,256,RGB,JPEG,15283,0
Potato___Late_blight/4eaf1f96-f7f4-4a92-ba67-0147de20ab72___RS_LB 4830.JPG,Potato___Late_blight,True,1300,6739953822e67a377fcd0c085f2e6ca8751a077f6d09c438d43b08899f54d313,dfafe2d49b408846,256,256,RGB,JPEG,18510,2
Potato___Late_blight/4f138229-2f00-4374-9c16-3732660bf011___RS_LB 4105.JPG,Potato___Late_blight,True,1301,e23e7efc65de5ec3b802590f9d7a2411e155ba193a93d3318468012599ffc243,b990f04fc36d833c,256,256,RGB,JPEG,15602,1
Potato___Late_blight/4f249e3b-92a0-43e5-a70d-fe3045630437___RS_LB 3913.JPG,Potato___Late_blight,True,1302,1ee00a97d1ed262ac4ebd307871eb3263a330d645d04e3bd63cab82e964757a8,be6ac1a5ce0ecc89,256,256,RGB,JPEG,15449,3
Potato___Late_blight/4f41de6a-c118-4296-a753-963d1427323c___RS_LB 4561.JPG,Potato___Late_blight,True,1303,d47fb7c1b74fc6278f4e71dcb140fba619d710a7c16111ab78423ce354356c34,fb93a548da294e31,256,256,RGB,JPEG,16678,4
Potato___Late_blight/4fbe268d-dabb-4a25-8283-7968fd91fcdb___RS_LB 4819.JPG,Potato___Late_blight,True,1304,6674294558beafe042f0630eddda9e3ed39ee813631864d43fe6277047b223fc,abc1949eda39c938,256,256,RGB,JPEG,20513,0
Potato___Late_blight/50abdfe1-411f-4afe-8f78-1ffb7816792f___RS_LB 2694.JPG,Potato___Late_blight,True,1305,55f946428a818124132940ec40b46a691798a5e4ffb9935bb08bc5971c71e763,abb5f64a814f844e,256,256,RGB,JPEG,16021,4
Potato___Late_blight/516099d5-5399-4d6e-916d-014a84a02a18___RS_LB 4118.JPG,Potato___Late_blight,True,1306,8eb0767c1f121488f18ebe89de221da87f37b56e203127dc98d3766aaba626dd,ab68b525c23fcc98,256,256,RGB,JPEG,12727,1
Potato___Late_blight/51a85617-5433-4a07-b822-fa1975cf76b1___RS_LB 4778.JPG,Potato___Late_blight,True,1307,12196749ee7ff2ce172463617100b8033134f77fb11646761751f0ec0f1f1c2b,aa91c0decee3c526,256,256,RGB,JPEG,14618,2
Potato___Late_blight/51eb7a7a-99b4-47c4-be2f-2de9f4e5e985___RS_LB 5182.JPG,Potato___Late_blight,True,1308,4e5069099e565f42d2e7ff717157f37138823f077ad0b27521ec23198ec6f19b,bacec5a59e1c5832,256,256,RGB,JPEG,18316,3
Potato___Late_blight/520c0e9a-1ba4-44fa-aa60-dcdf018a00b3___RS_LB 2850.JPG,Potato___Late_blight,True,1309,88a9df027f5624ceda066c8f75c577c5b50ec67c00be19fd5a6b623cee2203cc,fa6af025cb46cc68,256,256,RGB,JPEG,15163,0
Potato___Late_blight/523537e5-5795-40f6-ad49-9394aeca3f2e___RS_LB 3848.JPG,Potato___Late_blight,True,1310,c734d066200c5a780cd08f4266d5ff3bcabddffab5ae54017bb34fe99125f9a6,fee0c50fd814c89b,256,256,RGB,JPEG,16475,3
Potato___Late_blight/5239c829-457f-4e6c-b0af-ef5f58abddd0___RS_LB 5329.JPG,Potato___Late_blight,True,1311,ff71cbd0f7514c2eed39766582550169c9070dbb7d47afd5adf9dcf08f31f1ca,fe9ba0b58dc2c8c2,256,256,RGB,JPEG,14873,4
Potato___Late_blight/525c5249-eccb-4c23-b5b7-e9d103857432___RS_LB 4077.JPG,Potato___Late_blight,True,1312,16edef36524665856a469537627c9255937d88e57070b13a03f1ed172ddbaddb,a800957e9b699bcd,256,256,RGB,JPEG,11868,1
Potato___Late_blight/52c6891d-e627-4ebf-a080-3e8051531f5a___RS_LB 4092.JPG,Potato___Late_blight,True,1313,54ea1122a659d6fe6db4dedc78bd54ef2aeaf48300c8cbdefbfc2ef6b98b3e31,bacac58597b49d30,256,256,RGB,JPEG,12161,2
Potato___Late_blight/530d9a52-266a-49ca-b0d0-a430acac0011___RS_LB 5054.JPG,Potato___Late_blight,True,1314,1c25c3809b6a414bdaaabc7f0eb93900dc81c4acac7e014ecf8b507a7c941d14,ab62c50ddbb091b3,256,256,RGB,JPEG,17946,0
Potato___Late_blight/5318452f-222d-4abc-b39c-55fa6c26a82a___RS_LB 3063.JPG,Potato___Late_blight,True,1315,841a66768a01bc7228a2b56b4ad814448ed2c5781707c77893db53c152a8ba0f,ff60a28f851c95f0,256,256,RGB,JPEG,15181,1
Potato___Late_blight/531a9b98-e034-4a76-81f0-55f597552f6a___RS_LB 5021.JPG,Potato___Late_blight,True,1316,8afaf3921cd87de86d2b61aa98c282708f8f86768d5252b6e073613bd48f85c9,ff41b00ec670cb69,256,256,RGB,JPEG,14506,2
Potato___Late_blight/53367bb0-3f38-4c90-a71d-05592341e4aa___RS_LB 4149.JPG,Potato___Late_blight,True,1317,9bdfb5d55eeee99dd9178b6ae5784c0ea6bf0ab5707418fc5f33e2b88a33849c,ab15945a8d67b46c,256,256,RGB,JPEG,15637,3
Potato___Late_blight/53b09253-988e-4a22-966c-b5a03ed6bc44___RS_LB 2924.JPG,Potato___Late_blight,True,1318,dd8d0faeaaf4bc402febd7ea4203808ad3bbeead2fe2883c8006b31a487925a7,b8f0a3c39acfc82c,256,256,RGB,JPEG,14080,4
Potato___Late_blight/53e33b6d-9fc5-441b-b638-3bf067f92a99___RS_LB 2753.JPG,Potato___Late_blight,True,1319,ab474d85fb9dabf1affc945fe68e7ba3ed08cd8bf0625a8ad616e66f3e781468,fd3ba32185d590d2,256,256,RGB,JPEG,19156,0
Potato___Late_blight/541591d3-3560-4540-ac2c-9749936e80ae___RS_LB 2553.JPG,Potato___Late_blight,True,1320,c1003262c17ae6528fcc6cbcde2dee1a4a5d5b73a246a9a9ff476ac58f996cd7,eec6b162c68e8f18,256,256,RGB,JPEG,18401,1
Potato___Late_blight/542c1489-0040-4867-acb3-82f73249e2f8___RS_LB 4592.JPG,Potato___Late_blight,True,1321,196000647119e4e39f7d86a3710f68abadfce42cbb232e785061ce9247158c30,a910d64fcb699770,256,256,RGB,JPEG,14828,2
Potato___Late_blight/546fcdf5-862b-42fb-931d-a51a85dc843c___RS_LB 4403.JPG,Potato___Late_blight,True,1322,52c56da0d1a7a2780aca2a94302a2ef6c36e33dc2ec99836ab196a85e491dae9,be7c7069a1379234,256,256,RGB,JPEG,20181,4
Potato___Late_blight/547d3544-5e37-484b-a853-254376c49081___RS_LB 2556.JPG,Potato___Late_blight,True,1323,504f64b0ab44e08bf67233535363a97bfc73e1d2138023f86f6041972242b6d6,ab6ac08dcf179c98,256,256,RGB,JPEG,17396,3
Potato___Late_blight/54ed9ec4-c9db-46ff-9a9b-1ebdea084b18___RS_LB 2984.JPG,Potato___Late_blight,True,1324,8a76ba62a935a9f9cd1b01b99c6e78db51b668969651b14330726c659fc558b6,a8eed700df979c10,256,256,RGB,JPEG,20607,2
Potato___Late_blight/551f74c9-3212-4a08-8f5e-a101b4195e1e___RS_LB 2593.JPG,Potato___Late_blight,True,1325,130307e4c1e1f58c547dd73104ee22dff6fdf127be141546327346711d4907e0,eac8859f94b49237,256,256,RGB,JPEG,13906,0
Potato___Late_blight/5551d3fa-ed55-46df-8a35-b3c53ffdcd31___RS_LB 4138.JPG,Potato___Late_blight,True,1326,7cb2d2b388f23685cfa60f7d00bf2d954d8f574c32ab2a233e3cde5b92656b70,efa0f480f5c64c8e,256,256,RGB,JPEG,13170,1
Potato___Late_blight/5576794b-902c-4df2-ae8d-da30faa37d5d___RS_LB 4443.JPG,Potato___Late_blight,True,1327,09552fb07ba7793552c6824823fcebe9b12edc89ad951a66d08c3412ec87ac90,ee59c10f3ce630b2,256,256,RGB,JPEG,18140,0
Potato___Late_blight/55987838-6174-4182-be76-78ddd50890fb___RS_LB 4714.JPG,Potato___Late_blight,True,1328,e77709d199dfb6ecef4b50023781f1f90b31d07bbc7373ae048676c2a23b4951,aa4ad6a58d1e98b5,256,256,RGB,JPEG,13906,1
Potato___Late_blight/55c87fde-32cc-474c-a25a-1846d39aa6f4___RS_LB 2683.JPG,Potato___Late_blight,True,1329,c6fb811310693e954645226b6d3f630d5db98095a3b425319be8b53fadb45d8a,fa3da5f4906292c3,256,256,RGB,JPEG,19138,3
Potato___Late_blight/55ed5831-c628-4352-87a8-13077705fb9a___RS_LB 2872.JPG,Potato___Late_blight,True,1330,2b1ecb68130638d4ece2d930b6453f682d27d94c103f17d41bc2c833559e6dd7,de6ae88587949e52,256,256,RGB,JPEG,12243,4
Potato___Late_blight/55fa97d3-71b6-4487-9757-f9195f97ba5a___RS_LB 4047.JPG,Potato___Late_blight,True,1331,e8c6e9be0b2ecfa6be2d0c6eda246656911c01cbffe90f6c01708cab27f65f5e,aa15955a8f69ccc6,256,256,RGB,JPEG,12190,2
Potato___Late_blight/5609c5d1-b66b-4dba-863a-5b3aab384151___RS_LB 3303.JPG,Potato___Late_blight,True,1332,86f17635c4cc2bced7a0b9296f804b376be9f7edd79e96b427d569c588a3ab1f,bfe0c68d8192c79a,256,256,RGB,JPEG,19468,3
Potato___Late_blight/563f8e2a-0a5f-4920-aee5-ad98269c8144___RS_LB 4798.JPG,Potato___Late_blight,True,1333,dbf9ebc570c0e79c0d1514c9337e5199302f93f410bc935cab94147485290d4d,fe3c87e2984833c9,256,256,RGB,JPEG,18515,2
Potato___Late_blight/5674826f-aeb6-4142-809e-ea9e4fd391c3___RS_LB 2940.JPG,Potato___Late_blight,True,1334,7f7c71c09e19b54ffc762dbb896948c12a34b42827c61da168eca7d442389b97,a87ad7c1cf16b484,256,256,RGB,JPEG,14319,4
Potato___Late_blight/56aa566a-41be-4109-91bc-0cc99c385b7f___RS_LB 3843.JPG,Potato___Late_blight,True,1335,01049a48c8f28b02b3fa9003949779c6877f3e499cb82e0d295ee0c88fae32b1,fe30e05e837a9361,256,256,RGB,JPEG,11773,0
Potato___Late_blight/573c1cb5-fb43-4b19-886d-638a87bc134b___RS_LB 4007.JPG,Potato___Late_blight,True,1336,12f3d77b85cb19feac31749a78e5884e5e30df1f422f8f91fdeb626d7cb59b4c,e8c3859894b9d337,256,256,RGB,JPEG,14969,1
Potato___Late_blight/57462a7c-a8f4-4b99-b312-a8b6e6a0e6f0___RS_LB 5330.JPG,Potato___Late_blight,True,1337,e51f7c9244ed8b4081d5f4aa202c7fa35ff37cac98fb3a0d6b258248867ccf81,aacac08f9d959d31,256,256,RGB,JPEG,14950,3
Potato___Late_blight/5759c134-1965-4dd2-b71a-4eef4048f962___RS_LB 3975.JPG,Potato___Late_blight,True,1338,f1407d1e0843a2180e8f93a3e48ab68d43de9a73b90adf11471ad2719e7f9b88,bf68f027c706cc1c,256,256,RGB,JPEG,16419,4
Potato___Late_blight/57980690-2488-4715-ae89-84e84d17ee10___RS_LB 3978.JPG,Potato___Late_blight,True,1339,023418fb8beeb3267824e2ebcb50cc562df5c91de0106944aee2978103561cf6,fdc0aa1f9039d532,256,256,RGB,JPEG,15057,0
Potato___Late_blight/57a137da-7424-4a9d-9e28-bce63decbdcf___RS_LB 2761.JPG,Potato___Late_blight,True,1340,3f9d049ca5bed2a4beb10fbccdf814b863afe9ad9998e1ba9adcc9f542299436,f53b8a548553d86a,256,256,RGB,JPEG,19199,1
Potato___Late_blight/580e8c49-3b1c-46d2-b3f4-68f0b3de0d77___RS_LB 4063.JPG,Potato___Late_blight,True,1341,14197ff2069d5021f00e8638bf748e164289e76d99a1553b3a4994d477eda010,eae48487961eda39,256,256,RGB,JPEG,12013,2
Potato___Late_blight/58334b81-9aab-4b5c-b655-f7078a81135b___RS_LB 3846.JPG,Potato___Late_blight,True,1342,4f68e7a08f4ac84fa394e5f1518e9b97bdd27eb3bd9c262f5a241f8459e8e4eb,abc0b48f909dda9a,256,256,RGB,JPEG,11392,4
Potato___Late_blight/58475c1a-a4c2-43bd-b361-60523b5c62d2___RS_LB 3912.JPG,Potato___Late_blight,True,1343,1284f6ccd05d2bfe21010421c6b98f0d96e59597cb95034ecc69c93e3e13af8c,aa66a5368762da8d,256,256,RGB,JPEG,14528,3
Potato___Late_blight/58adb74c-a1b3-4b9d-95b7-f0721c499388___RS_LB 4326.JPG,Potato___Late_blight,True,1344,5cfdea72700ddb4468b708a01a29fab7aaeacc0ac397148915cbebd153510203,a54dd2268d9f9c31,256,256,RGB,JPEG,21579,1
Potato___Late_blight/58f100f0-490b-4868-95d1-5883fc3432d3___RS_LB 3302.JPG,Potato___Late_blight,True,1345,8cb021f5a3ae857b8661b23ccb35d096ca5397e6f12a045ddc29dde9991dbbc3,eada84e98b269cd2,256,256,RGB,JPEG,19224,0
Potato___Late_blight/59dcc102-c55f-4a13-991e-8c53db4ce76d___RS_LB 5189.JPG,Potato___Late_blight,True,1346,235c091f65655e743858e0e2d609eb63c438493c7d7f49dc9851b8deeb3000b7,bde2c096cf9ac099,256,256,RGB,JPEG,19491,2
Potato___Late_blight/5a2996c9-ed8f-4c8d-bab3-b68a833b7811___RS_LB 4786.JPG,Potato___Late_blight,True,1347,0d2574242104831a401eea39849303d8178078b7dae06ac4164622c941a36732,eacaa18d959d9236,256,256,RGB,JPEG,19962,3
Potato___Late_blight/5a42a288-8be0-4985-9ca5-105f75c8ee01___RS_LB 3275.JPG,Potato___Late_blight,True,1348,f7aa32713e8505a4396fb0b42e62c073848dc57df2dffdb3e39a9c826aabddd4,efb5c0d2c7988e0a,256,256,RGB,JPEG,15707,0
Potato___Late_blight/5a7127de-28ef-47fb-ba00-4b68bf0d4157___RS_LB 2822.JPG,Potato___Late_blight,True,1349,8fb72380944ab70367b47c63d518e09394ca9af58b1b1e01a43f166271e6f5ae,a664fd9b90788f81,256,256,RGB,JPEG,15078,4
Potato___Late_blight/5ad9dba9-ed81-437e-8d5d-1d6660514462___RS_LB 4439.JPG,Potato___Late_blight,True,1350,1f42a6d5419cd143c940b22336e3084220aa3a729263bcd4dbb2728ecc77e775,eaca9c8d9933c316,256,256,RGB,JPEG,12700,1
Potato___Late_blight/5b12fde1-fe3a-49fe-8430-479775018322___RS_LB 3071.JPG,Potato___Late_blight,True,1351,501690ef125921a54135a15ab361095184230c4709940ebc489a801a71b54190,ebca95953834c91b,256,256,RGB,JPEG,18049,2
Potato___Late_blight/5b3de8b6-0690-4a35-ab9d-ef6617c548ff___RS_LB 2925.JPG,Potato___Late_blight,True,1352,aa609b96ab33fc02d808ca60576dc6e01d242d5497863a94d544e9995e42cc2a,b962c78dfc80dc16,256,256,RGB,JPEG,17608,2
Potato___Late_blight/5b816f46-32b8-4a67-9e73-760e3358bd06___RS_LB 3226.JPG,Potato___Late_blight,True,1353,39cabd572eb3d70915fc9fb86f931517e70ba086416d0dc10c3dbbae862346c3,a898fccee4e48762,256,256,RGB,JPEG,17816,3
Potato___Late_blight/5ba52ca6-9cd2-4fad-914a-af2f8fea65c6___RS_LB 4740.JPG,Potato___Late_blight,True,1354,9d791b538c4e474f267c911b44328e48cea72112c57eb57304b17e73899809f8,ba2585d68b49cdc6,256,256,RGB,JPEG,14670,4
Potato___Late_blight/5bbebfcc-4e51-47ba-948c-46be12f1c170___RS_LB 2716.JPG,Potato___Late_blight,True,1355,0755e1e5b4c7a46d8ea4cbb0b48bd06423a0582c072da977123086942f3a2dd4,a8efd4811f36f890,256,256,RGB,JPEG,17680,0
Potato___Late_blight/5c1c57f6-6aff-4bba-892e-43ff02311c3f___RS_LB 4046.JPG,Potato___Late_blight,True,1356,3ef2cf030b2e9d0b3cbee6364b8ba5a51bad1495f2d1f66ac17512232237fabb,aa4a9425cbb6cd9a,256,256,RGB,JPEG,12796,1
Potato___Late_blight/5c43ce7b-f04a-4d0d-9305-47f0d83125c5___RS_LB 5033.JPG,Potato___Late_blight,True,1357,d5cb8ced3de6522fa3f6b3bdb2db5e48d8065ec4932f263fd1931f13df583ede,abd2b50dd21fc03c,256,256,RGB,JPEG,17828,4
Potato___Late_blight/5d1486fa-750f-47ca-a973-abc45ea5b4fe___RS_LB 4281.JPG,Potato___Late_blight,True,1358,cc3949ddff7853967d4cb4b5d99a1fd0b4e0a31250162ee4b1daa25c0ca19db3,a19098cfe778c473,256,256,RGB,JPEG,15663,3
Potato___Late_blight/5d392db5-bf54-41f4-b76b-e3935dfe0154___RS_LB 3133.JPG,Potato___Late_blight,True,1359,b5cc6fdad26618a7fa76188d37454b7439aacb5013663eb161934df19dbd8b33,a2eeb5858e12de1a,256,256,RGB,JPEG,19814,1
Potato___Late_blight/5d85a25d-ed5a-459d-89fc-8bc9118518bc___RS_LB 4646.JPG,Potato___Late_blight,True,1360,0f6ad66601dcfc0ec80117c21f63b013284ad207dc5c0f912430c03053a25ab9,eebd9160d2c3836c,256,256,RGB,JPEG,17005,0
Potato___Late_blight/5e0acf9e-2d13-40bb-912c-e32a844fdd78___RS_LB 5292.JPG,Potato___Late_blight,True,1361,4ce07c2c9c9e9415503c72736b1a674cac14f3c705e465f48a8f7964887f5b4a,bbf1f080c29f8acc,256,256,RGB,JPEG,16083,2
Potato___Late_blight/5e356292-3046-4967-b1e7-f3e5cf7d0f75___RS_LB 4459.JPG,Potato___Late_blight,True,1362,44387e5714929e6959dbfe5d0b467edf33da3d1ca9eb254aa3ef2e7c14392076,e78e90b0dac1c9cd,256,256,RGB,JPEG,18886,2
Potato___Late_blight/5e8203e5-b699-4d5a-acb5-08a5f06ee984___RS_LB 5291.JPG,Potato___Late_blight,True,1363,7778dc4d1e33b28d85761f5bfdde5cde266a1e5990052f22cad3b14efa34cd31,fac2858f9c3c91b1,256,256,RGB,JPEG,14006,3
Potato___Late_blight/5e92b00d-92ed-4de5-b3f7-0d14a076cf02___RS_LB 4004.JPG,Potato___Late_blight,True,1364,4a81700b337605cafa8d34810d0ec0095e9652903cbbacca0ec71fed374d0511,a943871ccb379993,256,256,RGB,JPEG,15304,4
Potato___Late_blight/5ebe5b4f-c3e3-435d-b2d5-49fa1002dbaa___RS_LB 2955.JPG,Potato___Late_blight,True,1365,7b9e7d95d48db6ba9b2e92bd3e0199fde56be8432b2ec0c8ccd3da61deaa7804,aee2d08f9297b434,256,256,RGB,JPEG,17578,0
Potato___Late_blight/5ec337d4-aff8-4174-bae6-72c246db3ce0___RS_LB 3175.JPG,Potato___Late_blight,True,1366,d977e85bc847d87a07c064186590d73d680ed636f091de715d0796452cdda0b7,edd4c5ce92299a34,256,256,RGB,JPEG,18372,1
Potato___Late_blight/5f0801e0-b127-4596-9f82-eb36f8ee5c85___RS_LB 3852.JPG,Potato___Late_blight,True,1367,049659949c2f90d0c960f4fe5868a0fd9bd7abb553f1893001c8ab03cd81510d,abd1b00e9378db61,256,256,RGB,JPEG,13997,3
Potato___Late_blight/5f6e341d-3a02-4bc5-ae02-c0a343a835ea___RS_LB 4882.JPG,Potato___Late_blight,True,1368,f0e0111b096e0d134af4f56499745fe025480f14153520f42d5de404d69ee597,eac8a917957ad231,256,256,RGB,JPEG,16506,4
Potato___Late_blight/5fa21fbf-774d-48ec-916d-c1d7b8c11c82___RS_LB 4795.JPG,Potato___Late_blight,True,1369,5ae2e1d4a42c2e2dc20577a03b634b24bc4104a437faa8ca8b17af619364d691,afb891c8d209cfc5,256,256,RGB,JPEG,17839,3
Potato___Late_blight/5fe37f29-fe15-42ac-93b5-90aa5337bd55___RS_LB 2514.JPG,Potato___Late_blight,True,1370,9bc1eda8d330bbd53f7950f4980a3aaa4ea9035e8cda95774c59d53e0f45420f,ea95a556864e9e38,256,256,RGB,JPEG,17205,0
Potato___Late_blight/600100de-8374-4ddd-a816-318235e27948___RS_LB 2895.JPG,Potato___Late_blight,True,1371,21ccc7c8662debf41a8ffdf5e6e607b3bfd4fad20d9b9fd5e0570a398edff99e,bec0f196c538cc0f,256,256,RGB,JPEG,15932,1
Potato___Late_blight/6033f0b2-48e7-411c-a39b-86297f412c19___RS_LB 4020.JPG,Potato___Late_blight,True,1372,3911defb00885709cdd6667bd68300cebcd83c649e1c688abb67eaffd5f45f4f,e9cb92179936a631,256,256,RGB,JPEG,13860,2
Potato___Late_blight/60463ced-752c-4af3-9082-1de380c572e4___RS_LB 2580.JPG,Potato___Late_blight,True,1373,6e506c541027443078831369b46e7db33557a96c97b313bc23a048d38017ed35,fac2b48f4b9cb121,256,256,RGB,JPEG,15964,4
Potato___Late_blight/613b5b7f-225d-4df8-8893-0f30111925ae___RS_LB 4243.JPG,Potato___Late_blight,True,1374,db443dd26a5e50f99f2406f667875d6f2c19e34f2c468cea8135d0921534a40b,eab0e1daa6cc1936,256,256,RGB,JPEG,18650,1
Potato___Late_blight/6148bead-5236-461d-90ca-bc552dc95abc___RS_LB 2983.JPG,Potato___Late_blight,True,1375,ea246a9c058d90f247cef18a9b901a68e914714b8666cfce700992ab38a786f3,ebc2b4c7929c9998,256,256,RGB,JPEG,16794,2
Potato___Late_blight/625cf166-4cb5-4e6f-ac94-1193698388f2___RS_LB 5427.JPG,Potato___Late_blight,True,1376,a1941d9d0c26099cbe7880b18ae47ad9541d9e7d7bd44936875ee2842c3e4dfb,ab6ac50fda34c932,256,256,RGB,JPEG,12262,4
Potato___Late_blight/629303c0-a89e-4f67-9ac8-aa769cf3a163___RS_LB 3945.JPG,Potato___Late_blight,True,1377,8c50437c143ee617297f48b6b0f437b9831d0c9f19effa1ca350aefe85ab4bd8,afd2b5a1de07c00b,256,256,RGB,JPEG,16889,0
Potato___Late_blight/62d41420-8e32-47d2-9a37-698c07f7dc16___RS_LB 2543.JPG,Potato___Late_blight,True,1378,920304f62bcdffe6e52f5bafcd3b761fd68d9a3263fe68681f41642801a8d442,bf85f05ae12cc730,256,256,RGB,JPEG,18418,3
Potato___Late_blight/63490f84-88b0-4105-bb76-23990e98c692___RS_LB 3041.JPG,Potato___Late_blight,True,1379,9297bc65efd08faeb7dd4115fa347e54ef7a29b95607e41f142414d120e4c5c3,8a95dccb8164a773,256,256,RGB,JPEG,15430,1
Potato___Late_blight/63dc685e-676c-4c9c-8f83-8f54bc7d6139___RS_LB 4117.JPG,Potato___Late_blight,True,1380,b0211b82624e419cc9559db5dc47bf69c40b3f8d42ab01708852d504fd7a6e58,aee09587d21ed8b8,256,256,RGB,JPEG,11070,0
Potato___Late_blight/63ec8c33-368c-433d-8953-f28f30e5985f___RS_LB 2943.JPG,Potato___Late_blight,True,1381,b52b36779e58845cb41930fc1c78bf19fe40949a002cb21c5453b63e96359c96,fa3d95d0cc63990c,256,256,RGB,JPEG,14700,2
Potato___Late_blight/6463a976-e8e1-4698-8044-c1b6db0ef5ee___RS_LB 4741.JPG,Potato___Late_blight,True,1382,6187ea5cac8966b29ebc788d1876e8c3f471c47a233e4adf296d40eb578d0dc5,bf25b01ee2789958,256,256,RGB,JPEG,14187,4
Potato___Late_blight/64df88c4-e308-48f3-b475-e2e6206bbd8a___RS_LB 3886.JPG,Potato___Late_blight,True,1383,357efdc4690c26a8d02c1263da77a4d92d6e504f7070e0210dc368fd57de85dc,eac9859fb09a92a6,256,256,RGB,JPEG,15022,3
Potato___Late_blight/64fd9d16-28df-4dd7-9bb5-973bbd9ac6db___RS_LB 4654.JPG,Potato___Late_blight,True,1384,d8119416538cca859ed24c2eea36b6db24eafcd705ed9c24f624324f0171b690,acd2931e9bc39638,256,256,RGB,JPEG,18902,0
Potato___Late_blight/6522615a-cbe1-4770-a137-25a2c081e1d9___RS_LB 2917.JPG,Potato___Late_blight,True,1385,49ed89cff0771db8bedd951f4188d03cc0e0e774be6414f4e309aa3d095f3dc6,bbc285adca1c9d98,256,256,RGB,JPEG,13387,1
Potato___Late_blight/65bab626-51a1-4d16-ab9c-ddd25f4e2e33___RS_LB 4927.JPG,Potato___Late_blight,True,1386,5ca8aa8e681ea4bed66ff52cc5e06b0f0704b33d925f8f917b15a6ffc2acc878,e8ca86ad99b291b3,256,256,RGB,JPEG,17036,2
Potato___Late_blight/6616bc3c-e3be-440d-ac55-ae3bb665e8b4___RS_LB 5071.JPG,Potato___Late_blight,True,1387,9c2c524cdb9c4c15bf33b470291d6dbe4fb92b95274cb7f566c0d5c82f474fcf,fe40c70ed83991b6,256,256,RGB,JPEG,16245,3
Potato___Late_blight/6637f5da-44b1-43bc-9678-1f1188f1ed7c___RS_LB 4796.JPG,Potato___Late_blight,True,1388,f1fcb81ac4e48f1fbbf45de6e388c04e57fcc33eea7798f2e1fdc2a2e7a8984b,aa40a5079e7ccb3b,256,256,RGB,JPEG,20865,4
Potato___Late_blight/66473aff-3438-4a8c-8c05-5fed8a4255ae___RS_LB 4473.JPG,Potato___Late_blight,True,1389,fb286cdea147b01324e4361a659aef66bca05958708ae22c543666732beeb0d9,edc692da9cc89931,256,256,RGB,JPEG,14696,0
Potato___Late_blight/668455c6-f7cf-4dc3-a4a8-858e7d4b55c9___RS_LB 3878.JPG,Potato___Late_blight,True,1390,a1d336e172317856e046606a2f44af64094db513c0388fda0a1ba79867273ad6,af15c47acd66d062,256,256,RGB,JPEG,12866,2
Potato___Late_blight/67001c81-d182-4bc6-b9b8-f25ddb0a2db4___RS_LB 5231.JPG,Potato___Late_blight,True,1391,028b11098974c06a64f1fbd217bd0c651389f223e59238e0b5b3b5c0b4c1a193,af68d207d9169db0,256,256,RGB,JPEG,12546,3
Potato___Late_blight/6750f885-4754-4e76-91d0-a5e77c86e9fd___RS_LB 4865.JPG,Potato___Late_blight,True,1392,2c0e3f455dcbff55ae95448325cd178cff6bb7ca920584dab5cb66776eece22e,b5c1d28e993899b3,256,256,RGB,JPEG,14610,4
Potato___Late_blight/68882ae5-79b6-4681-9e06-af8ae5999779___RS_LB 3952.JPG,Potato___Late_blight,True,1393,208dc37fc53c2133c61255174c299488b3e0e3dfc6ca918069a6c21ffd3e8a86,ba48d025cf9f0ed8,256,256,RGB,JPEG,15707,1
Potato___Late_blight/68decf28-de55-477f-9435-56cda245a7ca___RS_LB 3195.JPG,Potato___Late_blight,True,1394,ecdfc830c8e6ee401d77928b07f0e9d9b9978e27a38b79b80cbae932d217c057,f81eaae1b41795c2,256,256,RGB,JPEG,16832,0
Potato___Late_blight/699bd8b5-3c57-48c8-be2b-c8a5e12b0764___RS_LB 4083.JPG,Potato___Late_blight,True,1395,58fb8a266d2bb7e809fb66797817df8d37cc5ef3e19c3b3dbac72692b02abd93,ab95965a8d61d0e5,256,256,RGB,JPEG,14334,2
Potato___Late_blight/6a62fd77-1091-43ad-86a7-f42c56615e5f___RS_LB 4871.JPG,Potato___Late_blight,True,1396,61f671b57c2f001abb3c2f29b1ee35252a91c3d43685e0744c0b5a2aa8a1bdb6,fcbf87d098cac144,256,256,RGB,JPEG,17479,1
Potato___Late_blight/6a6315ef-b37d-4067-80cd-bb2d8adf93ca___RS_LB 2919.JPG,Potato___Late_blight,True,1397,c8548a4858b8149d51d1c64dd5f6de5edbbb265ee4c6e5b12237a6b393328990,aa34954ad273c3ad,256,256,RGB,JPEG,17009,3
Potato___Late_blight/6a687e1b-15c3-4752-b428-e14cbe85feab___RS_LB 2803.JPG,Potato___Late_blight,True,1398,ee57c83f9fe3c4870c6c6e9d1e892cf8147b85ed345f86f2c8d1536cfc957474,ff50850bde35c832,256,256,RGB,JPEG,18020,4
Potato___Late_blight/6a72ed4a-cdb5-4a50-9a0d-efc119066fd7___RS_LB 2865.JPG,Potato___Late_blight,True,1399,dc1ea2086ded7643f4ea18862b3e8c3e5e035bb5db5629138718d5dc54d61058,f5f5aaca87381834,256,256,RGB,JPEG,15389,0
Potato___Late_blight/6af65e0d-c1a5-4a28-9ecb-19e7e6d91a70___RS_LB 4128.JPG,Potato___Late_blight,True,1400,562465202391d29540116ab37d08a2f3fc9196cff5a8370ec4fc1511585b4ea2,fabd8ec3d148c2c1,256,256,RGB,JPEG,13548,1
Potato___Late_blight/6be49d30-1b69-435a-a533-21b2b1a7fd41___RS_LB 3309.JPG,Potato___Late_blight,True,1401,a550000583918378cea52027b47e41cab6777c0ed751ef1a238881e8443cd6b4,eee2c48dc61c9e32,256,256,RGB,JPEG,17022,2
Potato___Late_blight/6c5ac624-844c-4d01-b030-38e1130e890a___RS_LB 3973.JPG,Potato___Late_blight,True,1402,f9b60dab4f4afff0b70e57d1fa0b10014e628ead39db1830e83d6bc0ddcb544d,bec092949db33363,256,256,RGB,JPEG,15404,4
Potato___Late_blight/6cab0a2b-a2d9-4798-8043-f6ef416ed745___RS_LB 4993.JPG,Potato___Late_blight,True,1403,9269470bfcb12879f1c1ec5805762ab25d6882da5131932d120124164708530d,aa42b5299bb789b2,256,256,RGB,JPEG,19775,2
Potato___Late_blight/6ce76067-e78f-42e3-a1d6-c04f92414038___RS_LB 5267.JPG,Potato___Late_blight,True,1404,c4251a862b103711219420b9ff402cce5429b74718e97172f6afdf7b5c82a051,aa6ad7a489922f99,256,256,RGB,JPEG,18265,3
Potato___Late_blight/6d22d4ab-de5f-4944-96f9-4ec495a8e4f1___RS_LB 3109.JPG,Potato___Late_blight,True,1405,7ca3d53ba90c68d755a1fdd5e2a3cb1840808fb21857afa958afb5a3712ad7dd,ef25f4d28bd19848,256,256,RGB,JPEG,16885,0
Potato___Late_blight/6d31cafb-4cf9-455b-ac89-487444b650f7___RS_LB 4236.JPG,Potato___Late_blight,True,1406,8501f6f5b678bb199dc6844cd05771bd5d2c440f80a58d62262fb68d730712f3,aa0ebc71c364cdc3,256,256,RGB,JPEG,17354,1
Potato___Late_blight/6d51bd53-2556-410c-b151-547c83a06287___RS_LB 3276.JPG,Potato___Late_blight,True,1407,adc8ee1a4e10fb92e425282d5c6103c55384c68220c9524887b79077ab10c0ca,afcaf085839f91b0,256,256,RGB,JPEG,16715,3
Potato___Late_blight/6e5ae22d-5e91-4fed-b731-94f80ff63613___RS_LB 5113.JPG,Potato___Late_blight,True,1408,0e0ea8329f2208cc47f4b9ed09d4c6d327bfc77d0a93bcd1f74502d859777197,ed44b60d9b2cd938,256,256,RGB,JPEG,15577,4
Potato___Late_blight/6e9fc91a-e20f-4431-bc54-8492d7ec788e___RS_LB 4527.JPG,Potato___Late_blight,True,1409,16de1a93b223a4330b3662d50e4743686d12146a48aa6a34d6a46e9855acd28c,a868db95849f5a5c,256,256,RGB,JPEG,14685,1
Potato___Late_blight/6ecc23ac-9aed-47bb-8ee5-76574de85872___RS_LB 5010.JPG,Potato___Late_blight,True,1410,1c0fd46087200489a6c51df72d963e9855b4e6d7c0f29dbedb572ee06ab0720b,efb681d098c995c9,256,256,RGB,JPEG,16971,2
Potato___Late_blight/6f0fffdc-876f-449f-b03e-f25081f2c44f___RS_LB 4096.JPG,Potato___Late_blight,True,1411,b14e742f8191065bb44789cd591f8adccc6e68c41900477d412084cc2e90e52e,fe26e093e01e538b,256,256,RGB,JPEG,13830,0
Potato___Late_blight/6f2f2f80-80f5-4f0b-86f6-a0d9b0fa4cbc___RS_LB 4034.JPG,Potato___Late_blight,True,1412,3c903cef768c33c3429913609d8d6d6f300e6b955b3b363576b1a088c1da70af,ae9fc0c8c2e9cd26,256,256,RGB,JPEG,12037,3
Potato___Late_blight/6f5a4763-2865-4bdf-8c7f-49ab7a53126a___RS_LB 5237.JPG,Potato___Late_blight,True,1413,111382f0cc4fb37a75db1794b9c391a0ecd900a8d655e3f1c504c4edbdf0de93,aee3a4e48386ce9a,256,256,RGB,JPEG,14310,4
Potato___Late_blight/6f669c56-c863-4c71-be49-8d020d3f7d3d___RS_LB 5128.JPG,Potato___Late_blight,True,1414,96351b2ab2a18f49c0fd4acf5d06ea3df135bed0b0c7ef04470aeff264528cde,ffc0959d9aa0b033,256,256,RGB,JPEG,14539,2
Potato___Late_blight/6f88dbd4-3e54-47ae-850a-0e9c7d9d700d___RS_LB 4737.JPG,Potato___Late_blight,True,1415,f94acdc71e78d12b7e94978f7f2770188144ff27e8970214f41e0bc2e2649b90,afe0e58d869db881,256,256,RGB,JPEG,13413,4
Potato___Late_blight/6fa565d1-4fab-4331-b30d-772babc186a4___RS_LB 3887.JPG,Potato___Late_blight,True,1416,95ac87ada7c5dedb3ad119a9308a339cc08053fe4ff7c0ba3fc110c0bfe6ae86,afca96b51c658037,256,256,RGB,JPEG,14307,0
Potato___Late_blight/6fc1834e-7909-4177-9480-6cd9f23109b4___RS_LB 4023.JPG,Potato___Late_blight,True,1417,f04d55de47661965b5151695148595b96070988738fa6686afb96bef241bfddf,f86ac39c9d919193,256,256,RGB,JPEG,14222,1
Potato___Late_blight/6fea732f-0819-4ba1-922a-8cbb1a94baff___RS_LB 3336.JPG,Potato___Late_blight,True,1418,3b1e34838475ac1fba2e567c4248b8e9194a98371b5d46d0e56c59f82bb42727,f661a92f951cc23c,256,256,RGB,JPEG,18928,3
Potato___Late_blight/7050bb1d-af0d-47c4-8f35-23b9561b8024___RS_LB 3313.JPG,Potato___Late_blight,True,1419,b9cc45ef4559a0c5b0143b8c5c5f7bf6e3f58a3a61da7e565e0dc20717545500,ef40942fda34613b,256,256,RGB,JPEG,17886,0
Potato___Late_blight/709bddcf-5c54-4fad-8a22-890c00e839a4___RS_LB 4732.JPG,Potato___Late_blight,True,1420,b62d7404e3bc35d14cc9443123817f4917f33b9120d787680416ed983a2da978,bfe4e094934ecb0c,256,256,RGB,JPEG,13643,1
Potato___Late_blight/70b8c0ad-be72-4f3f-84ba-7439f83b089b___RS_LB 4446.JPG,Potato___Late_blight,True,1421,bceef382c4e05c06e43b2f0c2891adb1250189a0e9f3b0b507b72f7b4561763e,ba6ac19347ce9c98,256,256,RGB,JPEG,19621,2
Potato___Late_blight/7153262e-7692-441e-9677-056a349d62b8___RS_LB 4813.JPG,Potato___Late_blight,True,1422,7abc717f799aa7bda0b7dc6a675eaf851f654ba5ff753de760acb8960c28e7f4,abe09487929e59cd,256,256,RGB,JPEG,19672,4
Potato___Late_blight/716325d9-fca6-46b4-8f5a-f6729c211200___RS_LB 3958.JPG,Potato___Late_blight,True,1423,4eb85ee0668bca0325d898ab4bbdbb9da80aa1378d65f975fc0bd4152a46d09d,bf70c407de1cd813,256,256,RGB,JPEG,15439,3
Potato___Late_blight/718aefec-0eba-48fe-9798-f45d3d24fade___RS_LB 4119.JPG,Potato___Late_blight,True,1424,1a6ea33cf94cf40ec20cf08ca30945e16b9cdaae96932e6da1c74a8021213608,ab1785709a4be1cd,256,256,RGB,JPEG,12036,0
Potato___Late_blight/71cbb155-74cd-42f9-97ac-abca4a10ad79___RS_LB 4456.JPG,Potato___Late_blight,True,1425,6d9effc5b4c064a104026bba266e54447468b115d535da58ee99cb15bab9c537,f94ea6b895575230,256,256,RGB,JPEG,16246,1
Potato___Late_blight/71f6c664-3b77-45ef-a1de-e00685c78add___RS_LB 4441.JPG,Potato___Late_blight,True,1426,fe7f9b1a1a32a9dab07eda2fba2dcbe399880583c756f2318085324d2fab8fc6,abe9e43187979198,256,256,RGB,JPEG,17358,2
Potato___Late_blight/7220e643-be85-4361-8c34-f647ebed5dd8___RS_LB 3027.JPG,Potato___Late_blight,True,1427,27e52eeae53764187656b52ac704731521345515d070da0064f1f015ee82343d,a28dff96d0788564,256,256,RGB,JPEG,16351,3
Potato___Late_blight/72485a02-60b9-424a-ba1f-de8078b07176___RS_LB 3148.JPG,Potato___Late_blight,True,1428,f2d3772aac98f6064de7638539c72bab31560e370ee27348e8488db0a442b0c6,a2a4f6da81f0cf0b,256,256,RGB,JPEG,20336,0
Potato___Late_blight/7260ba74-3187-4a62-8962-cbea92def2f2___RS_LB 4769.JPG,Potato___Late_blight,True,1429,2a76a030bf53a7df73340dae1b439724e5727c556c916744fcc3894a9b2ea147,eaca8c8b9a8d91b5,256,256,RGB,JPEG,12499,4
Potato___Late_blight/727dd407-7a8b-4edb-9697-726ae947bd63___RS_LB 2646.JPG,Potato___Late_blight,True,1430,83961037f24e8e51848422c36370228b954cfc77f6bc0409a2b941265e494f09,bb1dc0f0ccc7d14c,256,256,RGB,JPEG,14196,1
Potato___Late_blight/72b12e17-d76f-4254-a4af-3ed3c3859500___RS_LB 3334.JPG,Potato___Late_blight,True,1431,1f4871665d2470220b895a94d6bf695ea42da864bde51b480222c1a26d61bcae,ae8f81d0c8e99967,256,256,RGB,JPEG,19522,2
Potato___Late_blight/72e10017-f8a6-4813-8036-0cde4dad6057___RS_LB 4666.JPG,Potato___Late_blight,True,1432,13af68e83040f7bce65173ccb413b8807dae76c7842f213745b2226745d1b5f0,ade99b9c8d929232,256,256,RGB,JPEG,16212,2
Potato___Late_blight/73366261-64f3-4219-a43a-97cda85474a9___RS_LB 3332.JPG,Potato___Late_blight,True,1433,658736ccb8593e3e7adb0c54cfed45efdcc6275df2b3343628cc02b4d4f1a8f6,f8e1919fcb184ee0,256,256,RGB,JPEG,18173,3
Potato___Late_blight/734b84f8-3bcb-4abd-bf22-0896a16e8df7___RS_LB 2929.JPG,Potato___Late_blight,True,1434,aec3a410df97c3ec14295732d63150507d67f05bafe9fcf7ff10c77a5b0b1051,fb188527c00f9e3e,256,256,RGB,JPEG,15469,4
Potato___Late_blight/73d0be73-8a51-417a-ac46-67a37462efa3___RS_LB 4457.JPG,Potato___Late_blight,True,1435,ed5062ef8f2208c29320eb0d71534ac77d5645ed5e5e0b523506acd2b5681728,e9c1879c60cb34ed,256,256,RGB,JPEG,17560,0
Potato___Late_blight/73fb0463-c023-4749-8c37-dd11304de9b1___RS_LB 3112.JPG,Potato___Late_blight,True,1436,def18b5e564bffd99fffdd522d95fcf626fe3d2a192b0669d17f164cbcfcd7a8,bac3c39c9cb59131,256,256,RGB,JPEG,17158,1
Potato___Late_blight/74277267-6a9f-44d0-95fe-7f52f89630a0___RS_LB 5074.JPG,Potato___Late_blight,True,1437,b85a03d89eabed3e9a9f0699299aff655dfa5c012b9c32c85720a43ff089bc38,fabd85c2c8c8c5cc,256,256,RGB,JPEG,15412,3
Potato___Late_blight/7460b5a9-4356-40b3-acf6-e61601a63b62___RS_LB 4965.JPG,Potato___Late_blight,True,1438,dbb6a28c75278bc61e0e4bc14a030f12241e7cb304309bc3c29e28834898fb87,bbe4c08ecaf80df0,256,256,RGB,JPEG,19725,4
Potato___Late_blight/749a1b32-7152-4dce-87b4-92af094f6b9b___RS_LB 3310.JPG,Potato___Late_blight,True,1439,100551e5f99196b45ca2930b5b8ac5b544cb0c27cfc954e305b71daa34066535,abead087c99f8498,256,256,RGB,JPEG,20219,1
Potato___Late_blight/74d51dd6-7990-4d3a-95c6-5d67fac5cdad___RS_LB 2578.JPG,Potato___Late_blight,True,1440,f76a9b5452e155a1d0e7586b451102702848c3b2bafcba3bdbafc6e114212d73,ae1f9378cd619446,256,256,RGB,JPEG,17391,0
Potato___Late_blight/74d5c9b6-c99f-4ba2-8180-6c35bb5de820___RS_LB 2811.JPG,Potato___Late_blight,True,1441,306d36d3455976e7ee490bbf000472d75871a9f16af50ab9776510fc40e76b09,da54e26a85a79e98,256,256,RGB,JPEG,18397,2
Potato___Late_blight/74ee080b-cad8-4090-9f2a-07411eb8481a___RS_LB 4956.JPG,Potato___Late_blight,True,1442,95f304604146bcc9f66146a1e002e6841309d39d4e371cc6bfd10cb2f7bbe746,ebb596d2d8c9c4c0,256,256,RGB,JPEG,18644,3
Potato___Late_blight/74fdf0aa-c85e-406e-9f2e-6403bd6b994a___RS_LB 4245.JPG,Potato___Late_blight,True,1443,7ed9ea1034ede7cc52fa19f35880eb7ca70e8d9a30623d3b0887d1942f4956d7,ae48c127cf9c5cd8,256,256,RGB,JPEG,18695,2
Potato___Late_blight/7514a101-a131-449a-9dcd-80ba8733f124___RS_LB 4879.JPG,Potato___Late_blight,True,1444,65d25032c7c68420e1f197aff248d03bef6858aa69ca0c179e9b36e269429fbd,ab5af461ca148b3e,256,256,RGB,JPEG,18293,4
Potato___Late_blight/755c96cf-1bfa-4d35-9ad2-c04dba9f64c8___RS_LB 3262.JPG,Potato___Late_blight,True,1445,db2b40f358aeb0c91be0889909cd69436f8f898a04850d968377b14d6a1ace37,aab9bd96d04b814d,256,256,RGB,JPEG,19141,0
Potato___Late_blight/75a1ae7b-9b93-4a9f-9eca-70b4b9e9f5ff___RS_LB 4739.JPG,Potato___Late_blight,True,1446,dc53e0e425baa2e697f02324544b0af8bac358e0bd4176d80beb9acfb335b072,a2deed899626da30,256,256,RGB,JPEG,13928,1
Potato___Late_blight/75fd327f-c30c-4b73-b7a1-fd11aab8206e___RS_LB 2508.JPG,Potato___Late_blight,True,1447,cf16f1dec29f376894835edab387a83522f6c13b7d219a92e24f590cfec09674,b8e6b4c2ce0f9899,256,256,RGB,JPEG,14323,4
Potato___Late_blight/762a9cd9-7da1-4885-b677-870da1e41768___RS_LB 2592.JPG,Potato___Late_blight,True,1448,2f435be796089ea3ad25117eaf0e0cd60b77274f432bdb1b44219cc5701dd12e,ff3e88e5d4c2814a,256,256,RGB,JPEG,14595,0
Potato___Late_blight/764311f2-6fd3-424d-aabc-9ad013a41997___RS_LB 3136.JPG,Potato___Late_blight,True,1449,a435bc445ccabe0b3b4f3272dd1062183937a4d7665660d9c7dd95025a6815d7,bb2da558d631d0b2,256,256,RGB,JPEG,18306,3
Potato___Late_blight/7673ac2a-707f-4575-a11d-afe44817bfd4___RS_LB 4342.JPG,Potato___Late_blight,True,1450,24b19d0201165c9160a940ac5b4208dfa710db542d16868b2f9fae46029ffba4,ef2894e19b966839,256,256,RGB,JPEG,17900,2
Potato___Late_blight/76be1a95-8bf1-468e-bc6c-f7d8fa5b7e5b___RS_LB 4758.JPG,Potato___Late_blight,True,1451,306b7733a2f6a983eb1e2346144e85a8dddd997458442e05e1332cadac2a8140,eeb6e4f294409393,256,256,RGB,JPEG,11320,3
Potato___Late_blight/76bea797-306c-4fc5-a868-69394fed05d4___RS_LB 2900.JPG,Potato___Late_blight,True,1452,eebcfdb2f1b9a40b631a1ada7ccf36b6d44a59ec934af64dbfa01286ccf04895,eea8b0158762cf63,256,256,RGB,JPEG,15080,4
Potato___Late_blight/76ebfd7a-b3d8-4cde-b6b6-7e5132ec269b___RS_LB 4935.JPG,Potato___Late_blight,True,1453,df9d9286d7c20ed6751d86e0646145ea5f6bbff7030856a47d2e59449668a413,fe9f85d0c8c4e164,256,256,RGB,JPEG,18803,1
Potato___Late_blight/76ee26db-ef55-43b9-9179-6b9ba15dc21a___RS_LB 4058.JPG,Potato___Late_blight,True,1454,6b875ba563e55280cede91f9e611451e0685c3cbe1e97c62b8bc2fd986b3d5b2,bd9ec2c9c5613239,256,256,RGB,JPEG,11287,0
Potato___Late_blight/77164347-18bd-4466-aca9-0f61e6a36468___RS_LB 4155.JPG,Potato___Late_blight,True,1455,b73853384794917076948e4d56e16d540b0bf0f0835b23d7d6f0f2e98854e2a6,eb6ac0318f8eb88d,256,256,RGB,JPEG,16176,1
Potato___Late_blight/7774658c-0dcb-4b7c-a1fa-573de03373dd___RS_LB 3135.JPG,Potato___Late_blight,True,1456,4dee03a7491144579abb3d996fbd094312f562e1436d1230acdccc0204f2ec42,af68f0a58b36cc98,256,256,RGB,JPEG,19073,2
Potato___Late_blight/777a492f-3dfb-4bcf-8b33-a9b09fb21e6e___RS_LB 4866.JPG,Potato___Late_blight,True,1457,0b62dd69aa1804e5cc5b7a8784ef8ac2dd8d968215599b601c977714bd140d98,aee4b1c3925b990d,256,256,RGB,JPEG,16754,3
Potato___Late_blight/77c271bd-0798-4336-8bea-f2a80e8e8906___RS_LB 3290.JPG,Potato___Late_blight,True,1458,4e1e8fb6cc414feea88b482652b26e717d208cc2108ccd2efae61bdea75d07b9,aeb5c47293609e8d,256,256,RGB,JPEG,19302,4
Potato___Late_blight/77e2a857-e169-42f4-9886-708024781837___RS_LB 4705.JPG,Potato___Late_blight,True,1459,ea5698369a876e2a79b76a3053ce9e3dafdcf5411678705ed644ad5d11525ca5,fac4891ab471c73c,256,256,RGB,JPEG,11675,0
Potato___Late_blight/77f5fdf0-42c5-4af9-92d8-366e6a3a2017___RS_LB 4071.JPG,Potato___Late_blight,True,1460,33408d12c7931dcb4664d5746c524cf53112cf1d061045982ee882c869e7d88d,ff40d02fda30c933,256,256,RGB,JPEG,13261,1
Potato___Late_blight/782bc9dd-286b-46ee-b896-fa5520f57b0c___RS_LB 4408.JPG,Potato___Late_blight,True,1461,9805539a39749609479616852e58e9f7d80a15768b70306d5966a9ff85fc775e,ff489217c43c98b3,256,256,RGB,JPEG,18309,4
Potato___Late_blight/78f43f26-36e5-43c2-9b87-a08d8a0b8a11___RS_LB 2843.JPG,Potato___Late_blight,True,1462,5e9044ebd5f59c7e24946513cd5e815506c2dcc00bf19be09d0c81113e2d950f,aa8d8752c96ce4f2,256,256,RGB,JPEG,15579,2
Potato___Late_blight/78fe147d-b9c8-460d-ba04-65fa82b39184___RS_LB 4870.JPG,Potato___Late_blight,True,1463,21ca1431899e9459f389c5ac06279815d8a5497e59ac39f957de9eb133ee8859,fae0859d9d309372,256,256,RGB,JPEG,16553,3
Potato___Late_blight/790eb0ba-6878-4b5a-85fb-481aa37783a3___RS_LB 3872.JPG,Potato___Late_blight,True,1464,fe4f66a3aa7a5f8fad1b1bc56c59bd9d5d2675d4b7bce80231961a395cf8ba03,bf1fc070d861946e,256,256,RGB,JPEG,15073,0
Potato___Late_blight/792d4339-f459-4ef6-aef9-431c64c95cc1___RS_LB 3251.JPG,Potato___Late_blight,True,1465,42a7e6c7f739a0429869c81f01cc253e9a1ed522dd5b228c038f2f25768e4fc7,f6399958ac44c6e6,256,256,RGB,JPEG,17381,2
Potato___Late_blight/793aaf75-3085-4bbb-bace-33a9593c3c94___RS_LB 4847.JPG,Potato___Late_blight,True,1466,e6b26ec4a168e2fb48077686b7450aa873f57d6db7851fd5217c74a8d4c2646f,a317cfded1686430,256,256,RGB,JPEG,19138,1
Potato___Late_blight/794ef65d-1a4c-445a-b77c-f00d36ec82c6___RS_LB 2869.JPG,Potato___Late_blight,True,1467,15e6b1f9ab09ebee119bd962243333d4ed3e96926b411366c70470ce3857aca3,8a5ab5e19107de1e,256,256,RGB,JPEG,13745,3
Potato___Late_blight/794fae1d-55b2-4275-8fce-174728963813___RS_LB 2841.JPG,Potato___Late_blight,True,1468,17111e11e6f2a0b14e2a026744479ff658bf82c822ce485d6c1a6753e0fcd946,fb95c4c2943ec958,256,256,RGB,JPEG,15492,4
Potato___Late_blight/7a0b26a9-4abe-4e84-ad20-699b0c0cd27e___RS_LB 4376.JPG,Potato___Late_blight,True,1469,65054815b2c03eb22cede492c410daf7fb06f5d04387ce3c283923ee50768d56,f6a17132c9c28f8d,256,256,RGB,JPEG,14947,0
Potato___Late_blight/7a4371b2-72c6-414e-b73e-6e4b4adab72f___RS_LB 3289.JPG,Potato___Late_blight,True,1470,c62a1ffd4e0bb3106d0e2d5329a3f712a1774f63670a6335c6552ff416134740,bee08781c9b7849b,256,256,RGB,JPEG,19477,2
Potato___Late_blight/7b32b8b9-6b65-44e6-a3e5-edd7a5d62ec4___RS_LB 4142.JPG,Potato___Late_blight,True,1471,150f81535ffb73105aa202f5c3ea340ae2bafac60a4f7b7023a64d31681af5fd,aadab4899e1d9872,256,256,RGB,JPEG,12969,3
Potato___Late_blight/7b38a18a-65a4-4162-b48a-658b846be5a2___RS_LB 2733.JPG,Potato___Late_blight,True,1472,6520c28a3f06540747ad9cf135ec7d0b5eab35406c90c98c4204a51a991f99f1,f83da3a29555aac2,256,256,RGB,JPEG,18977,1
Potato___Late_blight/7b5a2c96-f276-477a-8e7e-3325b02719a7___RS_LB 4613.JPG,Potato___Late_blight,True,1473,c2b9ac0e7dc888c9421e56a4ef037271f646ea8fd3801408a5b5e5fa1944d271,faf1848d979a9a28,256,256,RGB,JPEG,14084,4
Potato___Late_blight/7bf67e1e-57c8-4f68-bc5a-56b2a69f30ec___RS_LB 2509.JPG,Potato___Late_blight,True,1474,9a36ab53ee78e8f43036568bf62b47a9f6bf49def6b95d2f081f4a236a80cfbc,bb856098c6b1cd67,256,256,RGB,JPEG,13636,1
Potato___Late_blight/7c0ff85c-0a94-4ba3-9abf-010ba81a4780___RS_LB 4003.JPG,Potato___Late_blight,True,1475,087e19984831cfe055a93968d69b7c513a959bb3855975e8741e5f6a12bb910e,bf61c4349a963993,256,256,RGB,JPEG,15345,0
Potato___Late_blight/7ce28b45-467c-4962-a030-f621b4bc76a8___RS_LB 2644.JPG,Potato___Late_blight,True,1476,89063e2c0b287228f7a36e46dfb0ccb2333173cad7d9ccb889025877ce9144df,bbc094af123de3c2,256,256,RGB,JPEG,17689,2
Potato___Late_blight/7d885e39-d832-473f-bf81-c22855e481c3___RS_LB 3946.JPG,Potato___Late_blight,True,1477,e0e90a94ac02d7b3183852de8bb8bc987730da80819ee6aab5e8c875ccba7f1e,af70e04fc00ffe90,256,256,RGB,JPEG,15778,3
Potato___Late_blight/7dfb162c-0384-46b3-bbf7-f0929bd00921___RS_LB 5235.JPG,Potato___Late_blight,True,1478,90dd18535426db3bb42cb099a84b0e66c5b3eeab49e0a0922b50ed68728c0753,ffbea8d4ca408c61,256,256,RGB,JPEG,13959,4
Potato___Late_blight/7e0d53ac-3088-473e-a40e-50223afd4e60___RS_LB 2568.JPG,Potato___Late_blight,True,1479,2c992c907516c32c30f5a79fb7a7ec619257421dd64e507857fc21affc69b6f0,edc1858f9cb89332,256,256,RGB,JPEG,16645,3
Potato___Late_blight/7e1b19fc-c79d-4898-9e69-9843dd8aa1b6___RS_LB 3137.JPG,Potato___Late_blight,True,1480,4408a3805bd44cef39a3e0132cbfe40932f1fd32ca43c911629685754d18ae17,fee0810f955cd638,256,256,RGB,JPEG,18924,0
Potato___Late_blight/7e1cd97d-b5a3-4c92-b258-0aa90e6fb806___RS_LB 4826.JPG,Potato___Late_blight,True,1481,abeaaa764d134357e1189b95ecca793aeb5b0dd3c937b8fab29fc38cdf0f0517,bf48f0458b3ed838,256,256,RGB,JPEG,16950,1
Potato___Late_blight/7e486917-7f31-4a26-b0ca-6175ebc2beee___RS_LB 4113.JPG,Potato___Late_blight,True,1482,9cd4db71321669ee7494d64e63e441cd1ae0fd29f89219b3e51a77c2292b367a,ff60c00fcc38a3b3,256,256,RGB,JPEG,11953,2
Potato___Late_blight/7ec28081-7b26-4519-a406-48ff4edb69ea___RS_LB 2622.JPG,Potato___Late_blight,True,1483,e078c65dd781aea9ba0672ae84f3226e6c8dfaadb4f5951f74320c343af60a78,aac7a59e968ec2c8,256,256,RGB,JPEG,14054,4
Potato___Late_blight/7eeb65d4-122d-45db-b6b0-820cbb6f2dc5___RS_LB 4539.JPG,Potato___Late_blight,True,1484,6538fc2cef3c538ae345a4fc6814a4090ebcb7992cb090d39aca631b374a5d25,ff41e02e97b09998,256,256,RGB,JPEG,19738,1
Potato___Late_blight/7efcdebc-93be-4168-9965-2b2be46823d8___RS_LB 3249.JPG,Potato___Late_blight,True,1485,3d450b7191142365c3f8bed69dc6c111741e1bb70114e9996d5b3a61ea51b7d2,be34d0788dd08f69,256,256,RGB,JPEG,18713,0
Potato___Late_blight/7f2933ec-8a70-453c-8e5f-4eb9d25eac6c___RS_LB 3917.JPG,Potato___Late_blight,True,1486,eac19b6082b5da50011623370111224e48044b6b808b9a678de82e13c89ab3e6,aa4b93a49db194b6,256,256,RGB,JPEG,14312,2
Potato___Late_blight/7f90c344-54de-4053-a406-3a67f9fb1108___RS_LB 3283.JPG,Potato___Late_blight,True,1487,66b1435710ce7f5308af60a7961fb10ec05308bc2e5615b75269ca50d92e6e7a,a062ff919d91d09e,256,256,RGB,JPEG,19530,3
Potato___Late_blight/805f68c3-b0a9-4072-8ef6-4c48d804e888___RS_LB 5159.JPG,Potato___Late_blight,True,1488,19477ed9c33b62eec4bf5918a5ffdf886386223665338ec3d10ba9df5915519e,aa4b95a599969d92,256,256,RGB,JPEG,14237,4
Potato___Late_blight/80a20af8-9759-4c07-8d0c-d48edc9925c6___RS_LB 5289.JPG,Potato___Late_blight,True,1489,0a9d1b484b664527e2fa9cb6bf5ae2d5a554b933846b4ee52c6c144c753e99f9,fb1f8138963398c6,256,256,RGB,JPEG,15457,0
Potato___Late_blight/80bdc2a3-66b8-4d95-abe7-65c7806f7cbf___RS_LB 3073.JPG,Potato___Late_blight,True,1490,d9cd7e6e38285d72a8c255ba3bff82bcced8b7769bb9e61cea8dd4e620758d88,a86ef981881797b9,256,256,RGB,JPEG,17665,1
Potato___Late_blight/80e39105-97cd-4368-9e3a-b5498ae1c0a2___RS_LB 4474.JPG,Potato___Late_blight,True,1491,15d4409b2e6d8b3a36649cce9218ee981787d3c01d080448412f84f5b2d6e87e,ea9d9563c0ccc578,256,256,RGB,JPEG,14988,3
Potato___Late_blight/8137ed93-0e40-4bcd-9da7-f69ad5a08cd5___RS_LB 3059.JPG,Potato___Late_blight,True,1492,85fe657e7a7090cb2a92112b117c47e93f4d03ef68651dc41a7985ad371ad5a5,eae3b492871a9a59,256,256,RGB,JPEG,15870,2
Potato___Late_blight/815516f8-6fb1-4f92-bdff-63349e5ee83f___RS_LB 3237.JPG,Potato___Late_blight,True,1493,282707786c7ab8062fdae6fe5ba9af074b4fb773e7cd7ea3ee044b8fe495a689,eaca939698399137,256,256,RGB,JPEG,18244,4
Potato___Late_blight/8192a596-e2e9-4451-a33d-a92a26a739ee___RS_LB 2624.JPG,Potato___Late_blight,True,1494,d25f1099864be2582a91308050b276221b930dcd66fc67429135a76fc4a7dfa6,a2e29d81c49ee59e,256,256,RGB,JPEG,18889,2
Potato___Late_blight/81e4675f-5f16-4c8a-be12-acb79f46575e___RS_LB 3111.JPG,Potato___Late_blight,True,1495,94f22b612e9fe4de5dc34cef57c0b9181753dc302bd6e2412304efc83c4a4d36,fab6a7c28629988d,256,256,RGB,JPEG,16729,3
Potato___Late_blight/82967117-2bcc-4949-b060-738e7b66b755___RS_LB 4744.JPG,Potato___Late_blight,True,1496,1026b0681f633ae955dbcdd1a3516203365ce9638b29baca3dba10ae0b52a612,eec2c08b969cb1b3,256,256,RGB,JPEG,13072,0
Potato___Late_blight/82e0f1d2-e996-427b-9216-6b46aedbc07f___RS_LB 4880.JPG,Potato___Late_blight,True,1497,d541bef566374b2ac4f2a5ec675bdccdca0f9521bfbd05e3f1bea8684a0f84ce,ba1df058c16a8f65,256,256,RGB,JPEG,16747,1
Potato___Late_blight/82eb4f72-487c-4f4e-ace6-cc44a24978ec___RS_LB 2600.JPG,Potato___Late_blight,True,1498,770919a252846fe0baa2de63f03720cc4ad9b200e0bf5d872321e6144781f746,faa781d09c339ac3,256,256,RGB,JPEG,15947,3
Potato___Late_blight/83f821e6-0924-4bbe-8977-0e11c220aed0___RS_LB 5011.JPG,Potato___Late_blight,True,1499,45df7364c3a8d9d43446b1a6fdc46120402348d5859fc7786014b2c9c7663bef,abe2948dda1c4b39,256,256,RGB,JPEG,18034,4
Potato___Late_blight/84182903-22be-4563-8276-d72413958ada___RS_LB 4027.JPG,Potato___Late_blight,True,1500,634768536e89c7b81629f786c5928449b158423ff4272f768e8e2a4cf7a63212,a9cf943d83e08f70,256,256,RGB,JPEG,14727,0
Potato___Late_blight/841a4e5a-7aa6-4b32-a2b2-436874a48fdb___RS_LB 4469.JPG,Potato___Late_blight,True,1501,a03e40ae0e84ebab2c51c9d5d577a688273cabad2e0d720886bb6373b1642962,ebb5a592c8c2c9e4,256,256,RGB,JPEG,19170,1
Potato___Late_blight/84559c6d-0589-4d8d-8fc3-a818b067f85c___RS_LB 4608.JPG,Potato___Late_blight,True,1502,c6b1860170c3865cf59715abb10c672d771973afbac6a3ecced0ed7eb310a29d,eae885879d3d90b4,256,256,RGB,JPEG,13691,4
Potato___Late_blight/84e85005-c647-4381-8762-c487074c9571___RS_LB 5186.JPG,Potato___Late_blight,True,1503,0a66ca8c08333ddded012d1465d75d13cee67b51674f54d001e292a737d802c7,faca95afd8352230,256,256,RGB,JPEG,16601,2
Potato___Late_blight/84f666da-9e17-4e90-9813-0ed64da175d9___RS_LB 2536.JPG,Potato___Late_blight,True,1504,0d1b9da10ae0c6a5b43c9ad5db9b95f7569da644371cd4e4c8673888e274fd02,bb9d84d2cac1cce4,256,256,RGB,JPEG,18099,0
Potato___Late_blight/8542cb42-d817-4850-b42f-1fa7083e37d9___RS_LB 4780.JPG,Potato___Late_blight,True,1505,add8a18acde1c396d3aeaed8adb89b732d0e50e99ae84d1c8893466fa6e4302d,ffe0e087831c9ee0,256,256,RGB,JPEG,16623,1
Potato___Late_blight/856b9ab9-c5af-43f1-a320-097b7380d314___RS_LB 2789.JPG,Potato___Late_blight,True,1506,27d908774543959c47983055def7094461458b0ca11459b154a71743bd40b173,ebca90278c39b336,256,256,RGB,JPEG,16682,3
Potato___Late_blight/85bbcdd2-a9fe-46d1-8e0e-f4e2c5e885fe___RS_LB 3218.JPG,Potato___Late_blight,True,1507,7f4e35c289dc661138a318e600fd03cd36049e3a9a57f4dabcbdfdfa088c25db,ae63d4bcc490879b,256,256,RGB,JPEG,20514,2
Potato___Late_blight/85d29f87-cb27-4ffa-9ad8-9c47f9a53b33___RS_LB 4437.JPG,Potato___Late_blight,True,1508,6f77729fb0c63199156e5816e4d0ed66a417cd97b79b99935494d48cd4dde761,ab95e4729bc1b14c,256,256,RGB,JPEG,16901,4
Potato___Late_blight/85d60a7c-4a4c-4fcf-8743-21b4c03ff12c___RS_LB 3868.JPG,Potato___Late_blight,True,1509,050b1668ea8f17fa249fd2d96b5f6952d4f5ef8ca330f5f510f50b298e6e256a,ead2b58a92359535,256,256,RGB,JPEG,14912,0
Potato___Late_blight/86323439-ca8d-4819-ae81-800e50f85770___RS_LB 2826.JPG,Potato___Late_blight,True,1510,4877f961552355da477f5d366d3420f667c27957ebcc5663a8347bb04df3a849,f721e219cd3cd530,256,256,RGB,JPEG,15272,1
Potato___Late_blight/8692ff0d-260b-4fb9-9598-efa91456c2bd___RS_LB 5438.JPG,Potato___Late_blight,True,1511,18fe63d680fa4e08a535730068b32b22ef653137ec1efecfe8211b5530c83667,bac8c207cda7ac39,256,256,RGB,JPEG,14959,2
Potato___Late_blight/86944800-4984-44f9-9c72-53fcb7324a3b___RS_LB 4015.JPG,Potato___Late_blight,True,1512,5112d995ffc7dfca8de22b9c08025f460daa017bda5a2ef465e06d4d479f6849,adc6961bcb39c530,256,256,RGB,JPEG,13736,3
Potato___Late_blight/87681326-2843-4e63-9042-602b08a98a66___RS_LB 4145.JPG,Potato___Late_blight,True,1513,9354c57ffaf4461cb332ec2af148643f0ef2774cfa795e04856ef722fda0f682,eec2c21d993227b3,256,256,RGB,JPEG,12659,4
Potato___Late_blight/8797bc6a-f738-4caf-9569-797fdf28cd24___RS_LB 2903.JPG,Potato___Late_blight,True,1514,35321ea1bee85aeff973ef0a18727111d7c4ed68dc0574f05d42ad93e92a0734,aa62b187de9c9d11,256,256,RGB,JPEG,16147,1
Potato___Late_blight/87c99be5-a930-410f-8529-e79e030cba0c___RS_LB 5294.JPG,Potato___Late_blight,True,1515,ba574148a5e3867533fa4a997dc81a162f529906eaf00cc35e0eff3403fcc866,ab4ab5e19627da12,256,256,RGB,JPEG,16530,2
Potato___Late_blight/8829e413-5a7a-4680-b873-e71dfa9dbfe4___RS_LB 3974.JPG,Potato___Late_blight,True,1516,7f067e426236ee5bf650350a792757204691bc8fa216f1093730d3083fe3a124,afc0940bd23ecb3c,256,256,RGB,JPEG,15837,3
Potato___Late_blight/889b0741-2110-47a9-a2d2-90194e5d7676___RS_LB 4787.JPG,Potato___Late_blight,True,1517,96f2c109d541cca8b8deee0e0b58f9e46f14fb1a78e330a1cc4491458ee39b06,fe9d90c2c3c38de0,256,256,RGB,JPEG,18927,0
Potato___Late_blight/889d5479-9d54-49b1-9aba-3af34e377592___RS_LB 2635.JPG,Potato___Late_blight,True,1518,81716201ce60f9ebcb32c29901dbfa4121838dcfa96dc795eb6852778331d5e0,bfd0a1ca948fda14,256,256,RGB,JPEG,14396,4
Potato___Late_blight/890ffd2b-7365-4a91-b0e1-f414da0a17a4___RS_LB 3216.JPG,Potato___Late_blight,True,1519,95fa67bc1fa178350cc7c23ee6140959aee5d5280c776d0b118564345ae2196b,f43b85d59a479948,256,256,RGB,JPEG,17767,0
Potato___Late_blight/891ddb02-a289-4d8e-8380-7568686b7a08___RS_LB 3193.JPG,Potato___Late_blight,True,1520,6c019b4e1a4a738e247abb979b97ec05c9cc7a14391cfdcac8ab19c7f5f6de82,d654e80b9f3ab524,256,256,RGB,JPEG,18270,1
Potato___Late_blight/89ad1a3c-db3c-4d75-9c92-64cea1433f89___RS_LB 2820.JPG,Potato___Late_blight,True,1521,bba3a4609d938b0ee71276b39f85c6b2460b9422368b2ccffb2bcfc56ae72dfb,efe1e09096688e6d,256,256,RGB,JPEG,16344,2
Potato___Late_blight/89c3b470-f3e6-4a8c-90a0-edfc0ef73085___RS_LB 4543.JPG,Potato___Late_blight,True,1522,169c3f087502cca817e6292df7a851e4bc1cc81ff82aaa0a8111ebdc3ceec74e,ed69d8979c989390,256,256,RGB,JPEG,17183,3
Potato___Late_blight/8a2f2feb-3738-4675-9cb6-b1911a056dd1___RS_LB 2601.JPG,Potato___Late_blight,True,1523,e05059e637d549276ca390341ba1089efdfb3d1772c5d32cf09801a0db733e4d,afc5e4269b5c9298,256,256,RGB,JPEG,15941,1
Potato___Late_blight/8a70b737-9270-49ca-9fd2-e6468592c393___RS_LB 2978.JPG,Potato___Late_blight,True,1524,9a69e382ed3a6e3d37cec445759b52e35dfb08c90cb94b77c67bce812d6a70eb,ab62e48d936d9a34,256,256,RGB,JPEG,18637,4
Potato___Late_blight/8aab9abd-f5e3-4653-80d9-317bef625ae2___RS_LB 5221.JPG,Potato___Late_blight,True,1525,088bd27c16113afc35c88fa75451a5d208fb3a0d5f5e4c67e526d7b3d34b386e,e81f8758cc339cc3,256,256,RGB,JPEG,13419,0
Potato___Late_blight/8acd2e1a-f965-4abb-bd16-8c0a4e918d2c___RS_LB 4644.JPG,Potato___Late_blight,True,1526,a78b9f66d7abc816ac2d565f59a5336c82d831ebc6ca5a102779bd18e2f519b4,ef61c08d87303ed3,256,256,RGB,JPEG,16635,2
Potato___Late_blight/8b0ef54c-6d28-47bb-a657-287afbb8a620___RS_LB 3298.JPG,Potato___Late_blight,True,1527,ff85828ab122fb5dd399309a05c85e0f6347e49543772e4c5b92fe407f4b3183,bb1fc2688d6683c3,256,256,RGB,JPEG,19231,4
Potato___Late_blight/8bf37a1e-4535-4919-953e-69376f5be48a___RS_LB 2611.JPG,Potato___Late_blight,True,1528,1ceacd3e162d991142d45956d793725de45f30091ab75db8c3476da1021b338c,f825853ed2398b71,256,256,RGB,JPEG,15870,3
Potato___Late_blight/8c1960cd-20e2-4a9c-a1ee-9800289b884f___RS_LB 3941.JPG,Potato___Late_blight,True,1529,53f626b618e77cef0074727706189f5741c6ef074adfd361b0fb0843013e7e7a,bb17e47a8d689864,256,256,RGB,JPEG,16041,0
Potato___Late_blight/8c3c1c3f-5cf0-4daa-9267-243cf1b47927___RS_LB 5005.JPG,Potato___Late_blight,True,1530,bf20f86e7ada7368e0cf1aaf114cc6255dd7da58e26bdf0eb966e2abdd1a0694,abc4a51ed6389b31,256,256,RGB,JPEG,17072,1
Potato___Late_blight/8c894440-a022-41a8-9545-51ff4286d29f___RS_LB 5126.JPG,Potato___Late_blight,True,1531,8ff68220e49af5f77270535d75167e08c5cb0b3ff1e0447aaeb3836cfac6a90a,af15f45a8464cf62,256,256,RGB,JPEG,14749,3
Potato___Late_blight/8cd26c99-237b-4910-98ae-3e930c760f56___RS_LB 4061.JPG,Potato___Late_blight,True,1532,0cd7bd1f25ca8034d9fc76ff931a37263ce88b450366056aac2a291b0319b2f7,fec0858f983cb136,256,256,RGB,JPEG,12309,2
Potato___Late_blight/8e1d2020-3d04-46b1-bd71-82922e1aeaa6___RS_LB 5017.JPG,Potato___Late_blight,True,1533,c85cbb319908983f565419a8e1c44793372258b7978f752cd8373aff778c12d8,aac9c598b2e366a6,256,256,RGB,JPEG,17028,4
Potato___Late_blight/8e78b212-d2b4-4551-a1c1-70268ec75b0d___RS_LB 2958.JPG,Potato___Late_blight,True,1534,25e4eb9e32ff89e7816e4e4dce86b3aff0a455d66cece0f1345c1b6cb5be8b7f,ba1f83708ce2d8cb,256,256,RGB,JPEG,17796,4
Potato___Late_blight/8e864e28-d161-4888-bf90-fd9467bfe9c2___RS_LB 4574.JPG,Potato___Late_blight,True,1535,15effdb9bc2200b3a9d3675c945a981a502ce16bd6e47b38292210896a80829b,be6ac296cd9c9191,256,256,RGB,JPEG,16452,0
Potato___Late_blight/8eb5691c-0098-45f6-a782-e297ed340bc0___RS_LB 4153.JPG,Potato___Late_blight,True,1536,93671de5f9d2369e43af877e351f66f398d068ee3be235d6caad2ebd3fb6564e,aeb3f1b490c24bca,256,256,RGB,JPEG,13893,1
Potato___Late_blight/8ecb7cf3-9be5-4c3e-9714-2d5987987ad0___RS_LB 5205.JPG,Potato___Late_blight,True,1537,dbfc16bd5b2be2cdf89a1b27e731538e189a7c2717d15ff6987756d1b2a58408,ab17d278cc64d863,256,256,RGB,JPEG,15098,2
Potato___Late_blight/8ee9f477-92a7-43a0-9377-0535b218a21d___RS_LB 5266.JPG,Potato___Late_blight,True,1538,225bae5c29c92a1529a5f30ae536363da298b7d296a08a41f8184a93eff2d0b4,abece49592de4909,256,256,RGB,JPEG,18227,3
Potato___Late_blight/8f12dae8-d44b-4d16-8815-4da5f9a9ff55___RS_LB 4283.JPG,Potato___Late_blight,True,1539,34cc5f107061f242bac64a115d70930d5167ab8446d64465d44eb2ffec635d33,eae8818f98b4f193,256,256,RGB,JPEG,15210,0
Potato___Late_blight/8f634ae3-010a-4a08-aae9-2aa43bc73a0a___RS_LB 4069.JPG,Potato___Late_blight,True,1540,d112b7b453f8d78388b6aee6c7925e813aff1463f71472a8d933de8994e08d37,abb1d0cac30bcf2c,256,256,RGB,JPEG,12985,1
Potato___Late_blight/8f80caee-38ed-4b49-9596-6f66c3cb9c1b___RS_LB 2535.JPG,Potato___Late_blight,True,1541,aabf1b53ef8c75927a3a8156ea8133bcf787e02f274a2de3feda2a373ac3e533,abe0a597d21acb38,256,256,RGB,JPEG,17446,2
Potato___Late_blight/8f8e338a-b6ac-4ca7-b3f3-596dc15eb140___RS_LB 3970.JPG,Potato___Late_blight,True,1542,23a906eb7ce83ad36e7ce52a5521394435ad5e68543f643f24453c15288605cd,bf17c06ea5d0b0e1,256,256,RGB,JPEG,16283,3
Potato___Late_blight/8f93f47b-2ee7-482b-9e18-20af5eb98d79___RS_LB 4889.JPG,Potato___Late_blight,True,1543,1d2000996ac97490a9ea364128e70efdfc16c6469713c144ef707c8b2ba39619,ff9f80d88d64b442,256,256,RGB,JPEG,16312,4
Potato___Late_blight/9001b18c-b659-4c56-9dfb-0d0bf64a7b4a___RS_LB 4987.JPG,Potato___Late_blight,True,1544,befde78dd6bb6c54643230697b458011ecdee9907d4433d0cd2f6d183ae01ddc,ab05877e9f60146e,256,256,RGB,JPEG,20543,0
Potato___Late_blight/9009c86e-1205-4694-b0bb-ef7cf78dd104___RS_LB 3995.JPG,Potato___Late_blight,True,1545,d2e982ded690f72296cd1664c281479e611689ffa055f26e478ee6c158f57622,afd0e58bb409d299,256,256,RGB,JPEG,16538,2
Potato___Late_blight/90302aa5-644e-4857-b60f-92f6aed488fa___RS_LB 3246.JPG,Potato___Late_blight,True,1546,89e85053d80b79c1a2fabd029a25189845b795321840ccdc35002f07f97150a7,a9cbd294859d96b4,256,256,RGB,JPEG,19593,3
Potato___Late_blight/9032d569-294e-4b8b-a70f-ecff949e43e2___RS_LB 3998.JPG,Potato___Late_blight,True,1547,137c868c5127bade0e3b2b3e9e37ee5a29ca8ec126bdb4185ec8a5c0f27460c0,a863850f9eb49b33,256,256,RGB,JPEG,11687,1
Potato___Late_blight/90596f7b-1efa-4595-8d57-bcbd4c48253f___RS_LB 4753.JPG,Potato___Late_blight,True,1548,390b32c46e23bc1f95afdb72313f5ead8d6c22edece365628b0c2e74a3b45087,aa91f45b8de4c46a,256,256,RGB,JPEG,13145,4
Potato___Late_blight/908546cd-34b8-4502-ab09-0c5bb7c1d87b___RS_LB 4912.JPG,Potato___Late_blight,True,1549,47fa8ec010eb84e9e2002c5cc40039b8a1b21fab70b2b6f1e05ae0a60a89b4b8,af17855a8761146f,256,256,RGB,JPEG,20808,1
Potato___Late_blight/90c2a92c-9e38-49a3-aefe-e1805fe64537___RS_LB 3016.JPG,Potato___Late_blight,True,1550,455b88fa4b932c4099e633fbbdf36a1523b8b0c1c22700b9fbbab9ddccdccea0,fd32a2d1954a9a8b,256,256,RGB,JPEG,19048,4
Potato___Late_blight/910139a3-cd42-4adc-a24b-3602fd4de7d3___RS_LB 4415.JPG,Potato___Late_blight,True,1551,da1130b9ad69bb86c0b222f7472726d22f661dacb5c2ebcac8bc529cddc18489,ba91d56e02209fcf,256,256,RGB,JPEG,21597,0
Potato___Late_blight/9157168d-8377-4a75-8dc2-d7c951efeb55___RS_LB 4978.JPG,Potato___Late_blight,True,1552,8ffe01f1c125bac22613065c0c0c68e4137415eca09d3ccf3675ac7d44ffe9ba,aacab58f9294d986,256,256,RGB,JPEG,16700,2
Potato___Late_blight/919150bd-372b-44e0-a70e-a13e60dccbce___RS_LB 3263.JPG,Potato___Late_blight,True,1553,eda24593228d98a559a19833755dd3fffa76df152a200f4a605864353f1fe28d,ab4ae469d227c95a,256,256,RGB,JPEG,18046,3
Potato___Late_blight/9254f86d-5d83-4217-a7f5-84d08e1b93ee___RS_LB 4037.JPG,Potato___Late_blight,True,1554,3b461cdbb137358419d0b58f0ae663976cd2a17a010f570a1b3512c1f596de49,fcc3a81e95389393,256,256,RGB,JPEG,12677,0
Potato___Late_blight/929dd251-5fbb-406f-9313-a71e5f96b31c___RS_LB 4781.JPG,Potato___Late_blight,True,1555,aa91de37414742978da9bc5dde5e5b7f8f5bd6ed503a0a8bf597b8759ba38420,ff9fc0d0cee1c022,256,256,RGB,JPEG,14261,1
Potato___Late_blight/93905331-a3b3-43dd-8596-d8f7e6b3e88f___RS_LB 3306.JPG,Potato___Late_blight,True,1556,c7b0eaeaf60e3afbfc46382f661628c2071ad3a698037316219017e3d62076a1,ef6890a79bb48499,256,256,RGB,JPEG,18565,2
Potato___Late_blight/93935af4-3aae-4dd6-90d9-fb28e439faf0___RS_LB 3299.JPG,Potato___Late_blight,True,1557,f6b9247ac8060a3ba8ace2f282c08f0516dd778d392a79d537be9e57f8d45388,ea4a850f9eb039d3,256,256,RGB,JPEG,17161,3
Potato___Late_blight/939a9a98-cbc9-4b83-bb47-395f26d7fddd___RS_LB 4293.JPG,Potato___Late_blight,True,1558,209d06390af1c3fdd81609b22b2b78ed354e9b5f3524a4ee8a42518474c383af,aae4c5c9326639e6,256,256,RGB,JPEG,21997,4
Potato___Late_blight/93d91b96-e024-477c-9b76-796e3f1614d4___RS_LB 3297.JPG,Potato___Late_blight,True,1559,015b73cccb5a58c670f7c1e639caf341647ef0db7911d47876a5e6da8622e8be,b991c26cc760b27b,256,256,RGB,JPEG,17730,0
Potato___Late_blight/9475f5bf-607b-4091-8a6d-8f09921478a7___RS_LB 5191.JPG,Potato___Late_blight,True,1560,fd98a20ec62005ce6f2124e63d6e26ec2c4d6952eae6d7f6e10fe014bcc9e2bc,bb14d269c964cf32,256,256,RGB,JPEG,19870,1
Potato___Late_blight/94c50d24-cfd7-486c-a4ac-a10f552d0f8b___RS_LB 4329.JPG,Potato___Late_blight,True,1561,692ee443f49743607dd43ee9ce41d87e908d10e1ba16704f36a7125249ea0c24,eb853696619b63c8,256,256,RGB,JPEG,16391,2
Potato___Late_blight/94ebce3c-2945-44a4-aa81-1abe8e4beea2___RS_LB 3953.JPG,Potato___Late_blight,True,1562,66865c37eea5aa9b02f4efe7df2a8487e2d1a46dce64b2ae80fad28d8569401b,bb1f943a9b6138b0,256,256,RGB,JPEG,16622,4
Potato___Late_blight/954d36cb-4a20-4889-83dd-4cba7e7180f8___RS_LB 4536.JPG,Potato___Late_blight,True,1563,693e47accb61e553cc4276e58d8f6881c192d113c88474a4652bf7ffedb7688c,e6cbd38c993a8c31,256,256,RGB,JPEG,19324,3
Potato___Late_blight/9570095c-02e9-497b-bec1-4e526f3462e5___RS_LB 2815.JPG,Potato___Late_blight,True,1564,11f58cdc215524123ea05e5d93dc2706e619aa1b524fd6c75e33823fe7dbdf6c,ba95b45ac948c576,256,256,RGB,JPEG,19224,0
Potato___Late_blight/95816fab-df6d-4730-8f52-4b64aac47e3d___RS_LB 3056.JPG,Potato___Late_blight,True,1565,7a2c2a8ebf6dd8b9f5b857e949b98f1a203514c0d11d37656ff8eebdac56b768,af37b05ac2c8da61,256,256,RGB,JPEG,15339,1
Potato___Late_blight/958a4438-2ced-4d8c-af73-871376cf6ed5___RS_LB 4483.JPG,Potato___Late_blight,True,1566,3f8b4e85e05ef93a94a876829d012c5a0fbc02f55c787a49af85faddc18f1bbf,eac8943d31e6cd32,256,256,RGB,JPEG,20933,0
Potato___Late_blight/9631fd8f-244c-4047-98e4-aecc907624c1___RS_LB 4573.JPG,Potato___Late_blight,True,1567,eafc53f68c3ee5521861215063382bf96f0cf4fc794b31e3318d3fb1c52ca694,eab495cbce0c98b1,256,256,RGB,JPEG,14430,2
Potato___Late_blight/967a677a-712c-447f-ba27-f59818944af0___RS_LB 4353.JPG,Potato___Late_blight,True,1568,60087919bced8de64a452a21521fc5f025de8c977aba035da056f619542f9a50,abe79cf0c495819a,256,256,RGB,JPEG,18546,3
Potato___Late_blight/96879d98-11ca-40c7-9708-9ca8f235f407___RS_LB 2739.JPG,Potato___Late_blight,True,1569,26652c8b49d5b4ce6d24e21b511e0c33663673a78ddeaee445d12cc9db927cb8,f861a1b596d2db09,256,256,RGB,JPEG,19991,4
Potato___Late_blight/969aa93b-46d1-478c-a398-dcb4ed7d27bd___RS_LB 2870.JPG,Potato___Late_blight,True,1570,ab918b882f257543e4749db0726d9214e37eefdd3f5a8cc439df3278c5daa891,ae87f0d0cb683c72,256,256,RGB,JPEG,14193,1
Potato___Late_blight/96a70433-9204-4a41-acad-d39932559068___RS_LB 3200.JPG,Potato___Late_blight,True,1571,027fe4f975a52ef32533b1b594e2d97d8e594f0186b1b9ebdba56dfb705dc912,fa6881afcc358e92,256,256,RGB,JPEG,20002,2
Potato___Late_blight/971ec52d-67e9-4438-80f6-a6aa32fdc946___RS_LB 3048.JPG,Potato___Late_blight,True,1572,e57e5c5c63e6c269a412913b5a4c2aa2a1789ef52fa6d897a2f33f569f2efd84,aa05d0f29ecf6558,256,256,RGB,JPEG,16124,0
Potato___Late_blight/974344ba-438f-4190-b71c-875924190fdc___RS_LB 3866.JPG,Potato___Late_blight,True,1573,f0fcb5352523ca9321e9d89c795fc4e05559f088582c33ff44c0fe45136b1ee0,bf68c087c893b69c,256,256,RGB,JPEG,13929,1
Potato___Late_blight/977cefff-6bb2-41d4-9496-d30e03c71112___RS_LB 3287.JPG,Potato___Late_blight,True,1574,b586e1cb228cbb5744eb2ec8fda024b8da621ae0771d3d6276e6c2c62ee1c9ca,eae5844a9ccddc19,256,256,RGB,JPEG,19087,3
Potato___Late_blight/97a903b7-9b9b-4014-9052-a284f21bfd53___RS_LB 2511.JPG,Potato___Late_blight,True,1575,be4619131edde5e6dd7848f2ed1f1721ac97fb3cbb1318ea3829674eed33c1c5,fae5899a9f90b103,256,256,RGB,JPEG,15668,4
Potato___Late_blight/97babc05-67f1-49d4-9821-6fb8294da5e8___RS_LB 4541.JPG,Potato___Late_blight,True,1576,17675120cb31250ab94f2de2218800777dcf205f912f82d765fe33783ea4943d,ec9792789d6180e7,256,256,RGB,JPEG,14430,4
Potato___Late_blight/98a806fd-2839-4069-b40b-08522c34ccdc___RS_LB 3032.JPG,Potato___Late_blight,True,1577,9db460e269bd0b16cdba6ff7e51c47979569ab58d5029ff00c6ace841ba2b4a8,eae6e496979a92c0,256,256,RGB,JPEG,14888,2
Potato___Late_blight/98f31440-de70-4c5f-be88-cdf2cb160d76___RS_LB 4947.JPG,Potato___Late_blight,True,1578,a446452f20678d19c3e0dac958f9eaa41d616dd0cd5b470f88548da39a37bf6f,fe62e11dc6741a92,256,256,RGB,JPEG,19042,3
Potato___Late_blight/990428a4-bfa8-450d-a755-fade1df0a214___RS_LB 4082.JPG,Potato___Late_blight,True,1579,df4e6c36220d834c993980b3b5bf893782ad1d88706bfacd8cd6025f9d6d4bae,aa4ad0a7cf938599,256,256,RGB,JPEG,14435,2
Potato___Late_blight/99064106-3789-4de4-b109-ebc83a20d94b___RS_LB 2757.JPG,Potato___Late_blight,True,1580,3ff248516c4ee2dfe03b0924e164c9828d7a6755c01ba3f3735572c19c060be5,ba95e55ac161d661,256,256,RGB,JPEG,17181,0
Potato___Late_blight/9933b288-b5fe-4cbf-a9fa-58ef769b6f7c___RS_LB 2540.JPG,Potato___Late_blight,True,1581,3163bb851cd4dab5d7f73273ed4c758451e6edbeaafe7f8b8c3362eb92d1faf7,ea94e5da97689861,256,256,RGB,JPEG,16570,1
Potato___Late_blight/9934bde8-1c89-4ba6-95e6-015a69540873___RS_LB 4146.JPG,Potato___Late_blight,True,1582,1dc82b734962c19b48479dccb88a1aa6c338e9198739c302ccb2328fed653214,afc8928798b3d133,256,256,RGB,JPEG,14472,3
Potato___Late_blight/9996efa6-219d-4f07-aa12-dc8ca40609b9___RS_LB 2840.JPG,Potato___Late_blight,True,1583,0e9889184d44166e0470b01a0fd0f844b2e2c9349a636de10d1cbfdecfe5aa77,f5ab85d29a49c9c4,256,256,RGB,JPEG,14996,4
Potato___Late_blight/9a179173-fbfb-4e92-9959-58b826625c9b___RS_LB 4761.JPG,Potato___Late_blight,True,1584,90f6c361d6e01b31f7ae749fbe09b2c39c61e3f9324333a9ab82a70efefe9cca,ea35b55a95b05a31,256,256,RGB,JPEG,13509,0
Potato___Late_blight/9a726ce3-7b21-48de-b522-25d19f3c10e3___RS_LB 4765.JPG,Potato___Late_blight,True,1585,ef55f75de8a2c17851ada48612f97b56496994fd6a954dfd1818a45ed077408c,aa4af2a4892f95b6,256,256,RGB,JPEG,12823,1
Potato___Late_blight/9a7d732b-12e2-400f-9206-068df63de1ba___RS_LB 2926.JPG,Potato___Late_blight,True,1586,e507aca54155189e243fe9a4b07299675f1572d4937186ee628d694ff55d4c94,a380c4fadf67e230,256,256,RGB,JPEG,16271,4
Potato___Late_blight/9bdce182-987e-4996-8cc8-34694b4e24e9___RS_LB 2837.JPG,Potato___Late_blight,True,1587,042ee379868371bdc21f84f20507b1ba9bedd4311265d3b69a80772f46089f56,ba9dc1da8d658662,256,256,RGB,JPEG,16048,2
Potato___Late_blight/9c0e8576-642f-47a6-a053-c52e9025b7f6___RS_LB 4134.JPG,Potato___Late_blight,True,1588,1ff49a7442f0f84102591e0cc143623076e34ab61249b2dcfe46aa582d834e69,abc992949c92f137,256,256,RGB,JPEG,11520,3
Potato___Late_blight/9c230647-02da-4948-9c52-dfc87bb1d34a___RS_LB 4593.JPG,Potato___Late_blight,True,1589,01ec00ac005ebc4965d063a18c72602186d9d781be1344db1774da61f732dbf7,fa3ec13099199cc7,256,256,RGB,JPEG,13540,0
Potato___Late_blight/9c3ad8d7-58cb-4e7d-85c0-22f5cf105906___RS_LB 4680.JPG,Potato___Late_blight,True,1590,72f2c133f1facb511c09917186a77cf97ca737dab57be8189235c68da31649a6,aac9958d1696d378,256,256,RGB,JPEG,17824,2
Potato___Late_blight/9c6155e6-eb4b-4ef9-bcd5-812803cb16d9___RS_LB 3268.JPG,Potato___Late_blight,True,1591,8acf38c67d5cd4a1c89400cb32e5bd85df9cfe1576723d18304f1e49da9ee777,bf91b0d0c299c3cd,256,256,RGB,JPEG,18090,1
Potato___Late_blight/9caba61f-ea63-4ea5-9d85-1f22b6a1a006___RS_LB 4451.JPG,Potato___Late_blight,True,1592,522290d6b7cc10765bf607c3154f06c156965e4be3e8eabb3600e2c654cb63cb,ba1d243a8fc7c86c,256,256,RGB,JPEG,17456,4
Potato___Late_blight/9ccb00a6-1542-4b0e-bd90-e7f1ff10e7f7___RS_LB 3058.JPG,Potato___Late_blight,True,1593,48b23bee6addd1995d622e2fefa8bbbf853f8da633763e0adba5b83474000203,f43a8a559cc2e39a,256,256,RGB,JPEG,16158,3
Potato___Late_blight/9cd7c33b-e29a-4300-ba19-183fb6c82aca___RS_LB 4124.JPG,Potato___Late_blight,True,1594,61b42029c7ec266b4908a73fe5ea598e4dad03d636dcdb8ab3d234eac4c34f65,abb597d2d8c0c1e4,256,256,RGB,JPEG,13976,2
Potato___Late_blight/9d0f96e2-93c7-4202-b1d1-6f878c066be7___RS_LB 3106.JPG,Potato___Late_blight,True,1595,38d779b2776e7cce75cf275c2430ec747a9258d234bb15f7fe6ef0ceb61ba1ca,a884f2dbc94cce63,256,256,RGB,JPEG,18084,3
Potato___Late_blight/9dae6946-8d64-403b-bc51-b1b58cf8050b___RS_LB 4028.JPG,Potato___Late_blight,True,1596,933198ad533696a8f40a029cc902d7f8082a4b778cd56f863f055d3dc077ee07,af00810bd72dcf3e,256,256,RGB,JPEG,15816,0
Potato___Late_blight/9e1dc573-9cc5-4bc1-9c95-63c7bfba54f1___RS_LB 2976.JPG,Potato___Late_blight,True,1597,f9b301d1ce7fd5d8b6072298d66eed90bf6b53ee66106caffc4e0fb862b4ded5,aaf0c4c19a969bb6,256,256,RGB,JPEG,20764,1
Potato___Late_blight/9e38f130-d8bb-4872-9e46-f43c7d0877c7___RS_LB 5096.JPG,Potato___Late_blight,True,1598,320ef43ffd71bf7250999528c6bb9c91b49c6ba83d25803b0d6b9680a4beed18,abc69492c2cfd31c,256,256,RGB,JPEG,19531,4
Potato___Late_blight/9e5a95bd-b8d0-455f-bc85-b51a2086c88b___RS_LB 5326.JPG,Potato___Late_blight,True,1599,4c7275647e46615b64ee67d979e48a3f1a64a1fe0750bffb37ca0dd27761c41a,aa35b45a9a69c9e4,256,256,RGB,JPEG,15110,2
Potato___Late_blight/9e979a65-61bf-4d07-a444-7c22ae1a58b1___RS_LB 4886.JPG,Potato___Late_blight,True,1600,f972bcc8b6a5bd34c00bc68210f7d487993c495ea8d7b37aca0f9f04608fb745,ff68d0074c5bda18,256,256,RGB,JPEG,17201,0
Potato___Late_blight/9f5acd9c-13b2-4246-a938-77774ba89318___RS_LB 3153.JPG,Potato___Late_blight,True,1601,e283caab58277992e0294c201a2f297fae2c25e5b591a57a37a28ff4a27da167,edca92c5998e9896,256,256,RGB,JPEG,18022,3
Potato___Late_blight/9f9623f9-e632-4342-b698-95a0521953f9___RS_LB 3068.JPG,Potato___Late_blight,True,1602,fec9c1525df66e63e55dbffa0bf5dd5f987ef0414240b69e9719455665e8ff09,bf3fb0d0c098cbc1,256,256,RGB,JPEG,16779,1
Potato___Late_blight/9fa413c2-d724-4bc6-8aed-954a472cf228___RS_LB 4754.JPG,Potato___Late_blight,True,1603,a05ec63cc6a60125460b30c999b442b4924131c2b4235c5d4ceb73166734b743,fe0db05aa3389c39,256,256,RGB,JPEG,14357,4
Potato___Late_blight/9fa8f0a5-50ba-41d9-8132-077a807fcf86___RS_LB 4045.JPG,Potato___Late_blight,True,1604,34e7f4cdb8ecc0352428f623d3a2675657f0335f066a394698b3a3e3f41e9b8d,afb5d0d2c3c98907,256,256,RGB,JPEG,11443,1
Potato___Late_blight/a0622f86-c94d-4b59-9483-68c57dee81fa___RS_LB 4794.JPG,Potato___Late_blight,True,1605,65b5d668e31065d89708fdffbfcb1df1845a03403adc838da8b9314df1c1d06e,aec2902fc7b68c3a,256,256,RGB,JPEG,16149,2
Potato___Late_blight/a0c129b8-4fb3-406d-b2f6-1309fec50c70___RS_LB 5139.JPG,Potato___Late_blight,True,1606,95f37a8623eb808d729e1dde9c90ba8d227bfa51206258d6eac185506a167d56,af62d04dca96813f,256,256,RGB,JPEG,14722,0
Potato___Late_blight/a10d340a-b35c-4310-be59-caa58bb0d500___RS_LB 5154.JPG,Potato___Late_blight,True,1607,5e054e6d40d93f45c7eac27766860a9c77a8dd69330862f0df445e1e3ed1ce2f,aa91915e8b68dce6,256,256,RGB,JPEG,15941,4
Potato___Late_blight/a1523281-33d2-4cc4-910a-3d614a4cd085___RS_LB 2816.JPG,Potato___Late_blight,True,1608,78523b4bbfdddefeacdb9362a72887274efd58681e4e4e91850240882eb857c5,ab52e54d9a3cd930,256,256,RGB,JPEG,19430,3
Potato___Late_blight/a1f3508d-496b-4dd5-a820-d30acafd7d9b___RS_LB 2970.JPG,Potato___Late_blight,True,1609,a92615db7267bdb39f3c9711d583b78b15831d5724af3fb5ab3def7e2ae16171,a8a49e5bc96dc266,256,256,RGB,JPEG,15796,2
Potato___Late_blight/a221647c-0dda-468b-93f9-81f50b14ff81___RS_LB 3942.JPG,Potato___Late_blight,True,1610,ce8d9a36f2dc1095a069b6cd52ed549e8388b8cec657c3a3005c7fd09049bac3,fac2a18f9534de30,256,256,RGB,JPEG,14979,0
Potato___Late_blight/a24f3bec-3fbb-461a-81ef-ab791ceb66e2___RS_LB 4818.JPG,Potato___Late_blight,True,1611,0d49555cf5a807b57dd219d355d74267745b55403f562b30bae4264044b160af,abca9d8197343c33,256,256,RGB,JPEG,18124,1
Potato___Late_blight/a2b27b82-4459-4dcb-a065-92a75f3c9c4b___RS_LB 5018.JPG,Potato___Late_blight,True,1612,5a7d8493c595729822bdedc3a3ce65180c29f7d818b9c527375865234a542907,aac6b4cb128f69ac,256,256,RGB,JPEG,14464,3
Potato___Late_blight/a30baff1-96fb-4df5-9511-e131359b5fd8___RS_LB 4464.JPG,Potato___Late_blight,True,1613,60ce6b1274394828404956a98e45b021863a7acac73396eee5bd57649f6bd937,bee2c04e9c8d689e,256,256,RGB,JPEG,21160,4
Potato___Late_blight/a3389c1f-d888-430d-bcf7-a546247ad6d2___RS_LB 3092.JPG,Potato___Late_blight,True,1614,0a0c4460c991876bf5cee07fedfba3c1fdcf66bade9a579123eaa85ca1a7a783,ffaba015c2788d49,256,256,RGB,JPEG,18673,2
Potato___Late_blight/a33c54fb-6b78-4235-b34e-42f85f6bc5b8___RS_LB 5060.JPG,Potato___Late_blight,True,1615,0bae9f94522e1587cca2e57cdd6552fe61bd4871aacbbdbcb1bc4174a0fc72f8,bac28d9db237a524,256,256,RGB,JPEG,16391,3
Potato___Late_blight/a343cad1-3b4d-4761-b222-d0bbc0f4bdc0___RS_LB 2569.JPG,Potato___Late_blight,True,1616,75901fce70ad6255aa42aa90723fe571639375f29021cdfc9b4bdaac2fec6ba4,abfac405de30b117,256,256,RGB,JPEG,16889,0
Potato___Late_blight/a34d3777-22c7-4723-8b85-f766e042c121___RS_LB 4375.JPG,Potato___Late_blight,True,1617,cad87ee071cd1bd248ffa66530d5d2cba843054a3f80addfbd689eb4e7446c67,f93686d1d1584c67,256,256,RGB,JPEG,13964,4
Potato___Late_blight/a3bf27ee-b4ec-4f72-a25b-9d47b4cd100d___RS_LB 2889.JPG,Potato___Late_blight,True,1618,e135a58d9385a18bb388116eaa8dfa1d9e8f25bced5feeae764fc30e521d806b,a8d8f761c2b68536,256,256,RGB,JPEG,14912,1
Potato___Late_blight/a3e80876-49cd-4856-9253-8df14fc36dcd___RS_LB 3851.JPG,Potato___Late_blight,True,1619,71bd29d68af91decfc31362984aff218a47f3bdf6ab766527f9ec11dc6797498,a3c99bb49513de30,256,256,RGB,JPEG,14613,0
Potato___Late_blight/a440233c-0ef8-408f-8ebb-1c12e8bc4464___RS_LB 4768.JPG,Potato___Late_blight,True,1620,81f51be26cbeec62b89fcb6e7a63d548d0a3ad51619cc42a205f16f19344c358,f3c4e44acc2d98e5,256,256,RGB,JPEG,13858,2
Potato___Late_blight/a4534f9b-87ca-4ce0-a6f8-84f94544ef37___RS_LB 2775.JPG,Potato___Late_blight,True,1621,710c3544b6493fd6d969a57627fce512d289612dc7300baf0244c05d7f03a94f,ffd0e20f8d3c1930,256,256,RGB,JPEG,14910,3
Potato___Late_blight/a5028ead-ac95-4a90-89cb-aaac512d502a___RS_LB 3957.JPG,Potato___Late_blight,True,1622,46a1651df4848e207e9d43348d8b9706a4dd30486efc08244ce8fc2aa3858d16,abfea5e09714da40,256,256,RGB,JPEG,15534,4
Potato___Late_blight/a5a6ebeb-2535-441d-acf5-33bce305fa14___RS_LB 3304.JPG,Potato___Late_blight,True,1623,09e42ee521df4729c258d0414237c122403d77a2c4b5e43082994815c86b1521,ba9dcde4d2c892c1,256,256,RGB,JPEG,20658,1
Potato___Late_blight/a5aabda7-209a-4e1e-966c-de2a1ccc7869___RS_LB 5046.JPG,Potato___Late_blight,True,1624,aa6db4fc45a7ecc02491aa999432d226eeb525781b8da63478487506466af495,aac4951ed24a9b3d,256,256,RGB,JPEG,18048,1
Potato___Late_blight/a6623827-bcdc-40ed-81e6-5cde1a1da997___RS_LB 3179.JPG,Potato___Late_blight,True,1625,4cc33efa7436eb88e3d4a6eff244512d9e0b5fd31722bc30d50cf749689ad442,ab17905acd4d94e6,256,256,RGB,JPEG,19501,2
Potato___Late_blight/a69b634c-1bb1-4098-9da0-8393f9b8d6e1___RS_LB 5120.JPG,Potato___Late_blight,True,1626,e77bf2ce8a320a4a915570edac9a3d9b5dab235b7783820f6c6b88c92f6663f7,fe30f01cc66a8f61,256,256,RGB,JPEG,15631,3
Potato___Late_blight/a6b27bfe-0e60-4984-98ca-af4b2316dfff___RS_LB 3881.JPG,Potato___Late_blight,True,1627,f01044aa6e0151b4ac24fcb9499606328cf625e6cfc863e1e8cf025fcaa58223,ebca9734c0b287a5,256,256,RGB,JPEG,14067,0
Potato___Late_blight/a6f75dd1-c290-4116-be6a-e3c94e40aa2a___RS_LB 3265.JPG,Potato___Late_blight,True,1628,bca87360acb68bbd34f80ec2811092b87610126b81f7c3f414451b9da758c9d2,ef65a00e87ec9538,256,256,RGB,JPEG,17241,4
Potato___Late_blight/a7097c51-bb53-4149-8140-4b9c3d94dbd4___RS_LB 4108.JPG,Potato___Late_blight,True,1629,b654abd6e5f9eea26afd5580a87c618ebb7a1212d71ec5142d4b77eef9f6c576,f8c5c11a4bb8cda5,256,256,RGB,JPEG,13854,2
Potato___Late_blight/a74a91d8-1a9d-4fa8-bc4b-26a32635a84d___RS_LB 3840.JPG,Potato___Late_blight,True,1630,b1cd4f0c49fdfd6b118426bf75823684fecc95a662e784ee6ee9e69d7e0d8a9f,ae94e5cac21b2f38,256,256,RGB,JPEG,10455,4
Potato___Late_blight/a7dad20a-b0c0-408b-a961-17928319e17f___RS_LB 4645.JPG,Potato___Late_blight,True,1631,e6d91245fc7eb82ffc9599f56c7562e04f56189f9b1f7a98aa306b653c2b0653,eec3851c96383a67,256,256,RGB,JPEG,16367,0
Potato___Late_blight/a7dc8b54-5e4a-4055-ae98-eba4268cf966___RS_LB 5243.JPG,Potato___Late_blight,True,1632,83e219d44db26bdac9c8994202dda231da1bea46b286aee17c497655d92aecb1,aac8a1ed8ee79894,256,256,RGB,JPEG,15130,1
Potato___Late_blight/a838f0ba-745a-4c0b-9895-f3349a6cee4a___RS_LB 4959.JPG,Potato___Late_blight,True,1633,47e3d30b3f14585dbe8c273334852ec203a0ea316689010b2ee70b7c6d5444f8,af48d02d9b36dc32,256,256,RGB,JPEG,16428,3
Potato___Late_blight/a84f32fc-ec8a-42e9-9f43-9efcf6493199___RS_LB 4884.JPG,Potato___Late_blight,True,1634,ae847640d9e1a74e43e7249e9732958c2f98f7011884f037c28d3b9708dd8a01,aba5e41a87385769,256,256,RGB,JPEG,17281,2
Potato___Late_blight/a88a6388-09fa-4cfc-a82e-94d5fd3b4972___RS_LB 2748.JPG,Potato___Late_blight,True,1635,d71f3211c5a3760ccf8b0bb44dd4353c51c1c15df827ca3a8ac2fbdcf3d759d8,efc0b48665da16c9,256,256,RGB,JPEG,17242,3
Potato___Late_blight/a896e0bb-67a4-4762-b74a-1c58b14622b0___RS_LB 5013.JPG,Potato___Late_blight,True,1636,ff62b1a32acff4b88f4e8d812fb1d26f9417dadfc165fe1b81abe5c95612ae9c,af1fb45aca31c861,256,256,RGB,JPEG,15507,0
Potato___Late_blight/a8db407c-12cb-460c-991a-8f60d20c06bc___RS_LB 5117.JPG,Potato___Late_blight,True,1637,166e9ed9e8c14f6e0991feff712537a6d18363acb1771e738b86b3ced772abf4,abb994d0c2619ec7,256,256,RGB,JPEG,17221,1
Potato___Late_blight/a8f16f61-a090-4b29-9569-5e7d0e17fda5___RS_LB 4460.JPG,Potato___Late_blight,True,1638,0f8e598c025bcbd0c4f951695ca0fbff0a182ce72715c38447ce94b5e2e466f8,aa8df417c9689cc6,256,256,RGB,JPEG,15284,4
Potato___Late_blight/a904edc1-4c4d-4171-a46e-ae914010884b___RS_LB 4373.JPG,Potato___Late_blight,True,1639,0cd3f2585e100f6e9c173fb0517326d922435b100749b1f5252b26882eff78f4,b9e9c206de2b7234,256,256,RGB,JPEG,15120,0
Potato___Late_blight/a9c8a264-33be-48f1-bd1d-2cc6c9c8e247___RS_LB 4888.JPG,Potato___Late_blight,True,1640,5564501a21cc8a98777a5a74e52f273b1bb700c4e864c68f3a5e74658d08b5c9,fac0a18f8f1cb8b1,256,256,RGB,JPEG,17550,2
Potato___Late_blight/a9d4290d-55a1-4a8d-83a8-5277a00e5fbc___RS_LB 4076.JPG,Potato___Late_blight,True,1641,19bfa589b7afafe8f89eae461b07a4887a234fa92e06e5533ad03700157b33e5,aa95d0dacde8c4e2,256,256,RGB,JPEG,11452,3
Potato___Late_blight/aa246de3-c183-4133-b4a9-2eba3fe3ae56___RS_LB 2951.JPG,Potato___Late_blight,True,1642,ce0a3df9ce3ba37fe5ecbdc9d2d6c0c6ea122a3810a74a93d106f99b50ab9777,ed37925a8569d88c,256,256,RGB,JPEG,14533,4
Potato___Late_blight/aa58c1c8-82a1-4e68-9ecb-3cd47341d09b___RS_LB 4331.JPG,Potato___Late_blight,True,1643,258556e029771019c83ea5012d13184c8e0243fa9f63c3dfa3d617c13e05f457,b862e64d9b8c9497,256,256,RGB,JPEG,10935,1
Potato___Late_blight/aaf6fed2-0c7d-47b5-99df-bb6950092fe5___RS_LB 2723.JPG,Potato___Late_blight,True,1644,25277c3cb007c63851e13e120fd39c69708eee9f379c3dd40cb9880bc4a243d6,ea91e9968492b637,256,256,RGB,JPEG,18787,0
Potato___Late_blight/ab72ec63-290e-4e95-ab0a-b551ed44ab3b___RS_LB 3286.JPG,Potato___Late_blight,True,1645,872e506015f282d1367b9eac1387d2ce6768ac10a6231f31c6903e6406f5e782,f12ca4d1cac88fa7,256,256,RGB,JPEG,18374,1
Potato___Late_blight/ab9b15fb-d4cc-4d67-a5bb-8b88f066c1db___RS_LB 4825.JPG,Potato___Late_blight,True,1646,559fa87ef439ddd1db655fb948a974f22c9bda076935c37c7e772d4bc22dcd07,aad2f403d23fcb44,256,256,RGB,JPEG,17972,0
Potato___Late_blight/ac35ccac-2c52-4af5-b0e3-3325f45e2c97___RS_LB 2749.JPG,Potato___Late_blight,True,1647,4b8b5c4bc0d89631f714faa78dddbaaf0d765eb8e7a097f741c73fbf64588609,aaeafd80949798b8,256,256,RGB,JPEG,19612,2
Potato___Late_blight/ac42817b-71f9-4336-ad8b-bdfb4b27a64a___RS_LB 4782.JPG,Potato___Late_blight,True,1648,cdb7721b9353806823d81aeb17a64b4cc4d4e003bbd2f7a71a7808e6a8c75d63,b3b3e483c19ec958,256,256,RGB,JPEG,19014,3
Potato___Late_blight/acd7a42b-15eb-40e4-823c-49eff6b4e95e___RS_LB 4636.JPG,Potato___Late_blight,True,1649,e91a9360d174cca099c158be33e4cfe5f4d7f2e358d8d0babcdae8a7d390a5a3,ac3490cafccd65b4,256,256,RGB,JPEG,14102,4
Potato___Late_blight/aceeb511-1332-4d25-b9fe-64d53445396a___RS_LB 4837.JPG,Potato___Late_blight,True,1650,eeec024af944d5c3d3246040072ddad44702196e1e18e87c16b6e32b6b9fe33d,febf91d08a4984c6,256,256,RGB,JPEG,18547,2
Potato___Late_blight/acf05b32-0d7e-423c-96b2-f78b6fdf975d___RS_LB 5309.JPG,Potato___Late_blight,True,1651,5ae8d844f4d8f58d25a66ab6a8a2a0f0378712d5886b9dab0928e673a82a47e4,aa17955acee3e064,256,256,RGB,JPEG,17461,4
Potato___Late_blight/ad2396a9-306e-4ca9-88dc-56b2bde77c6b___RS_LB 2755.JPG,Potato___Late_blight,True,1652,0daf2197dcba41350f438b7c9392727abfe5b2da26597f08bcd3c17da107d415,eac4a10b966cdab6,256,256,RGB,JPEG,16726,1
Potato___Late_blight/ad628434-32ce-4365-90b0-f394d98fbe00___RS_LB 4905.JPG,Potato___Late_blight,True,1653,273ac06bdb5a00bd46d0486fbab667baf78ee27531dcd9b8e0b8ba3063f01175,af6ad0258bbe1c38,256,256,RGB,JPEG,19405,3
Potato___Late_blight/ae20cc4e-fe37-48f0-9566-2d2efc5afd38___RS_LB 4290.JPG,Potato___Late_blight,True,1654,81ec0c0c09877846e4f6e328badbcfaf140b792e60f23c0ff2955ee5dd1caa2c,837cbc83cf1a7036,256,256,RGB,JPEG,13141,0
Potato___Late_blight/ae52f85f-bce0-4fb9-a109-009e099a72e6___RS_LB 4972.JPG,Potato___Late_blight,True,1655,a4da6d5234d8343e8a170e8f0c4f00ee4f4ceb6e65d82846c2fed22358ff68f1,bac3a59e921ac369,256,256,RGB,JPEG,18736,1
Potato___Late_blight/ae5b08fa-25b7-4006-8b1b-2415356b3847___RS_LB 5453.JPG,Potato___Late_blight,True,1656,ecb04ef6a3e79b278b33168a3952af5b0ea8dd0766b7fb859e4aefba54a7ff02,e2c99d33c65ce126,256,256,RGB,JPEG,14545,2
Potato___Late_blight/ae805316-66e9-4aaf-b938-8460734b90ec___RS_LB 3004.JPG,Potato___Late_blight,True,1657,0f5ab057965d705de300054fe02a2c74a0eae43bf0e27859059bda0c2be2ce33,bab16dc4cc9ab093,256,256,RGB,JPEG,15070,3
Potato___Late_blight/ae80781d-725e-486e-9677-4149b0d751ef___RS_LB 5442.JPG,Potato___Late_blight,True,1658,b6f3c8cc8237d29114dbd75d3b1a3faaf7f12460b2d2b625b6754c3dadc58b82,ebc2942df2859c36,256,256,RGB,JPEG,14083,4
Potato___Late_blight/ae966e38-73b3-47c1-9421-20ac2f570f46___RS_LB 3240.JPG,Potato___Late_blight,True,1659,6d959631f00c1bee37887e4088b43dfac9c51985e7ac57691486bf087eab340c,a897c168dbe5b44a,256,256,RGB,JPEG,18405,0
Potato___Late_blight/ae9e4c46-171c-460c-a37f-ddf13c260411___RS_LB 4961.JPG,Potato___Late_blight,True,1660,c7bf85d3b3c1906d30fa5447f04214cf9566f6f45ecc411466e69940df8a7d64,ef4ac00d9b9e9992,256,256,RGB,JPEG,19221,2
Potato___Late_blight/aec94baf-a0e8-43af-80af-4bab46d84ad8___RS_LB 5100.JPG,Potato___Late_blight,True,1661,7318266dd91e9b367d58c233589de4074230b185aed417463bdc2297b64e8fad,fec1828b9c98b1e3,256,256,RGB,JPEG,18893,3
Potato___Late_blight/af13137c-1561-4c1c-b85b-5ec8930f2b38___RS_LB 5425.JPG,Potato___Late_blight,True,1662,b2b1f87808e848064f71f478c1a1f205bc2c600a0b9e4ac09f5dc0ab24c7303a,fab58dd290ccc2c9,256,256,RGB,JPEG,15023,1
Potato___Late_blight/af17b876-b0e7-43ce-95e8-8591066dfdc9___RS_LB 3976.JPG,Potato___Late_blight,True,1663,f5ac28a93108b429b001f936201f4431717f55be00377795c2fb0eb0a8a5ec93,ab13c56a9ecde0c8,256,256,RGB,JPEG,15791,4
Potato___Late_blight/afc0f88e-8a22-44d1-8575-8945058360c7___RS_LB 4895.JPG,Potato___Late_blight,True,1664,6573ee5c3c8760b104865cb764720c0e5be4ed761716576e696c7748d0160023,be8fc0d4ca60a567,256,256,RGB,JPEG,18897,0
Potato___Late_blight/afcad9ca-9bd2-4c7b-b034-2b3d0360ac30___RS_LB 2741.JPG,Potato___Late_blight,True,1665,a2b78c15301d98ddcaacde56648ae08260667460743c5bcad4386fddb645a81f,eacd81d2879c962d,256,256,RGB,JPEG,19970,2
Potato___Late_blight/b0137e92-ce1b-4523-95f0-7a827c206ee0___RS_LB 2913.JPG,Potato___Late_blight,True,1666,15815a3fb74bf6f9e1067cd8049d58c8bd542a2b610879bf6a10433a42a9fda4,ee62c48d933cc96a,256,256,RGB,JPEG,15342,3
Potato___Late_blight/b03529cf-21fd-4c94-a948-461a8d17e01c___RS_LB 4828.JPG,Potato___Late_blight,True,1667,da61a911798aa483b2a7937a7b94c65fdcc824a98cc83d4a62813f570d1a00ca,fb40c50f983c9b35,256,256,RGB,JPEG,18552,1
Potato___Late_blight/b0945b27-3331-4f03-b1c9-1465e12577aa___RS_LB 4355.JPG,Potato___Late_blight,True,1668,9ebc76e3089a3f707c3e8a74b09ac8e4ffb5d78d316570902c4dc3cd637b76f1,f85394e0cb9e6748,256,256,RGB,JPEG,15177,4
Potato___Late_blight/b0db9fbb-ff7f-4b5c-901c-19c7797c1d4a___RS_LB 2969.JPG,Potato___Late_blight,True,1669,a13a14cc76c8538ddf995809c69816381c36a752d72135951b5247e821eff39a,aac2f52dc3f48591,256,256,RGB,JPEG,17286,0
Potato___Late_blight/b0e6c386-35dc-4982-acc6-f393c7f58c67___RS_LB 5036.JPG,Potato___Late_blight,True,1670,2c7ff77197287705f3df5b6a3230aa352e33ad8cf00be3a059938f260ae99bb1,fe66e007973a8e50,256,256,RGB,JPEG,17551,4
Potato___Late_blight/b0eebb8f-c322-4b56-8897-2cc98d474440___RS_LB 5286.JPG,Potato___Late_blight,True,1671,c99bc2ca175a951ff6fdb48169687e5e253a7510458e818ec0ad72d231a7950b,abf1b091cb88cdcc,256,256,RGB,JPEG,14592,1
Potato___Late_blight/b101bc59-5734-4c39-896f-de29d98b1dce___RS_LB 4702.JPG,Potato___Late_blight,True,1672,b0bb79cdbe6b73cfb4cf767adea77227892b747f5e77daa1868b44ea9c2915ea,eeb0e293934a9a2d,256,256,RGB,JPEG,14227,2
Potato___Late_blight/b11189c8-ab6f-4d69-9ffa-e52749d2a3a5___RS_LB 4537.JPG,Potato___Late_blight,True,1673,6f643b11df1fb49a58d7400390d16e46233d5b3fbe29a313926cac4009cbac77,fa95c23a9dc3609c,256,256,RGB,JPEG,15175,3
Potato___Late_blight/b14b93eb-5c1b-4df8-a30f-17afd953e7fc___RS_LB 4101.JPG,Potato___Late_blight,True,1674,825f491b5403713d32aca09243ab49090dbdd12be686838311b1da1b1f953960,bb1fc670dcc9c0a4,256,256,RGB,JPEG,15956,0
Potato___Late_blight/b167bd40-798f-4e70-a735-f191350dd057___RS_LB 4017.JPG,Potato___Late_blight,True,1675,9e3ae0323b8dd029cb619da3d62418eb73973f06897a3e49f4f76f6ed6104c22,af17955acc64b063,256,256,RGB,JPEG,14002,1
Potato___Late_blight/b22a71a5-31a9-40c5-a3df-313e52748a61___RS_LB 4610.JPG,Potato___Late_blight,True,1676,0b9a85d0ede35df2e7d864056642f9141d7eb7e443b29e8e962da9cccfe429b0,aa3de462c3cfcac0,256,256,RGB,JPEG,14744,2
Potato___Late_blight/b2492a9e-c038-48a7-8524-8f0aca7dc870___RS_LB 4291.JPG,Potato___Late_blight,True,1677,b9b7a1fe17362b41f497f1b44650d041db1c7ad0a505b4fb7214031215521e1c,ef5cf0678f989210,256,256,RGB,JPEG,19591,4
Potato___Late_blight/b294595b-8950-4e5b-8dfc-2ad9ca2c5e0a___RS_LB 4475.JPG,Potato___Late_blight,True,1678,a5367cf34fdc726b3b67c128820118244189dfc1ae693b19499f296abc6abd41,bf9bc46e91c17241,256,256,RGB,JPEG,14277,3
Potato___Late_blight/b3123a68-bf01-4d71-a561-e1e7363a6419___RS_LB 2586.JPG,Potato___Late_blight,True,1679,9aa32cee5fcaee2b13e9f34ce75cdf1bed28dd2bb0a401c173576c15416b7794,eac2b18f902cdb66,256,256,RGB,JPEG,16401,2
Potato___Late_blight/b334273e-833f-48fc-b6fb-7d7a31e1a541___RS_LB 4112.JPG,Potato___Late_blight,True,1680,e42cf0d1069f08684d327a2dee7dff7846d880af400d70f68ae33cb901512f7a,ae4ac33dd9389133,256,256,RGB,JPEG,12132,0
Potato___Late_blight/b340ff00-3d44-4394-90c5-797dc39f8389___RS_LB 4953.JPG,Potato___Late_blight,True,1681,8639e6f19d5a05fd96c901c7c7394932756f8bb703470c17498bac30d19435fe,aa358542dacf75c8,256,256,RGB,JPEG,19018,1
Potato___Late_blight/b367b969-aec9-4555-9ea2-0a982b38be62___RS_LB 4682.JPG,Potato___Late_blight,True,1682,503f5e65a61431bd4e929299e322afefc5bf46913da67e5f0cfa13b37c4ec5a0,ab17c468b466f0ec,256,256,RGB,JPEG,17093,3
Potato___Late_blight/b3e1ec14-6de4-4afc-9ceb-254469c8ce15___RS_LB 3910.JPG,Potato___Late_blight,True,1683,efb485e38e39380d8216d1856cfbc0779ce24e9ee46ff277c323b8723aa08b55,eac895879e399136,256,256,RGB,JPEG,16950,4
Potato___Late_blight/b402845e-5414-423e-9f6d-29e3bdbb505b___RS_LB 2825.JPG,Potato___Late_blight,True,1684,5f31c5c9d1bba2764b9251033a7062d69886a23d517165b9e5cc9d711da78644,df5ae8ad8522b485,256,256,RGB,JPEG,13770,0
Potato___Late_blight/b41284a3-27e9-4f0c-8946-4deb0b8fc238___RS_LB 2839.JPG,Potato___Late_blight,True,1685,adb951078728739f757f314f8194f2bf13a0205965283165f3c0c47537284f37,efd0b50fd2149a32,256,256,RGB,JPEG,15800,2
Potato___Late_blight/b469e38c-ef99-4ed1-b294-1e65727138fb___RS_LB 4056.JPG,Potato___Late_blight,True,1686,9b97ee79d4e67c4372cb75d224c0d2e116a622bfff664e22694e8bec2f873bf7,ff9fc1c0c863b026,256,256,RGB,JPEG,11118,1
Potato___Late_blight/b4adb8c4-2cea-4027-b0fd-528406b14c86___RS_LB 4066.JPG,Potato___Late_blight,True,1687,a201c821ec14d6d3d0f62ee5019ae21459fbd2012fe94680c2c7278ec49568ee,fa05a15f87789668,256,256,RGB,JPEG,12412,1
Potato___Late_blight/b4e52186-de58-4c06-bbd2-2fb3dbeda13e___RS_LB 2655.JPG,Potato___Late_blight,True,1688,b80894ba784998a663edea02320058a0dcb15a9354989525419cb4b9c1749e2a,de41a20a95abdabc,256,256,RGB,JPEG,18603,2
Potato___Late_blight/b5190917-8638-44bf-b16a-8004d2b6a58f___RS_LB 5241.JPG,Potato___Late_blight,True,1689,35f871c92098cbb24f575cb52282af7327a5f6c6981d5bb85b6cf5cb7b46ae8e,ffe8e009c3079c96,256,256,RGB,JPEG,15979,3
Potato___Late_blight/b5442887-db0b-4b94-a6f1-18505731a599___RS_LB 4969.JPG,Potato___Late_blight,True,1690,fcdf414a81bfeb8c5648666e882d6820d0ac76264fea335684013236f8936581,eac2879d98b023b7,256,256,RGB,JPEG,17504,4
Potato___Late_blight/b574ad16-1c07-4f70-bf1d-e2314d2dd81f___RS_LB 2849.JPG,Potato___Late_blight,True,1691,861919a361293c0f35e223df7a4d66d21dcb07a640a70b3cfcf624b73f868781,ab0df4f8c8718327,256,256,RGB,JPEG,16848,0
Potato___Late_blight/b57c6336-3be6-4021-b240-8547da86d218___RS_LB 5007.JPG,Potato___Late_blight,True,1692,a2218a1c3e946430c314cc8e328730aa689342210b8d267f0ddc871bb5ad4d9b,be1e957ed86008e5,256,256,RGB,JPEG,19216,1
Potato___Late_blight/b598f9a7-b582-4fef-9c3d-cc985f2f9c03___RS_LB 3294.JPG,Potato___Late_blight,True,1693,daa21a6cc619dcc906b04cd6017c2c47f3a6ef0675069be2efe981307fb16b7d,ff2fa0509ac995c4,256,256,RGB,JPEG,19733,2
Potato___Late_blight/b59e4b5d-4ef0-4b8f-a111-ee745e3d0334___RS_LB 4891.JPG,Potato___Late_blight,True,1694,bd0115e34e0882b88c5ea138e3ef9100384690b9efeae07683edb819136d79a8,af6bf080c3e78516,256,256,RGB,JPEG,17214,3
Potato___Late_blight/b5f127d1-1b1a-4baa-9158-58cf4b679990___RS_LB 4488.JPG,Potato___Late_blight,True,1695,11c949c113e8a053666ccf382d88ed6a868a94e547f1d7c8eb50095d26728371,ea6cb4d2c3169e83,256,256,RGB,JPEG,17040,4
Potato___Late_blight/b64e4518-147a-4a75-9f9b-33db8902aa12___RS_LB 3202.JPG,Potato___Late_blight,True,1696,e6918265a79546d4f1610ba31b7879b62e5319cecc8c1b99bede6d1d72d605bf,fae087adcc189693,256,256,RGB,JPEG,17967,3
Potato___Late_blight/b65fddcf-cc40-4632-a0c4-70fff2f68009___RS_LB 4481.JPG,Potato___Late_blight,True,1697,f8bcf73f920d8b0dea01b721d421fbc0956e0a93a36cf6dd47fe46a344eb3b95,ad8df33d44b08c63,256,256,RGB,JPEG,21840,0
Potato___Late_blight/b69f17e7-b4e1-4911-91e4-01976bacba2d___RS_LB 5053.JPG,Potato___Late_blight,True,1698,8226c4b2e4dec3d8148bf176e8a8fb3f9c9eb17250a32a90f098b8e1f9cb3ae6,b99c84d2c36dcd64,256,256,RGB,JPEG,18236,4
Potato___Late_blight/b6ad95ed-8f05-42a1-ac35-581696454497___RS_LB 3855.JPG,Potato___Late_blight,True,1699,5fc5e6a0d8ca8b493a283ac1cfaf95ded5da9b09d6ea89f4804bcbf99ce0b342,fe65f010d25a5b19,256,256,RGB,JPEG,15193,1
Potato___Late_blight/b6b937ed-f629-4136-8d5a-38b734f7f662___RS_LB 4595.JPG,Potato___Late_blight,True,1700,42a115f2ed81ac97ea84454a95f3f1bd69157e5ba252c28bfdb203a19bd89bad,febf88d0c1c08667,256,256,RGB,JPEG,14624,0
Potato___Late_blight/b74d0fd1-9af7-4053-8538-ee937236a64d___RS_LB 4918.JPG,Potato___Late_blight,True,1701,297ad7c91ea4fc69f9be948537d4950eaf98e05675917524e9f871328ad520d0,aa1dc55a8f61f462,256,256,RGB,JPEG,20737,2
Potato___Late_blight/b811c2af-734e-4689-aa43-4ab1d4faec32___RS_LB 4719.JPG,Potato___Late_blight,True,1702,dad3e3c94f16e53782271ee5e1923b47114246870e16df71562ba6da30fa80b1,a6a4f2b6c0d28dcb,256,256,RGB,JPEG,15083,2
Potato___Late_blight/b86274d3-554a-495d-8304-76484e3c4d15___RS_LB 4442.JPG,Potato___Late_blight,True,1703,8a51d5e33d1b86d1146ba325cdeadee487ed2dd662ffa0e6f52027bb6d1ca51d,bf66c099634ec91a,256,256,RGB,JPEG,19406,3
Potato___Late_blight/b86630ca-89d0-4f83-9942-c1bfcce6b06c___RS_LB 4339.JPG,Potato___Late_blight,True,1704,cad76cdd563cedd1841b6b6b03ae3ce289531aede66d20217724ca186a4024d1,e896b0c2a729cf3c,256,256,RGB,JPEG,16279,4
Potato___Late_blight/b89a9e11-b184-4b4d-bc56-5f27a2626982___RS_LB 2512.JPG,Potato___Late_blight,True,1705,ae45dc96b15dd9b173dd3ac56ab667192e034284f24b53f5959b0e6f3af28360,f7c2aaad9c159252,256,256,RGB,JPEG,14354,1
Potato___Late_blight/b8b4064f-208a-46f9-b13e-5096fdbdb429___RS_LB 2591.JPG,Potato___Late_blight,True,1706,c0660fb8394abc77c7f5999de90a1fdb4c6678c4de1c2c114a6c08914bead454,fa60890fc52c9abd,256,256,RGB,JPEG,15080,3
Potato___Late_blight/b9302a2f-a369-4b05-aed6-632287f42ed7___RS_LB 4452.JPG,Potato___Late_blight,True,1707,b9b857b998526d66d732610077cb08497bb013b0d423b23b3aa57b658c4768d6,ebb160c63cd83b61,256,256,RGB,JPEG,16104,0
Potato___Late_blight/b9474ec5-5a67-4207-98ec-5671c19f8f59___RS_LB 2545.JPG,Potato___Late_blight,True,1708,05400506e601d5c44ff59f8c862abed578fc1b1bb7b723387a7319bb8cac003a,fa42850fd67c9b30,256,256,RGB,JPEG,18786,4
Potato___Late_blight/b9939f3e-c71c-4653-acff-109a8266dddf___RS_LB 2787.JPG,Potato___Late_blight,True,1709,e15e69c27da52b88f9fae8f6888b0e38e823a9838c01826b389799d9fdcc6650,aa85f0dec3709c33,256,256,RGB,JPEG,16610,1
Potato___Late_blight/b9ad8d86-aadb-44b4-9bba-d6adb446afd7___RS_LB 5188.JPG,Potato___Late_blight,True,1710,58b462321d9a52fbfc937da37fa02c849050c9c4ef30870b2d1d47bfa8aacdef,bac2859dd993a433,256,256,RGB,JPEG,17222,2
Potato___Late_blight/b9aecfc3-98d5-467a-8773-ee2905918c71___RS_LB 5161.JPG,Potato___Late_blight,True,1711,6bbafd54b588bc1078366747b607e5a352694350d517a47358cbeebaf1630e22,ea01f55ee1328772,256,256,RGB,JPEG,16621,0
Potato___Late_blight/b9cde1e2-71f8-46a2-9fa4-0bfc7d16815f___RS_LB 2610.JPG,Potato___Late_blight,True,1712,0da998eae3310e290744240877f36b1437f26df6834354efb59b19d94c73c2d0,be07c358cc72ec62,256,256,RGB,JPEG,15887,3
Potato___Late_blight/ba15e1af-3f3a-4eef-8be1-4f0a221444fd___RS_LB 2866.JPG,Potato___Late_blight,True,1713,8d77c2abc869e77550f68a013b23af745a79adcb31882ff8ce77cecb897dfd3d,deb4e0c2170dd656,256,256,RGB,JPEG,15120,4
Potato___Late_blight/baac20f4-7978-4258-8cd0-f3f8fe98bf83___RS_LB 4774.JPG,Potato___Late_blight,True,1714,7f8debc64ccd276f60303696c60723fa37dac2c6f1534d3e6f2689bb7e4022f0,ff9ee0308562ccc3,256,256,RGB,JPEG,14458,0
Potato___Late_blight/bb1949c9-c779-4490-b1cc-d82302bc1df9___RS_LB 2901.JPG,Potato___Late_blight,True,1715,cca0d5220098aae30c41cd72cb8f00e392118c38802310d7f08b1be084094e0c,eacae18f9c9cb085,256,256,RGB,JPEG,15783,3
Potato___Late_blight/bb19c5f3-2937-4c87-b964-d922088f4b19___RS_LB 4950.JPG,Potato___Late_blight,True,1716,2c4ad80e1beb31a30dfc6f4e053af1fc7ee59dd5eae25d49231402374f16570e,aaca852d9b348db3,256,256,RGB,JPEG,17195,1
Potato___Late_blight/bb3049f8-7377-4610-b13f-8daf6753bda7___RS_LB 4031.JPG,Potato___Late_blight,True,1717,f6b7577a0976abdf7d9d54b5d2b6c003be70adccf24b37fdbd5ced4a6a8a6fb1,ffc0800f963dca36,256,256,RGB,JPEG,11073,2
Potato___Late_blight/bb4aa884-a811-4229-bfc0-1df1e7330877___RS_LB 5049.JPG,Potato___Late_blight,True,1718,bfd24b16c37b6d13766f6b6a6685652a5854af47706df2c804eeaa3046f5c572,fb69a16dc52c9e20,256,256,RGB,JPEG,17953,4
Potato___Late_blight/bb81b8a0-3d1e-4cef-aeb5-31ac32f1761a___RS_LB 5268.JPG,Potato___Late_blight,True,1719,808b806fd2a263d28a2ac4585bc90c82e6b99d54a96c96d4be075494fcc1e0ee,ab31a5429631cb6f,256,256,RGB,JPEG,18890,0
Potato___Late_blight/bbdf98a1-9e54-4afd-bdfc-870d91627a52___RS_LB 2853.JPG,Potato___Late_blight,True,1720,5e8426dd51a2512a5ac777dd29115a2a1cc53a2b24ecb0d91a0b67af35579efe,a9adc4d2c399276c,256,256,RGB,JPEG,15733,1
Potato___Late_blight/bc53f0fd-df00-42c6-ad50-aef25d2c6f7a___RS_LB 2954.JPG,Potato___Late_blight,True,1721,903ee19ef5cdde8157f48fe2d0bf19ee5438acae2479f1ad3d505eb0fd42deae,fec5e4ce94689831,256,256,RGB,JPEG,15184,2
Potato___Late_blight/bc5b403e-ecc2-4fde-bafa-9b8698e4545c___RS_LB 4448.JPG,Potato___Late_blight,True,1722,d48502e1cef16e9d19df6f7cc91c87ffb6d633e93bab23e4710eb5aa797053ed,efc0b2c2959f9035,256,256,RGB,JPEG,18760,3
Potato___Late_blight/bc91cb1b-aece-4108-92db-839a106351a5___RS_LB 3087.JPG,Potato___Late_blight,True,1723,ed64b2ed16677030b4577b9dd77a90d7e9ee7f6301137b3ade3a0fe1df06f4fc,ea87a49ec45a9539,256,256,RGB,JPEG,16197,4
Potato___Late_blight/bd586e94-fa36-4aed-be05-7a0028d40118___RS_LB 2650.JPG,Potato___Late_blight,True,1724,666b10dcfb29f2e401b1c59d3cfb3aa67375650c9d656af008f1bd36b3bdd93c,bac89527ce3c7813,256,256,RGB,JPEG,14849,0
Potato___Late_blight/bd632f59-ff1c-452f-b504-053fa95ab000___RS_LB 4356.JPG,Potato___Late_blight,True,1725,82f33383601fbbecce39ac4e2ea316da4d1fa8fe69ccef1164f65180ad729ba9,eac8b4cd9998633a,256,256,RGB,JPEG,17644,1
Potato___Late_blight/bd70c718-5846-42a1-8b05-22792ec98738___RS_LB 4992.JPG,Potato___Late_blight,True,1726,343cd1230ab47a95555965cbfc783141250d4b7a735f0b8d4372975976ba381d,abf1b483c29bcb18,256,256,RGB,JPEG,20396,3
Potato___Late_blight/bd94e2a1-d503-417b-8552-f252a5665476___RS_LB 4006.JPG,Potato___Late_blight,True,1727,43ea1cef8d3521bf5ed6b333c0a5546a4c640e5a2bd999d91fe72bbb75ed69c5,f80da75c9c329a33,256,256,RGB,JPEG,15792,2
Potato___Late_blight/be013aee-1311-4679-ae86-1c6fba5f55e5___RS_LB 2799.JPG,Potato___Late_blight,True,1728,b429636e764db64dde40ed6e5a8347daf181700ad7b61d63b3aafbea0a6d2383,eac0a54f923cdb32,256,256,RGB,JPEG,17185,4
Potato___Late_blight/be6b5fab-c3de-4d33-b7fc-87bf794d8705___RS_LB 4850.JPG,Potato___Late_blight,True,1729,8d07eea3a6bb6a66715214f9a9f729677bd7d057554bb61e7bd0c00bb03c7c19,eb9f95d2d0c8c461,256,256,RGB,JPEG,19366,0
Potato___Late_blight/befda082-9237-4371-bd11-5d3513a365a5___RS_LB 2608.JPG,Potato___Late_blight,True,1730,3c67c1f7d06cefe82b1419f719539d4d35692b7a62bd38aa88f0ad1550182de4,a8f2b19bca1cc4cd,256,256,RGB,JPEG,14745,1
Potato___Late_blight/bf07f2b7-6ab3-4192-a418-ecabc32a11fe___RS_LB 2576.JPG,Potato___Late_blight,True,1731,f7e898a7920586b7b10ae8c27122651b822e4e2b84fbf94f0ec5abbe2983f886,8bfaf001c897df28,256,256,RGB,JPEG,15474,2
Potato___Late_blight/bf6ce80d-ca31-4d72-b56a-dbd6e6f2847a___RS_LB 4022.JPG,Potato___Late_blight,True,1732,ee154c8a8b18e938f14d260af42005b0c4f4a223fb42b3f914f94de16619e772,aebf82d8896b886c,256,256,RGB,JPEG,16043,3
Potato___Late_blight/c008d8a7-aa55-400b-ad6c-f4fd7654c516___RS_LB 5242.JPG,Potato___Late_blight,True,1733,5173c52c778b4a8086d5ba886f07df5dfd22e62c2b25c3a965665fae67d37113,febda87095c2c0c3,256,256,RGB,JPEG,15174,0
Potato___Late_blight/c01daf14-9595-4b10-974d-3452fe133060___RS_LB 4463.JPG,Potato___Late_blight,True,1734,5258573c3b349f4577e85e5d5c384e63b6f6297eae93c9a8c06ee5401039ed57,e4ce9c59d1a3464d,256,256,RGB,JPEG,20571,1
Potato___Late_blight/c073bdde-9753-4035-8758-31fdc7cae993___RS_LB 2916.JPG,Potato___Late_blight,True,1735,50ec4a28d519359152db5ef960a2666c12083d60edd10689d25dffb981ec9477,eacac58d989c91b3,256,256,RGB,JPEG,14904,2
Potato___Late_blight/c0a69909-e94c-4155-a008-20b5445c56d7___RS_LB 3909.JPG,Potato___Late_blight,True,1736,782de59cdfec42d6bee64c9ca7b2e7e996b4c943376582b43fea0d1ff7eaf9dd,e87081cf974edaa1,256,256,RGB,JPEG,15932,4
Potato___Late_blight/c0aeb29d-b504-47b5-aa5f-940a4f3b4e89___RS_LB 2972.JPG,Potato___Late_blight,True,1737,2acfc931658d7f9b35dab3539b2043af4f7f60d6a3c9e0b2f5c488a0ec59460a,ff55e04a91ad8ab0,256,256,RGB,JPEG,15990,3
Potato___Late_blight/c0e1bf8b-8b3d-4e00-bbd7-dc134dd9ca42___RS_LB 3234.JPG,Potato___Late_blight,True,1738,23a0139691fceddee89aec3581cedddb2e1d97f4d9a46b49fa4792d1678d7c64,bf35d058cc70d863,256,256,RGB,JPEG,18544,0
Potato___Late_blight/c101232e-6487-495c-ad3a-27cd1e5fb2b9___RS_LB 2573.JPG,Potato___Late_blight,True,1739,98c60d87b7922550d745e46c69a9852ebc7059cd70503391514f8a76871b50c8,fe68810f9c3dd035,256,256,RGB,JPEG,18653,1
Potato___Late_blight/c1389cbc-d327-478b-92b3-550c3210ed5a___RS_LB 4025.JPG,Potato___Late_blight,True,1740,1242362b40a112bcdfa108f428fd4574d9bf5f7a8b886d715bd787e9adbcf6b7,e0ca95bd9ab48936,256,256,RGB,JPEG,14053,2
Potato___Late_blight/c16b698a-77b9-48f7-943a-457d475242ef___RS_LB 2918.JPG,Potato___Late_blight,True,1741,4cfa916aaf8984df2fade615a8e60ccd8151273bdb9cb3cb9e7f6c1a77574501,a26ac595c9b7a48d,256,256,RGB,JPEG,15665,4
Potato___Late_blight/c18a017c-262c-41ca-93f3-8fc97ffd7043___RS_LB 4770.JPG,Potato___Late_blight,True,1742,8a16bf5b3c05251cdc06a77c7ed3f002b895aa61c51a8bce824af5a210b44932,bef0e080d337dac8,256,256,RGB,JPEG,13406,4
Potato___Late_blight/c206ebe3-c06e-4eb9-a537-a719cfa1e3c0___RS_LB 5140.JPG,Potato___Late_blight,True,1743,4e60b06cd52b66c37c29a4f4e879b69d67320c7c579c1c542b5c3768ea753251,ba19f546ce68c994,256,256,RGB,JPEG,16183,3
Potato___Late_blight/c268fd1d-0a6d-46f1-bbcd-81b4e79894e6___RS_LB 2808.JPG,Potato___Late_blight,True,1744,c3325f76ba659c5f43797442c340487b2f382c87606221cd02d489d333c42249,ba4ad0a589ba96b5,256,256,RGB,JPEG,19356,0
Potato___Late_blight/c3134b97-50a1-4aa2-937d-1e15405b9803___RS_LB 4565.JPG,Potato___Late_blight,True,1745,c4670a3ae174e08a1309a74eaeeffc2bd52b4ed477341f0799954c251083901b,ee25b49a99496d64,256,256,RGB,JPEG,17920,1
Potato___Late_blight/c3cd2ad3-174e-48b4-a7a5-ce63be745fd5___RS_LB 3243.JPG,Potato___Late_blight,True,1746,e655a2e5e0c614eff2101d937e183ad3875931a2cc32822b500acceb9f73d012,ff1be0509f68c04d,256,256,RGB,JPEG,19895,2
Potato___Late_blight/c4263e49-60ed-4f6b-aa78-cc9f3117ce73___RS_LB 4100.JPG,Potato___Late_blight,True,1747,d4136a190dd466f8eb5ee96a70d46787dc81ea8c091ace301cc65bd5026cf730,ad29d226c11f6e3c,256,256,RGB,JPEG,15967,0
Potato___Late_blight/c48719ce-1230-465b-b481-177b7e0f7074___RS_LB 3835.JPG,Potato___Late_blight,True,1748,6e58b7dd35baac5c4dd546023da09ac1797c01fff86c5056e407e303616247db,aadad520ca17ac9e,256,256,RGB,JPEG,11537,3
Potato___Late_blight/c4aec622-2e7b-49f6-bab3-6c4dce29f155___RS_LB 3118.JPG,Potato___Late_blight,True,1749,f3cf090a7f6ce9839b394f36ffc2e3591f9db1bae74fc6050faac3460b84016a,e2c6a998b593358d,256,256,RGB,JPEG,17499,4
Potato___Late_blight/c4c1c25f-0594-4c81-a1e0-a609ee1f0808___RS_LB 2653.JPG,Potato___Late_blight,True,1750,ae14e09dbea1bc44c3c3a992f6a6503cd34c5e12aaaaa56ad404a6591a321592,bab295c1c09ecb9c,256,256,RGB,JPEG,19106,1
Potato___Late_blight/c58de13c-b59d-4497-ae5a-08b425919b64___RS_LB 3116.JPG,Potato___Late_blight,True,1751,6c9280bda90dc79c6364700d3826e6988c0d70c2ff5598f4400524b05573e85e,fd21aad5c5509f0a,256,256,RGB,JPEG,18563,3
Potato___Late_blight/c5ff46d5-8f49-409f-b3c1-9a1a25418f47___RS_LB 2596.JPG,Potato___Late_blight,True,1752,a333f2f61e6f28cda7de5fa87a96410d232287d8deb2fc2668edf0a553db4d39,af16d0d9c2744f61,256,256,RGB,JPEG,14813,2
Potato___Late_blight/c60533e5-8080-4c77-8ae4-7c1f2f7350cb___RS_LB 2810.JPG,Potato___Late_blight,True,1753,17fd6ad4f8e5f2e8e3cb3be5432d6a31f02e10303d468f3eb486f54ece541dac,af17923a99788ccc,256,256,RGB,JPEG,17896,4
Potato___Late_blight/c63d5cca-9639-4d42-88c4-13572afa1dda___RS_LB 2747.JPG,Potato___Late_blight,True,1754,887f0a05a8f14252d38f8dcf58c6632c3043f6bce37e248887564b1124c5b8fc,fad0852d9a369933,256,256,RGB,JPEG,17558,0
Potato___Late_blight/c66982eb-dd83-487a-98c6-2aefdf5d7be0___RS_LB 4683.JPG,Potato___Late_blight,True,1755,ba38c929a88b32e7dfb5e6efe551e3b5cf31e1445ed5bc6066aae48674299f3f,f84a930cc933cf33,256,256,RGB,JPEG,16502,1
Potato___Late_blight/c6842cfb-6996-4a51-bc0a-7e2f89a903f0___RS_LB 3911.JPG,Potato___Late_blight,True,1756,7feebbfc1177ae299b5a43ad6200ef41b145fe30443fc5e0107d9edde72de349,ffbe80d1d8c281cc,256,256,RGB,JPEG,16752,2
Potato___Late_blight/c6c8843f-6b36-472a-9a87-bf1a235e08b6___RS_LB 5136.JPG,Potato___Late_blight,True,1757,94aa70708f46af6e0c7b9339cf0113d7346a9fe1959d042990bfa48c995c6383,fbb7809dc4e28961,256,256,RGB,JPEG,16063,3
Potato___Late_blight/c6d1bbe7-c1d8-4760-9bb2-a97eac1ca0a8___RS_LB 3838.JPG,Potato___Late_blight,True,1758,7ddb7fbcf2d5137bf8c929d6df5d3e0205f23986a77ddfde73086de33ba2094c,fa3d87709867904e,256,256,RGB,JPEG,12052,0
Potato___Late_blight/c6d79fa2-e6fc-4c95-a805-c7ff53075b15___RS_LB 4328.JPG,Potato___Late_blight,True,1759,e954f4a71a93496190e7aef33488192d9556e6ef5e343fab5c776bdb73984408,cfdaf48d3324a126,256,256,RGB,JPEG,21264,1
Potato___Late_blight/c6ecc36c-1886-4d2d-89aa-0e9e9dc7ba32___RS_LB 4997.JPG,Potato___Late_blight,True,1760,b885b4ed5fbd62fa1b1839f6ebbe23af5d6a454b8b743016a7189e863e8068df,febf81d4ca428562,256,256,RGB,JPEG,18478,4
Potato___Late_blight/c746bac3-3c7a-445c-b78e-19294bd9a9cb___RS_LB 5233.JPG,Potato___Late_blight,True,1761,e4cf50cfe0c1dcaf8ec4c2ab988004b2891b73c712c82d54dbc6478e8170daf9,ef48d405da37d03a,256,256,RGB,JPEG,14112,2
Potato___Late_blight/c77d14df-faac-47e9-97e1-fc84a7aa6e74___RS_LB 4322.JPG,Potato___Late_blight,True,1762,8c980a658fcba653e913aec2d6004e2bfc419f8e926c65954e48662afe0ba2f5,b83687c1d08b6f72,256,256,RGB,JPEG,17351,3
Potato___Late_blight/c7853012-d4e6-4c0d-a14d-1220a0a6d3b1___RS_LB 3871.JPG,Potato___Late_blight,True,1763,f4faa517455170abeb65446ac068c9ceaba856c21dd31bde3cc7d69205005ee5,ba60c127ce1edc9c,256,256,RGB,JPEG,15618,4
Potato___Late_blight/c7982d1f-7472-44ba-a39d-76085c4d90cd___RS_LB 3072.JPG,Potato___Late_blight,True,1764,0358bca6b9da955f46c9b9c22251bd0544c43bfb06e72002c8ba2f8d228f50b6,efe1a485963cc2b8,256,256,RGB,JPEG,16092,0
Potato___Late_blight/c7adbae8-04db-489d-b9e6-c12de387d25c___RS_LB 2697.JPG,Potato___Late_blight,True,1765,fe2768a857548547455ac261b068544afe6947ca53dd802cb52ef923d77ebc60,ff42d40d9b388933,256,256,RGB,JPEG,16894,1
Potato___Late_blight/c7c82b7c-078f-4ba9-90e3-db36a73bda22___RS_LB 5430.JPG,Potato___Late_blight,True,1766,e3c78b98462bfdc09e04e71fe22777ac412f26ee9136408f05c536ae366b044e,fa1dc5319c679446,256,256,RGB,JPEG,13825,3
Potato___Late_blight/c84a1cfc-5e19-46df-a315-c7fb6a61e60f___RS_LB 4103.JPG,Potato___Late_blight,True,1767,3947822695d4d84bca726e5a875f7b5ea4da93e6a3bd67263311ccdfdfc8be39,eacb958d90ac93a6,256,256,RGB,JPEG,17219,2
Potato___Late_blight/c87b7e98-d4ed-446a-bf9e-47bd454f279b___RS_LB 2860.JPG,Potato___Late_blight,True,1768,10382be8f03149744584f93049f586711e9d1c3eae0feba99c32ff79aae9f130,eac8a59f983487e2,256,256,RGB,JPEG,14678,0
Potato___Late_blight/c89d5a2a-2c1e-496e-84b8-b7a844a97ac9___RS_LB 4920.JPG,Potato___Late_blight,True,1769,04c0f785ad2254aa9fbf1e2bb3708f7abbd9cdc4bff87d5f7f682d538cdebf1e,eaca850f9c3193b6,256,256,RGB,JPEG,20261,4
Potato___Late_blight/c8bfd67e-892e-4502-982a-adba5505be5d___RS_LB 4444.JPG,Potato___Late_blight,True,1770,e98e04921c959d966e9f11acdf9db7f4d4e30a5fe94ebd8dff8bb159b8796253,e5d99269cb848cce,256,256,RGB,JPEG,17425,1
Potato___Late_blight/c970a188-e4e6-43cd-aff7-d0ac40d378dc___RS_LB 4834.JPG,Potato___Late_blight,True,1771,8e9c473ef0b0dd54853f309b3b49b1384fbaa4bb41bd59c861d91898e88b7d9f,aa15d25acd619c67,256,256,RGB,JPEG,18993,2
Potato___Late_blight/c98f32e2-c52c-4a35-bc34-c32af5a18b07___RS_LB 2807.JPG,Potato___Late_blight,True,1772,f1d9e2f806224717daeec412a6790840d0374a60208e44cdb44f725e68eff705,eac2e50dcc399bb0,256,256,RGB,JPEG,16978,3
Potato___Late_blight/ca14c4bc-c9a5-4294-835e-6c3b81e61496___RS_LB 3080.JPG,Potato___Late_blight,True,1773,98e25f78a2878b1df674d01d6bafc49292552542fdbfa8ac64a2fa83d4db6701,afdbd0e0b2314c36,256,256,RGB,JPEG,15618,4
Potato___Late_blight/cb4fe901-5ca8-43e9-9a4f-3b9bf34ea364___RS_LB 3943.JPG,Potato___Late_blight,True,1774,574a682a451034dfe453793f2fde1f9a55e7df5e9cf6e6a19b0831fe6cd53335,eef0858b9e999231,256,256,RGB,JPEG,15378,0
Potato___Late_blight/cba4be0b-2554-4a9e-8dd0-94cbb2467388___RS_LB 3335.JPG,Potato___Late_blight,True,1775,ba2b920c9328d3b191889f844eeba095a1a33dd297282d558ba2a132cd793f4d,bf2f941a829cca63,256,256,RGB,JPEG,17623,2
Potato___Late_blight/cbb653f7-72fd-4499-9d90-efdcd8c30077___RS_LB 2764.JPG,Potato___Late_blight,True,1776,43fea0533c36872e39d8553fe0217a75c580fb1ad561df4d3697112d21c2d4fa,aa6bbfa0d0b4c887,256,256,RGB,JPEG,16956,1
Potato___Late_blight/ccdf64d2-81fe-429e-8041-05b5a9ce50c9___RS_LB 5052.JPG,Potato___Late_blight,True,1777,422db84ae7833c4051bf20a4e3e4bcb37015ebbe0a822a271a3c08a1a99d452d,adc59617da049b93,256,256,RGB,JPEG,17306,0
Potato___Late_blight/cd04dd6c-fe7b-4587-ae2e-69228969d9d6___RS_LB 4824.JPG,Potato___Late_blight,True,1778,fdb0926b7cc02370e1355d0f6f6332e007f745bc7d589e6d75b8bb359eeac607,af9f90d8c8e08ce6,256,256,RGB,JPEG,21384,3
Potato___Late_blight/cd0b4621-eccd-434a-8bc1-d3a6d24a2f05___RS_LB 5250.JPG,Potato___Late_blight,True,1779,663a2285054d42f6e7e0e20bf48f7dd6ac505bd0c739c900eea7f13603b81dcf,fb9584c0cce7c0ec,256,256,RGB,JPEG,13857,4
Potato___Late_blight/cd38f533-9b7d-4afd-bbd9-9ee5ab2aa3e8___RS_LB 2680.JPG,Potato___Late_blight,True,1780,53c7e0d79e556539ab7849113f0d5cca18599c3c2a909cfb70b9cf909c495d37,be1fc1f09cc79144,256,256,RGB,JPEG,20373,1
Potato___Late_blight/cd413b65-05b0-4bbd-9896-4951d11e920d___RS_LB 4575.JPG,Potato___Late_blight,True,1781,01dd20dcb5cad712b50235237997c6d10f23fe0c7225e5ea7dcd510efae7982c,be4ad2a58d8b929c,256,256,RGB,JPEG,17433,2
Potato___Late_blight/cdad6bf9-1ca8-4feb-87b6-960dd55acf2e___RS_LB 3186.JPG,Potato___Late_blight,True,1782,0f76a7a3390dd7450b71cd67a1858b6d2c6b366be51485ad86a0098cf44dce44,ff41c21e95aeb0a1,256,256,RGB,JPEG,18001,0
Potato___Late_blight/cdd030ec-609e-4f61-9335-6cf89a6f35d2___RS_LB 2776.JPG,Potato___Late_blight,True,1783,3cd8017a9a0c2c99c377558284049554bb95b27614037739d0c58b9bf2593285,df8fe13cce609442,256,256,RGB,JPEG,16634,3
Potato___Late_blight/ce38cb15-70c8-4203-adbb-db648eb87554___RS_LB 4107.JPG,Potato___Late_blight,True,1784,0580426db6e6bf0176c217cbe650e7be4ac5aacdcd071a799e556a2689b62902,ebf0c51f107e30c3,256,256,RGB,JPEG,14701,1
Potato___Late_blight/ce5ec29b-599c-4c69-ba4d-04df7ab1c46f___RS_LB 4945.JPG,Potato___Late_blight,True,1785,3fd90a0593b69fcc2690ca395ca77cc0450e2d3eed9f1632ba43e3e457b0e03c,ae40800b9bb6fdb6,256,256,RGB,JPEG,19693,4
Potato___Late_blight/ced49a2c-c7b3-4c10-9475-2b004afebff1___RS_LB 4436.JPG,Potato___Late_blight,True,1786,fddc1fea8359a6b365f6dd328b2a7ea1beab09d5d55506f6b0f1aa456c02631b,bae0c58dcb366459,256,256,RGB,JPEG,18228,2
Potato___Late_blight/cf2e3e15-2284-474a-a36a-b102aa7d50cc___RS_LB 4760.JPG,Potato___Late_blight,True,1787,aaa89ba926015258361f9d48baf59ebf0594f0b92308260674fec50684d66b1d,aa15905acfc1cd67,256,256,RGB,JPEG,14216,3
Potato___Late_blight/cf336796-9b96-4156-adc4-6fbeaebf2a6a___RS_LB 3207.JPG,Potato___Late_blight,True,1788,c8018d5eddb11c8a3c2004becaced39358a539f377e7747bc4aa405539946c30,eedad1079e3c8134,256,256,RGB,JPEG,19290,4
Potato___Late_blight/cf83a586-2f2a-423b-8e1c-f7c284a20ec1___RS_LB 2785.JPG,Potato___Late_blight,True,1789,d78c51b3396e3a60fe406d019dc57b9fb59c617f0854de7b7b5b8415ac57ab74,eec49093c34bcdb8,256,256,RGB,JPEG,19039,2
Potato___Late_blight/cf979c44-abfa-4ed3-865e-ee0c204ba9f0___RS_LB 4662.JPG,Potato___Late_blight,True,1790,55225b70ecc7fb65996cb6741450c74617fc8633db877c8d0b69e6503e550816,a815d0ebcf65b066,256,256,RGB,JPEG,17700,4
Potato___Late_blight/d01b2206-84b5-41f6-9a40-b238282940bd___RS_LB 2631.JPG,Potato___Late_blight,True,1791,14fe966001758cd1e21c73851f7d5ca000eecebb28cef5129db513f57cafc154,ab49f4b4c01dcb5a,256,256,RGB,JPEG,15397,3
Potato___Late_blight/d0262161-b887-4357-b707-cde01cf5726d___RS_LB 3044.JPG,Potato___Late_blight,True,1792,a32f6be4759e03e045cde38e27ea15e1bbc4e4d72dd4dc98f629dab276090edf,f52e80f49cc783c3,256,256,RGB,JPEG,16280,0
Potato___Late_blight/d105e6d5-4268-4b21-8709-24b894196454___RS_LB 3282.JPG,Potato___Late_blight,True,1793,202ac59dce935d6a6832779059642a8e5ce57db28e929f08bb8fc76a39a25d7f,fa9591dac746862c,256,256,RGB,JPEG,18563,1
Potato___Late_blight/d1a28228-aae8-4348-b7a1-545dcf72d842___RS_LB 3875.JPG,Potato___Late_blight,True,1794,ebae091487ea3d673c26fdee6633cc18ef5e4694bbc8c954f8862a8e4a0ef5a5,eebf9940c8c5a46a,256,256,RGB,JPEG,15060,1
Potato___Late_blight/d1ae329b-19bc-40c3-afb1-404ecf3c98ee___RS_LB 2613.JPG,Potato___Late_blight,True,1795,abe58d21a1db974b3a5af088cf63b971570e5ff035184230b56c2970b5153331,aaca909fbbb4a524,256,256,RGB,JPEG,14411,3
Potato___Late_blight/d20fef22-7016-4115-9930-a66b32c718c6___RS_LB 4417.JPG,Potato___Late_blight,True,1796,37539fc72a06e86cdcc7135112bc170fe5458197c538602d444f5bd319399882,edc990372fcc3982,256,256,RGB,JPEG,14415,0
Potato___Late_blight/d2d8eb78-d267-4c37-a18c-b39a0bb11d82___RS_LB 3147.JPG,Potato___Late_blight,True,1797,3e877b31185d71c08e53802a9a1674afbcf0d77fe80d5adffcb57013fc1a6433,afe0d285d99f80b2,256,256,RGB,JPEG,19608,2
Potato___Late_blight/d2f57448-1770-46dc-97e3-40247d37094b___RS_LB 4455.JPG,Potato___Late_blight,True,1798,919c6225d4351085473a37af745362a67a83a7413a56c2a3d02fcd8246a6461c,b07167ce9266cd38,256,256,RGB,JPEG,17078,4
Potato___Late_blight/d2ff230f-99a5-4dc5-968c-246d772788af___RS_LB 3279.JPG,Potato___Late_blight,True,1799,80eb492ec84ade0121e0632bf9673ad7da8b8afd03848ac138584d3b150c43a7,fe51c127ca1a9c3c,256,256,RGB,JPEG,18162,2
Potato___Late_blight/d30021ba-fbbd-451b-b257-1fc5c6ac54d4___RS_LB 4466.JPG,Potato___Late_blight,True,1800,02009120f3ce4d90fad5883c6446c7683d806643035e87eec8e5ddd32d5ca1a4,e94992a796b19936,256,256,RGB,JPEG,20678,4
Potato___Late_blight/d30d25f1-74ca-42d3-804d-c31b06720c46___RS_LB 2817.JPG,Potato___Late_blight,True,1801,ff819d2b1962a8c194f27eeb1fd10f2971045277c4ce9d235f1def79fdbda8d1,fe41a90e933dd134,256,256,RGB,JPEG,20631,0
Potato___Late_blight/d36e9212-7594-4e4d-9062-0a98bc689729___RS_LB 5055.JPG,Potato___Late_blight,True,1802,03806af9f3950a91bb4e8a480bf356039c46e93a37470367bac6eeb8affd8485,bf1fc15ac6488d68,256,256,RGB,JPEG,19274,1
Potato___Late_blight/d378a0c5-d275-44a4-9f00-f7f180270f4d___RS_LB 2781.JPG,Potato___Late_blight,True,1803,2a0066c003699d4a9dfebb3f638f5d6065e560b9052f77e0579854dfeeba93d9,ef52b06dc3468d16,256,256,RGB,JPEG,16085,3
Potato___Late_blight/d3811753-f672-405c-afa3-8fbaa2715bf4___RS_LB 2720.JPG,Potato___Late_blight,True,1804,60c27aa59e3b20f5f21d79dfdc3adcb2fcff7465a7054f48c906f88b7ea9d961,ab1785c2d86d916d,256,256,RGB,JPEG,18338,0
Potato___Late_blight/d385010f-53c1-4e7d-9fd3-50f0c98dc245___RS_LB 3865.JPG,Potato___Late_blight,True,1805,fce34fbe7639f1f957fb5af214b7b99e6f126d95a006285ed29ecbed036f4a17,af00d034ca7fe599,256,256,RGB,JPEG,15848,2
Potato___Late_blight/d38d9e28-89a0-4650-8a2d-dc5e6744b3b9___RS_LB 5204.JPG,Potato___Late_blight,True,1806,ba28a829e6b55a9720b1c387a455c99b2a517046cd191a840efc4c827b6bd671,ac69da20c19f66dc,256,256,RGB,JPEG,15895,1
Potato___Late_blight/d3aa996a-f1d8-41bb-99bc-8f33ca2ea9ce___RS_LB 4404.JPG,Potato___Late_blight,True,1807,63be4721b796b3ed3907d6323ec523226fb18e83526d5fd85ea1eac1a5a37c39,da48a1979ebc9193,256,256,RGB,JPEG,17962,3
Potato___Late_blight/d3cbf715-a2a3-4024-ac5d-c6ae21a77720___RS_LB 2735.JPG,Potato___Late_blight,True,1808,20f9efb0217a6cb89c88bd8ab561c44cccf3d5565ea7f28f51f81ad5ca67984f,f8b8959e86c9c865,256,256,RGB,JPEG,20498,4
Potato___Late_blight/d3e6cc68-6d84-406f-9e02-b81f8051ecb3___RS_LB 3992.JPG,Potato___Late_blight,True,1809,ed9f109e88df5558d4bdf200549bbc9d0cb8aca1bfc19ec87ec21cc93f11bb30,bf40f025c033c79f,256,256,RGB,JPEG,17184,0
Potato___Late_blight/d42061d8-9da0-4190-8dd0-d3629f0cfa53___RS_LB 3954.JPG,Potato___Late_blight,True,1810,6fa678cc649ad0514db0b4c50aae5b146918b8d4522e18525b714c7a1bcc8aca,fa4aa1a997959c92,256,256,RGB,JPEG,15094,1
Potato___Late_blight/d438f9b3-2952-425e-8c5f-a92a21b35f5f___RS_LB 4470.JPG,Potato___Late_blight,True,1811,c810123aa44f2bb7a43ad236df3ee39cb6f0565812d0afc25a42d17699e0cf14,8ae0b41ecf67c463,256,256,RGB,JPEG,19254,3
Potato___Late_blight/d43fa915-e947-4316-b0f5-0f925c5d9625___RS_LB 3969.JPG,Potato___Late_blight,True,1812,00a66ec071c874a29abd2d5e886fe272d7906f32c32d1af9c8ecc6af9c349cdd,bf29d2e4c50bc61a,256,256,RGB,JPEG,15581,2
Potato___Late_blight/d4463dcb-ae91-4329-8c6d-6da1eecbaaac___RS_LB 2788.JPG,Potato___Late_blight,True,1813,b1ac53dbcf39b3c25bca1fa3662e84298223b4114de2d3bc676c55b6b46a4e73,ae33905ac1cdc56d,256,256,RGB,JPEG,17915,4
Potato___Late_blight/d4486c3c-6d93-4d08-a3f5-7f4ae1f7ef3b___RS_LB 2829.JPG,Potato___Late_blight,True,1814,9f6a7e723cfcffccdc85aaf8e7eb2a73199c70585e8879864e77bcd4ad88ab0f,a07aff808b869f92,256,256,RGB,JPEG,16848,2
Potato___Late_blight/d4d37fcb-95c0-4e20-809c-6b92e6a565f3___RS_LB 5110.JPG,Potato___Late_blight,True,1815,d32e17b0d757e2df462960e0f33d661a212f6800c705184f0424de0893c23785,ad9392cb934dc92c,256,256,RGB,JPEG,15562,0
Potato___Late_blight/d50d5ba8-c809-431c-8cc1-e297bc2706f7___RS_LB 4467.JPG,Potato___Late_blight,True,1816,9e73e2c42d49f436f0eae583e0cbf77e48f5496f106640e3a8201d68b8afd008,e8cb9532644f9a99,256,256,RGB,JPEG,18227,3
Potato___Late_blight/d5a52702-2160-4f20-a1d8-49db59f83f9a___RS_LB 3213.JPG,Potato___Late_blight,True,1817,a256751f05bd7f42156131a7effee3800238f965fa757bf42ffe6bdcb5a37f02,ef60c60f98f11732,256,256,RGB,JPEG,16905,1
Potato___Late_blight/d5bf2575-1e57-4792-81a1-5770e701be1b___RS_LB 3209.JPG,Potato___Late_blight,True,1818,75d7b33662252bc19b2864d1d7b33f4ed01543475315faf17667c28bd659140b,fc3a837590c6d2c9,256,256,RGB,JPEG,17163,2
Potato___Late_blight/d5f14365-91a1-41e4-95a5-9ae88c3ff4d6___RS_LB 5163.JPG,Potato___Late_blight,True,1819,0e9ac7e6b64ddd43dd8ee902559f4189812ee6ea4550efdd2ca8c9ce35f3ee49,eecac0cf939c3892,256,256,RGB,JPEG,15518,4
Potato___Late_blight/d648ee66-d38a-4df0-8696-c6fe5490a15b___RS_LB 4144.JPG,Potato___Late_blight,True,1820,a538aa7e29006178c8d6ade274ad0a1735cd97dff5a8e20ea741c6c45ac856f0,f8248573d63358b9,256,256,RGB,JPEG,12563,4
Potato___Late_blight/d66ee513-26cc-4676-8aeb-9902e0969d2b___RS_LB 3999.JPG,Potato___Late_blight,True,1821,9e4c3ec67ee18da61a4afaa044903d6e56326cd56400eab50baf264e13bdafe1,ad14d05bcf61cc65,256,256,RGB,JPEG,12164,3
Potato___Late_blight/d6a4ae30-77a6-458c-99e4-c817e7234aa3___RS_LB 4706.JPG,Potato___Late_blight,True,1822,09dc64b9fd5f2d56914a0309e1ad945a644d4ff5a88cb7430c4c3b916d692779,bac2c49d9d19d227,256,256,RGB,JPEG,12735,0
Potato___Late_blight/d6fd274a-f184-482f-8043-b2fff10644ee___RS_LB 3962.JPG,Potato___Late_blight,True,1823,d6265c3241c7eaff59c33da1051f4ebee0235a19f296fc864fa4507dee56c3ca,eab5959ac9c1ccc4,256,256,RGB,JPEG,15507,1
Potato___Late_blight/d71490c0-7315-4301-b9cd-19de9357a2f7___RS_LB 3203.JPG,Potato___Late_blight,True,1824,a1b57c9d3ae4d13d8a728245c8f3f8aae409a158d1497481777b9f3ff59be003,efc09566ca1fc918,256,256,RGB,JPEG,17065,0
Potato___Late_blight/d752ca70-320b-4d33-970f-8f3eead9141e___RS_LB 3166.JPG,Potato___Late_blight,True,1825,55f7588a02785b7942f531e388ecf59ce63e65eabd7d86d9fec1a6e58a08339d,fa2d8116935b8d4d,256,256,RGB,JPEG,20271,1
Potato___Late_blight/d78c58b2-c9d1-43f2-8b18-4455855c0f1f___RS_LB 3288.JPG,Potato___Late_blight,True,1826,265eae85b59538f7a71d000a9e2df6408bf57a9723424eedaf23d0f07b9bc421,eab4e5a49746cc98,256,256,RGB,JPEG,18376,2
Potato___Late_blight/d7e7afff-cb91-4209-bf42-ce579f273cce___RS_LB 4468.JPG,Potato___Late_blight,True,1827,de4c583f950a44b7c4ac048897b7530268ce077bdbb662f491242ae88c0a2d38,faa1c7de8e488d18,256,256,RGB,JPEG,16806,3
Potato___Late_blight/d7ef98cc-2d20-42ef-983a-5e45805a8ee6___RS_LB 3841.JPG,Potato___Late_blight,True,1828,dade7eb23a584336cd0767ec1bdbb39b0dd862ad13d438d43fc3a0257ed992d6,ee9dc1d2cb698464,256,256,RGB,JPEG,11947,4
Potato___Late_blight/d7fdf2fa-8a55-4ff5-86a2-ca73c5883e93___RS_LB 4665.JPG,Potato___Late_blight,True,1829,6d8a3aaa0604ee74630ae6322bbd49a0cd831de9d65262aa7dfe7e58625b3951,aaca929d99b69526,256,256,RGB,JPEG,16378,0
Potato___Late_blight/d80e59e3-a88d-4c32-8dd1-a23a6fed45ae___RS_LB 2846.JPG,Potato___Late_blight,True,1830,d730a90959d8217b4ba3ab8e2b4a37b74e1a760bf8f16b5f633e438f843809d6,ead2a5cb969c9194,256,256,RGB,JPEG,14843,2
Potato___Late_blight/d8580222-d6c2-4519-94f2-f59c2d613d8b___RS_LB 4158.JPG,Potato___Late_blight,True,1831,7da6fd3c7988d048f576dce264022f1e02feebedfe292aff19e7c98bef38708d,aa6ac6959f999191,256,256,RGB,JPEG,14429,3
Potato___Late_blight/d879aaf6-d557-4607-b7a0-ecbb3761f152___RS_LB 4723.JPG,Potato___Late_blight,True,1832,fb95f4ee0181faabf7834424f03e3965d4e401a6da748a76ec09fcf455b88b1e,f63b91c5c273c944,256,256,RGB,JPEG,14459,1
Potato___Late_blight/d8e3b97f-d362-4e05-8600-a103580aace4___RS_LB 4773.JPG,Potato___Late_blight,True,1833,5e4ae05d27b3fb618d27df108e0e625da303698ba0c09642aba35ab3ca2d3a65,fde1808e9e38b037,256,256,RGB,JPEG,14500,4
Potato___Late_blight/d8ef0e69-3dfc-4d13-8d49-a44fa9cfa62e___RS_LB 4140.JPG,Potato___Late_blight,True,1834,329d171681cce6ae3f718af6854caac489389bf6c217daaac33da3382c6f9421,af49d327cc3cd130,256,256,RGB,JPEG,13230,0
Potato___Late_blight/d94eae91-7d2e-4394-b892-8c8c7fa9cf11___RS_LB 4864.JPG,Potato___Late_blight,True,1835,58544dda0d1af609faa5011ea18cd7c01e15cfc377cf13a93a7628cb6d4a6856,febf81d08ac98964,256,256,RGB,JPEG,16871,1
Potato___Late_blight/d9817cc3-ef03-41e5-8892-1fddd27b7bcc___RS_LB 4878.JPG,Potato___Late_blight,True,1836,32dc78eea093036a2fc2d78876dd413071bc05d3e07f896e1f46effa3aa5e78e,aec1b18f9278ca36,256,256,RGB,JPEG,16915,2
Potato___Late_blight/d98195f0-bdf8-4e0d-9fd5-af86cfed2a6c___RS_LB 4790.JPG,Potato___Late_blight,True,1837,0d2b4883d315b1ffaaa62df93bb46e756ff946b6d089f687c17c99b6804e8617,8a00f5ffd068dbb0,256,256,RGB,JPEG,19124,3
Potato___Late_blight/d992e6d3-25c9-4bbb-a806-8bc1455e5c40___RS_LB 4968.JPG,Potato___Late_blight,True,1838,30cec7022168bc8d9f159b3ff68cda20209befe1a57bebf27a278b8db9b82b73,ff60e017c33e8670,256,256,RGB,JPEG,18112,4
Potato___Late_blight/d994fd7e-a338-42c5-ac37-ede01c18999e___RS_LB 5134.JPG,Potato___Late_blight,True,1839,8de3462b167f2f71ec5dae090ca3b339997fc05fe57c5cfb4f9a9adae8c3923b,eb41a50f9e2ce23c,256,256,RGB,JPEG,16688,1
Potato___Late_blight/d99f0d05-6ee3-440c-9dc6-48f7ba2bfc24___RS_LB 2654.JPG,Potato___Late_blight,True,1840,6e173fd8b0725414e4fb52e89954b92b9deb1ab2f08d103ca97bd1a999029808,a369c5b59694cb92,256,256,RGB,JPEG,20182,0
Potato___Late_blight/da16cb94-4f1d-4390-b446-19eac2110115___RS_LB 2912.JPG,Potato___Late_blight,True,1841,bfd8e244bde49287eaad369325f1354a20b5c90acee38806471e8b34d7b4f59a,ba91c54e8f68dc62,256,256,RGB,JPEG,16701,2
Potato___Late_blight/dac19eb9-e4e3-4ca1-8183-268b839901c4___RS_LB 5208.JPG,Potato___Late_blight,True,1842,26e05705bcbe78683f7eaffd80ed5a4fc7806c421cfcc1e5206ee4752b16c317,ffb7d0788cc1c046,256,256,RGB,JPEG,14870,3
Potato___Late_blight/dac53cd2-477e-4f7b-a59d-bb9018eec686___RS_LB 2879.JPG,Potato___Late_blight,True,1843,7d72de5df4f9b723f09e125133a99b644dc154aba06a7f40e26e243dfddb332f,fe34a0d0874acecd,256,256,RGB,JPEG,16370,4
Potato___Late_blight/dae7db93-d197-4616-a16b-5dcc59058bc2___RS_LB 3178.JPG,Potato___Late_blight,True,1844,ad340b7aa541f96d1a8db9b4309cb9d1d32df6ead6f85efcc2ee67a74146a801,ab4ad225c91fcc9a,256,256,RGB,JPEG,19279,0
Potato___Late_blight/db973ce3-7198-4ae8-910a-bb1a3046e353___RS_LB 5152.JPG,Potato___Late_blight,True,1845,a29a4f70ff1e5534e07a3d77b3db5f75f86314e27d12c3dc5df83829020d57d1,aee4a4c69a8ed89a,256,256,RGB,JPEG,14747,1
Potato___Late_blight/dbad8fb5-90a0-4bcc-902e-7b7b632d0233___RS_LB 4036.JPG,Potato___Late_blight,True,1846,61658be58269761224b608dc3b46e6147ec92b20c59aad833b62b840c658b4e6,bb44b106c33acf39,256,256,RGB,JPEG,12358,2
Potato___Late_blight/dbbd22b5-a565-470a-9e72-2c7d7c26dbe5___RS_LB 4932.JPG,Potato___Late_blight,True,1847,9f534cfab2705376b20a95b25c319dc28160cc5ad6e54ab579b82b11df3006c0,ba1fc350cc66b466,256,256,RGB,JPEG,18663,4
Potato___Late_blight/dc0ad08c-a096-4ad2-9a69-597c10e12f71___RS_LB 4869.JPG,Potato___Late_blight,True,1848,108424e9655327f1897c22aedc79d53b43829dc3546c1f8e635c2f7f3b19d313,f967c60cd43c8674,256,256,RGB,JPEG,16431,3
Potato___Late_blight/dc289122-aa0d-454b-b617-16824440fce4___RS_LB 2959.JPG,Potato___Late_blight,True,1849,6524cdf5969a57f4944576d9f4a3f98c926dc2ab0107e888668dcb8ed6ac263a,f720a25787ce9c89,256,256,RGB,JPEG,17170,0
Potato___Late_blight/dce12e0f-6f9d-4c29-ad7a-5e8216b690e0___RS_LB 4721.JPG,Potato___Late_blight,True,1850,d2ddbac6a880ee00753988029dd317274830d839ff5375a0bb48b549c3b757c6,a090dbcf946cdf60,256,256,RGB,JPEG,14174,1
Potato___Late_blight/dcf61d08-eda8-41c1-9293-43895d68b426___RS_LB 4372.JPG,Potato___Late_blight,True,1851,53d5e395b915e139d9743ca7661d6913606fae0fadc26dcc698bd0b58e50f9aa,e89f874a99c89665,256,256,RGB,JPEG,14329,4
Potato___Late_blight/dcfa79c3-b0d0-4dd0-9796-5d529948b88e___RS_LB 5437.JPG,Potato___Late_blight,True,1852,82184ac8f7fa338bcb0d40d5e8cfe5a3acb69d56fae71b62c763162d9cf0dd21,eb839475825a9acb,256,256,RGB,JPEG,15378,2
Potato___Late_blight/dd08ad51-110b-4de0-bfbb-862e53a6165c___RS_LB 4542.JPG,Potato___Late_blight,True,1853,af0202ba667b5145e5f3768cf3af1c6cb060547eab32bcc2068a0e36062f8fff,b3eccc07d61ec09a,256,256,RGB,JPEG,19289,3
Potato___Late_blight/dd36e5d1-434f-41ce-8f7b-6528e9adc77d___RS_LB 4060.JPG,Potato___Late_blight,True,1854,4ae8b9e70b97212a98f5866905c84b3d2f48349b0eb8ec14b38818f0910c6d87,fa1dc11a87699e61,256,256,RGB,JPEG,12739,0
Potato___Late_blight/dd55ba8d-a425-4b06-9996-bbf315d71e6e___RS_LB 2737.JPG,Potato___Late_blight,True,1855,ce721a98cf4cb3aef1ab1ab1c54d82f3dafdecb6038d3ba386d79cf0d3a13b62,ea4b951af027e634,256,256,RGB,JPEG,19066,1
Potato___Late_blight/dd730e05-5196-46f4-9e7b-0c01a9fdaa1b___RS_LB 3321.JPG,Potato___Late_blight,True,1856,ffdd430f5804749524132f0c80becfbf09159f6e16f17552ec364a9ac51b87d5,eae9e48797989838,256,256,RGB,JPEG,18224,2
Potato___Late_blight/dd9b9122-fd29-4986-9dc3-330d4a48ccc3___RS_LB 5290.JPG,Potato___Late_blight,True,1857,ca57b6ae38a304ee970137dc785b379ecb3ddeb115a2cee69b07ea9bc2d67348,ff92e06c91a0cf83,256,256,RGB,JPEG,14811,3
Potato___Late_blight/de0ae213-3479-4f07-b7f8-d59607a2caa8___RS_LB 2528.JPG,Potato___Late_blight,True,1858,55a6ab78004a0debd565d449937cf795c4f28c43aa4ddeea3b2f77f3740b4469,aaeac0858d9eb4bc,256,256,RGB,JPEG,17205,0
Potato___Late_blight/de282779-9d54-4b8f-8292-e06c3e020e16___RS_LB 3971.JPG,Potato___Late_blight,True,1859,16373d23476d820ef970889ca20060de1ab19c922a39077d5e3785c628e6d119,ea7ac9478d38c5a1,256,256,RGB,JPEG,15551,4
Potato___Late_blight/de54e40d-4c5f-48d9-9b6d-bc96bde09898___RS_LB 4086.JPG,Potato___Late_blight,True,1860,eafdbad0497d8c60122e1ad6280cd1a742a3cf8cdf8ec662214cf51a2572d6bf,faca90879d9595b0,256,256,RGB,JPEG,14050,4
Potato___Late_blight/de63bbba-d8d0-4e74-95d7-6d5adfcd0955___RS_LB 3222.JPG,Potato___Late_blight,True,1861,6638c1cbe00fd81a60073eec070889b8dc22c116c44895e8179841c024815577,ff35d05885c299cc,256,256,RGB,JPEG,19898,1
Potato___Late_blight/def9c9e1-fd12-44d9-92ae-18c5ff0f52da___RS_LB 2605.JPG,Potato___Late_blight,True,1862,8b07b64f1d1fef33766d7244bf6c7bbe1eb6726100384e225143ee728b69fdfa,ef3f969248299cc4,256,256,RGB,JPEG,15579,2
Potato___Late_blight/df0f75cf-febd-4fde-84a0-7c4da9f97fd2___RS_LB 2534.JPG,Potato___Late_blight,True,1863,44687cbd82303f335863ea4ac75a6690d086ad66e960dd672691f08a7da21c85,e9f730e28693924d,256,256,RGB,JPEG,19146,3
Potato___Late_blight/df40ffa7-8efd-4720-8786-a30b9011dcfc___RS_LB 4150.JPG,Potato___Late_blight,True,1864,4d3311942b3cc92b561540e853528bebaca22c005611d759dd08f98177b5b2c1,fc41e14fc63cca32,256,256,RGB,JPEG,13875,0
Potato___Late_blight/df5eb1ff-9261-45ab-ae3f-bf942cdf1a72___RS_LB 2947.JPG,Potato___Late_blight,True,1865,c0bf529967065553525068af3a67235c027c5de9a7a1cc0ca83e609fbc251669,ead391956e983cc1,256,256,RGB,JPEG,15680,3
Potato___Late_blight/df60df5b-a619-4b38-926d-6372c0f6329a___RS_LB 5308.JPG,Potato___Late_blight,True,1866,1c9f68b9244d0e7801fb891e512b0027daeac09b0ed91ab6dc6d77082b742c06,a86ad921d326cd76,256,256,RGB,JPEG,18179,4
Potato___Late_blight/df6898c4-f3a1-4ff2-8f44-3bc45a8d4ec5___RS_LB 3316.JPG,Potato___Late_blight,True,1867,9faa0d92f7dd9182cf0c62ee13001258b6b63cc7ddbe207d5ba211ef08069dbb,fa91e11a87c89e2d,256,256,RGB,JPEG,17511,1
Potato___Late_blight/df919a28-9f11-42f6-823c-15f70bf1325e___RS_LB 4936.JPG,Potato___Late_blight,True,1868,86ca9013cdbeb7f16d0d18dbaff876497b0e6bb0b9b7d597b5028694668fc321,aacb958d98b59326,256,256,RGB,JPEG,16934,2
Potato___Late_blight/dfa65276-0450-4a57-ba94-25384d378f22___RS_LB 4065.JPG,Potato___Late_blight,True,1869,e33a3c3ef029da420647a59b73262b521445d748e48edd940ea4e46394ec6dc3,aa3595d2db498566,256,256,RGB,JPEG,12876,0
Potato___Late_blight/e01f9ba8-74b9-48d8-b96c-ac48463a4d29___RS_LB 2857.JPG,Potato___Late_blight,True,1870,798a79e323cd0e672c46f0a27de006cb1033e575bc2a4303851fbe6e1122d23f,ef70e50b962cc43c,256,256,RGB,JPEG,15498,1
Potato___Late_blight/e0460bd7-100c-411f-ae0b-f69bfe360313___RS_LB 5310.JPG,Potato___Late_blight,True,1871,e030e9842d4e6f0f98aa6daa9484673799504368142c7366d2339e559135d8d4,ff64e024930ccebc,256,256,RGB,JPEG,16948,2
Potato___Late_blight/e08c2b56-3a54-4fcc-b814-85c55020278b___RS_LB 3991.JPG,Potato___Late_blight,True,1872,0e801733d6c4e8debf6755715c05fb6632beea0ec19088f445ba23033896ec91,a9c2b59b924f88dc,256,256,RGB,JPEG,16257,4
Potato___Late_blight/e0a085c0-20e4-4e36-87db-49f0b58fa349___RS_LB 4324.JPG,Potato___Late_blight,True,1873,0a19cd0801487309bb12ccc67c6bfc8ccfcf4bdc8c673ea153acd4dffd327361,fbf6c29831993388,256,256,RGB,JPEG,22999,0
Potato___Late_blight/e0a559bf-6345-4c5a-8b42-5545b52a2f1b___RS_LB 5456.JPG,Potato___Late_blight,True,1874,e0febd130bbaee7adb62d76ba0563b89146ea6c51961530412ef10153cb8d00b,a7b1f063838dcf88,256,256,RGB,JPEG,17070,3
Potato___Late_blight/e0c879c8-ebf3-43d0-9693-7a747fb5ba75___RS_LB 3956.JPG,Potato___Late_blight,True,1875,f604612890ac9d904f9aaa022cefdc74350d5b6de286d5cfc660749363ae7711,fabc91d0cac38d45,256,256,RGB,JPEG,17500,1
Potato___Late_blight/e0d0ea5a-242d-4d1c-9df1-0cc592d75e48___RS_LB 3011.JPG,Potato___Late_blight,True,1876,17f39a0370b6a182747d4a05e837c70bb5e001e60ddd93a0b395f9f992b2e145,eb95a45a4e83866d,256,256,RGB,JPEG,18716,3
Potato___Late_blight/e0e15d89-8c3b-43f5-8617-136b720e39cd___RS_LB 2668.JPG,Potato___Late_blight,True,1877,0e78ea3059c9a2d77ac5f5de6a2a1f6a2faeaf3f66ced6f2495ce48d356cafd2,ea3f85d29969c0e4,256,256,RGB,JPEG,18035,2
Potato___Late_blight/e10ce839-9da1-4f23-9b5e-c5483f6eabbd___RS_LB 5328.JPG,Potato___Late_blight,True,1878,95ea8d31ff91e03acc9fec3f85b489d478834b89edca377660cd08a17d1785e8,fdc0c28e9c399ab1,256,256,RGB,JPEG,13582,4
Potato___Late_blight/e1197d2d-980a-45b1-9ab1-5b7cc36660bc___RS_LB 3885.JPG,Potato___Late_blight,True,1879,1ba4daddde55df66a3d9a57f3a7b0ee334dfc9933a6d36089e22a7c8ba8c7ebe,fb6ae1ad850c94d8,256,256,RGB,JPEG,14207,0
Potato___Late_blight/e12ede80-8428-4424-b95d-5d3267d112a8___RS_LB 3079.JPG,Potato___Late_blight,True,1880,49ed19f5f5ea4a6fefaf3adf69d9f64810a647ed71a19f5645b3ce21831cdcbd,eaca908f8f3cd8b0,256,256,RGB,JPEG,19404,2
Potato___Late_blight/e19d0007-3013-419d-a46a-0b1919f05cc4___RS_LB 4057.JPG,Potato___Late_blight,True,1881,c5e407127ef22260e21eeba85d3b6f2c9fb60835148d2f39cdd4d392b4ed0e23,afe4f492c20f1939,256,256,RGB,JPEG,12562,1
Potato___Late_blight/e231f522-dd72-4fbd-94b4-5b4d7b935269___RS_LB 4131.JPG,Potato___Late_blight,True,1882,b48040a9f2e718ff95d1718459e297673ac314d7b21130d57749068ef912d832,aa15915acd65b66a,256,256,RGB,JPEG,12265,1
Potato___Late_blight/e2326741-ee59-4e3c-86bf-9e81ccf50b6b___RS_LB 4147.JPG,Potato___Late_blight,True,1883,b7dae6e46acf8c0944e9d9fb30da28f7f363536c3de912b849189609a504583d,aaf4b5c0964bda89,256,256,RGB,JPEG,13646,3
Potato___Late_blight/e25a378e-0aa3-4ac6-b0b1-281a500b9502___RS_LB 4835.JPG,Potato___Late_blight,True,1884,3decefc73d6a3da51dee90313918f45a5d58fe29961d5a57a22e4503f96ea8c5,ef42d00fda1e99b0,256,256,RGB,JPEG,18529,4
Potato___Late_blight/e25e57fb-41d5-4f46-92f7-ce841bd97374___RS_LB 5448.JPG,Potato___Late_blight,True,1885,4658d70137ff21ff7f5aeb82b41a3a3ecaaa5b305eb7549a349b1af46cc1118a,eb87941d924ecf60,256,256,RGB,JPEG,14741,2
Potato___Late_blight/e26ad557-11c8-44fd-aad1-dea51c613742___RS_LB 5115.JPG,Potato___Late_blight,True,1886,9824b315eda633f044d36b9f0fe111c90097826c0bbdcb15ea127693bf4d4f57,ecad96d38acb8542,256,256,RGB,JPEG,15174,3
Potato___Late_blight/e28b4ead-09f5-4e34-a162-0e0268f53763___RS_LB 2583.JPG,Potato___Late_blight,True,1887,a08c97e011b02512db28df600f92f8bccfba1088f22d0771c76f631ac847d4a5,ba97d4dac7608721,256,256,RGB,JPEG,18283,4
Potato___Late_blight/e2ce6696-9f6e-445c-a6c6-c765d659447a___RS_LB 4960.JPG,Potato___Late_blight,True,1888,61833a96200dd86aa29c9e3ead4ba8a0548bdb3cac630ee790ddaf8fdc708c18,ba1df45ac0618767,256,256,RGB,JPEG,18203,0
Potato___Late_blight/e2d4d58b-8754-4c63-b888-8355ddbcb989___RS_LB 4863.JPG,Potato___Late_blight,True,1889,22bdbc545fbad30939fcc2c8276b299df3e4fe01b021706999ef0491384d552b,fe1f80d0cb69cc64,256,256,RGB,JPEG,14576,0
Potato___Late_blight/e36ccebd-29c6-466d-b46f-41fa38f6e9c0___RS_LB 5047.JPG,Potato___Late_blight,True,1890,80e0d77f1ab45102e2c57d4b4fe1594839a067ae5262ae839a724ab23ca9736a,af4ad0057b1fc83a,256,256,RGB,JPEG,17555,1
Potato___Late_blight/e3d4df7f-f184-453e-8a99-3cb0de5a2488___RS_LB 3959.JPG,Potato___Late_blight,True,1891,bfa6abbef92970850ee98956a9927338b66a3849944feb2c24b546a144f7d920,ff51c10fd87019d2,256,256,RGB,JPEG,15474,2
Potato___Late_blight/e40a1e10-fca8-4831-b124-48bc07f92eb1___RS_LB 2897.JPG,Potato___Late_blight,True,1892,c94be20021964133eda99fe9e55c0795685610e48a4e1d9380afbbf4141b370b,aa94e64ee17c8e61,256,256,RGB,JPEG,15472,3
Potato___Late_blight/e439b96c-2ff6-4d53-b8f0-1ed720536b0c___RS_LB 4449.JPG,Potato___Late_blight,True,1893,f33dd24543d684f74f92b3b694b6744d959163943fab0c59243ee43f6d07db86,feb6e092e5698309,256,256,RGB,JPEG,16241,4
Potato___Late_blight/e465af98-028c-4222-b300-d9688b613d89___RS_LB 5137.JPG,Potato___Late_blight,True,1894,3bcd4c987a2206ec93ac98062a8591837bbbc284a20327f007441749011c44a9,ebc8918fb22e9893,256,256,RGB,JPEG,15897,0
Potato___Late_blight/e4735c8f-e6da-46a1-b0fe-b1d2355a1bd4___RS_LB 2796.JPG,Potato___Late_blight,True,1895,11cdcdd928cf62ab4bec4915b769554d73c536c6fa16aa39bdcbbccfd7b45388,fa418547d43ada93,256,256,RGB,JPEG,19429,1
Potato___Late_blight/e47b3a9a-24ea-460a-8a8f-4fc9814a072e___RS_LB 3314.JPG,Potato___Late_blight,True,1896,dc6521dc8121e86ebde87077996b0192e3da99c2c59d17e885127959684fd294,fb36f118c6618f21,256,256,RGB,JPEG,18787,3
Potato___Late_blight/e48ffe4c-d920-4559-83ab-62d9d881d787___RS_LB 4129.JPG,Potato___Late_blight,True,1897,4dd278732ecf9eb23530cb9c1a4659a2525f35e95745551ee2cd11257b1f4e11,aff19283c34fc90c,256,256,RGB,JPEG,12226,2
Potato___Late_blight/e4a264b9-fbae-4f38-86ce-d0a7d70e92e1___RS_LB 5211.JPG,Potato___Late_blight,True,1898,cd31acf4a1e5da067410709a8ca3e2283436f1e4a4805110baa51196220f1ad4,a848f7059bfec832,256,256,RGB,JPEG,14387,4
Potato___Late_blight/e4d454e4-c1e4-4597-8e76-77a93465b41d___RS_LB 2868.JPG,Potato___Late_blight,True,1899,2db4f74a493224ddf3159cbd756afd17013b25f43738409ead12dcf188e976b1,98fc34d2c88f2d9c,256,256,RGB,JPEG,15400,0
Potato___Late_blight/e575421c-a9d4-4c0e-8027-b12fca1e3ac9___RS_LB 2806.JPG,Potato___Late_blight,True,1900,21cf84afd289fe4bccf35a8f5b66e575648e97caf0c931d647b21978680e80a6,efe03163ca36c91a,256,256,RGB,JPEG,18266,1
Potato___Late_blight/e6d7f5aa-d176-4e43-9e0c-afc2901442f6___RS_LB 3066.JPG,Potato___Late_blight,True,1901,3fa8d2afb70523889b944d141e1ecef0bcc85aa3ab6778551d2ebd348a4fa589,a37ccc81df968c1c,256,256,RGB,JPEG,17305,3
Potato___Late_blight/e71a27b3-20d5-40e8-ad01-4c1942d46654___RS_LB 4085.JPG,Potato___Late_blight,True,1902,7e2972e7f80ec0e842a12acfb3aa225b78bdaad8d06a30bbadd0a59fa471ae8c,fec0908f99bd9035,256,256,RGB,JPEG,14053,2
Potato___Late_blight/e749122f-0dcc-4613-87a9-5347a51a7b58___RS_LB 4409.JPG,Potato___Late_blight,True,1903,a99d917162e3e38c7a2904323e09715a9bbc5e0cb568ed51d86a70f11dea2063,efc4901b939ae21d,256,256,RGB,JPEG,14594,4
Potato___Late_blight/e766a563-c87a-4d14-ae00-898ce62e15d4___RS_LB 5123.JPG,Potato___Late_blight,True,1904,6626e863bd087ce87a4bb6790ad112d5f19ddbf4a62eacde29d129793782a231,aac3978c94a599b3,256,256,RGB,JPEG,14353,0
Potato___Late_blight/e7e39ba3-b9af-4d5f-afb1-aea45e13446a___RS_LB 2876.JPG,Potato___Late_blight,True,1905,c475b8474f78bc0db2722412e094e6fb4820000d0fbfde467bcd79b55e17e92a,aa37f5c2c10fc5c4,256,256,RGB,JPEG,17270,1
Potato___Late_blight/e8040f51-18ed-43ec-9fa3-b5eb972f4fec___RS_LB 2527.JPG,Potato___Late_blight,True,1906,9a40d0bf1375700289f25f0fe2557edd183c116e70bf74d5642a3469b8f1265d,ff946096c59a8dc8,256,256,RGB,JPEG,17744,2
Potato___Late_blight/e9429874-1098-43af-bc38-0acc0b93f4f9___RS_LB 2682.JPG,Potato___Late_blight,True,1907,57f76433a8c3de55d4a0fb789552a43b23fc0a1d75da58115e4489cf99575e70,fa4285ad98b595b2,256,256,RGB,JPEG,18512,3
Potato___Late_blight/e956d757-4016-4d20-96a6-6844787ddc46___RS_LB 4815.JPG,Potato___Late_blight,True,1908,d2bededd4bbe6c83d64f1a88ff08588e1becaaa7ca07969690bb0201ccd829e8,be1fc0d0cb61dcc2,256,256,RGB,JPEG,20437,4
Potato___Late_blight/e95f2954-1b68-490d-9684-90b3080676b1___RS_LB 3997.JPG,Potato___Late_blight,True,1909,208c1dabe0abd3cacf256ca67d3143554ae585e9ed77f0c3e5ecbae5890f1fe3,bbe090cbdb0c996c,256,256,RGB,JPEG,11049,4
Potato___Late_blight/e9642678-b019-4ac2-a960-66fcccb2ccaa___RS_LB 2948.JPG,Potato___Late_blight,True,1910,26090a51b54d66696231064c3062251536997c2ff2a14ec28d36ca4a92b60fdf,a86fd08c8f80fd3c,256,256,RGB,JPEG,15959,0
Potato___Late_blight/e986907b-6948-4c72-93d3-29cb795cc9a1___RS_LB 3837.JPG,Potato___Late_blight,True,1911,8619e68bbd5e886eeee5e336a03927defd129059b5b4d374022f9f350ccf4705,ff60a12fd63cc230,256,256,RGB,JPEG,10682,2
Potato___Late_blight/e9cc84b7-fc38-4e65-a129-c7a63df76780___RS_LB 2705.JPG,Potato___Late_blight,True,1912,ecccdfc16c048329b3a572238d3b627bf9e0488f928c2c9637f5a4e355310c31,ba1d945a8d49cc67,256,256,RGB,JPEG,17714,3
Potato___Late_blight/ea06da1e-81c9-4e2e-8266-1f3d56914ff3___RS_LB 2701.JPG,Potato___Late_blight,True,1913,8fe6e30e31af47617ee9a4907482bafaa73325f5be5e042af85906e14699b8ef,ea94e54f966c9a28,256,256,RGB,JPEG,16016,1
Potato___Late_blight/ea2bb076-a483-4570-88ac-8ab236d4bb92___RS_LB 2503.JPG,Potato___Late_blight,True,1914,6ea3edf233886047c94926b64c45f85579df480c6c518928c80886a9988e93ba,ffe6e0cacb091324,256,256,RGB,JPEG,14129,0
Potato___Late_blight/ea350085-28c1-4fc0-9fb9-386536cb971e___RS_LB 4890.JPG,Potato___Late_blight,True,1915,8fdbe906def8d6a656fca2745fad63296c3a4cc4870f436d2f1cd6950be565e9,aa93d0dacf6c3c24,256,256,RGB,JPEG,18025,1
Potato___Late_blight/ea356b9c-9090-4f0d-9083-d1f63c77372d___RS_LB 2800.JPG,Potato___Late_blight,True,1916,b773620651f6d0ae4763f59a34be15b4b5086855cb122d6c2103d60dd6e44e99,bae2948fca97813a,256,256,RGB,JPEG,19798,2
Potato___Late_blight/ea542556-e7f6-416c-8451-149916f4574e___RS_LB 3086.JPG,Potato___Late_blight,True,1917,4227c4884f7c3ffc69578d2f61c58deb769600df954548ad3e583446acad35ba,fbca94b54c78c419,256,256,RGB,JPEG,14679,3
Potato___Late_blight/ea5fc080-37a7-4954-ba8c-a5d67b6a0962___RS_LB 2888.JPG,Potato___Late_blight,True,1918,f87cdb00d0e7ae2cd3106926e978468dc2c3b651f926a02f68b45f56b46c0cf7,ea85e1c18f1af4b8,256,256,RGB,JPEG,15328,4
Potato___Late_blight/ea620852-7590-4d82-8349-1470cb1fe3a8___RS_LB 2719.JPG,Potato___Late_blight,True,1919,81450331605c75c250e95cbd4d41283a1b6e2399070ef91b6b71c4ef33c02031,bf70f083c76ec80c,256,256,RGB,JPEG,17783,2
Potato___Late_blight/eb2bd15b-a92b-4302-98a1-bbc13a0f95bb___RS_LB 2671.JPG,Potato___Late_blight,True,1920,fbb9b9ed9a17748eaf877f63d167d63390b7e284e72f2afa33b18f84a12e0131,eaa5a497a55a9698,256,256,RGB,JPEG,18041,0
Potato___Late_blight/eb34280e-0cfb-4166-a9b8-a15892c9ff5c___RS_LB 4450.JPG,Potato___Late_blight,True,1921,87263ff1199b19aebfd86effdaff412e70465c01daeefad9ad713c58aac93270,aa39b4c6c1788fc3,256,256,RGB,JPEG,14001,3
Potato___Late_blight/eb5ff6de-b988-42d7-87bf-374a4b938af9___RS_LB 4234.JPG,Potato___Late_blight,True,1922,4b1ca1e4bf98e4474c676774fddad22c6ddc55c8bbf6e8f8f928bc105af5d9f7,b890c7dbce89cc8c,256,256,RGB,JPEG,19492,1
Potato___Late_blight/ebd47dca-590b-43c4-812d-32f95b776690___RS_LB 3834.JPG,Potato___Late_blight,True,1923,56b2abbcaa57b3b03a423436d9d3f09c9f85a6334aad11029b9d9a0b1ceb4f65,e983978eda4869cc,256,256,RGB,JPEG,9451,4
Potato___Late_blight/ec53a246-df50-44c1-a87c-c8296f25f20c___RS_LB 4717.JPG,Potato___Late_blight,True,1924,6a467327f107143a0678cf71988764ad717a1861c566db6daa4c6baabb6b9830,fdd4810fda30913b,256,256,RGB,JPEG,14093,0
Potato___Late_blight/ec5974a3-4c73-4129-a372-8ddec73eb246___RS_LB 3034.JPG,Potato___Late_blight,True,1925,9f65611fd7d0994a865657eaffbf0cc7e1f0d8f5c150dd6aa9dbfe98132f3c6a,bb3db056c2c8cce1,256,256,RGB,JPEG,16601,1
Potato___Late_blight/ec88be1e-7e05-4fa4-b456-529d7f1bf81c___RS_LB 3922.JPG,Potato___Late_blight,True,1926,43319c999457f3b8c5fd32952f37e4183f9d499a296f32bc272455805e841efd,eac1859b327d62cc,256,256,RGB,JPEG,17336,4
Potato___Late_blight/ec958877-f479-4c8c-a947-3686039f8921___RS_LB 2587.JPG,Potato___Late_blight,True,1927,7759e7c863e71774e9dbc0a1ceb6d256ca88c01a280cf231250c62d7222be003,fbc7899b943c9224,256,256,RGB,JPEG,18352,2
Potato___Late_blight/ecfc161f-11f6-449f-80c1-1b0254f5179a___RS_LB 4279.JPG,Potato___Late_blight,True,1928,2fc69d532fb5cab20e50ef38388743d174b5e3e208548695fa54b53179ec598a,faf2e5caca8f080c,256,256,RGB,JPEG,15853,3
Potato___Late_blight/ed2d2803-3b9b-4c3c-ab8a-9aea2bf76ffd___RS_LB 5190.JPG,Potato___Late_blight,True,1929,d948939a6b5b5403467807a33c8dad73948366f17913b13714bea1dfb201043d,bc6ac217899f968c,256,256,RGB,JPEG,18971,1
Potato___Late_blight/ede8e8be-6d71-466e-918e-44afa1403e30___RS_LB 5455.JPG,Potato___Late_blight,True,1930,2d37294fd4cedaddbe6a9e290b31974c84aeb938bb5d91b0b12d3c5e16228ece,cf879078cbe1b0ca,256,256,RGB,JPEG,15542,2
Potato___Late_blight/ee09546f-d7cd-4af9-9445-41745638c9c3___RS_LB 4471.JPG,Potato___Late_blight,True,1931,955be61ce3aea174849869a7b000b8dcfc5a3f11bff44370adaa436f745e0d40,ea1d8762994c95cd,256,256,RGB,JPEG,20240,3
Potato___Late_blight/ee1e965f-2bee-4a7a-8356-1118c9e41cd3___RS_LB 4120.JPG,Potato___Late_blight,True,1932,823a50b57345f1edcaa36d390b8e311e0d021a3d6632217f5f1eb4fb15a47384,ffa0f8855093d09b,256,256,RGB,JPEG,11862,4
Potato___Late_blight/ef48ec23-0655-43d7-9475-8e73086033a2___RS_LB 5219.JPG,Potato___Late_blight,True,1933,963ab83102cd8ae24229d045c07bde0711940d84d0c7e2b6ec23bcb3354b37c6,aab5b542d22f4aac,256,256,RGB,JPEG,13227,0
Potato___Late_blight/ef49abc4-4b8e-4438-88a9-b3acfdb52014___RS_LB 2623.JPG,Potato___Late_blight,True,1934,325124b249d4a9d12390eef0b52b3a51615c20631579705097e327398d8b3524,ec9dc4c6923b9a68,256,256,RGB,JPEG,17973,0
Potato___Late_blight/f07f6548-70d6-4f8c-81e6-d8193c19061b___RS_LB 4984.JPG,Potato___Late_blight,True,1935,b078caed6a831ab42ba1f96149157f01c9745e30d14aec7d436ac5fe2117284a,aaca95859a9699e3,256,256,RGB,JPEG,19153,1
Potato___Late_blight/f083d357-23f8-45e6-9fac-87e5d0ab9cac___RS_LB 3317.JPG,Potato___Late_blight,True,1936,6d51c178cfea14c41f1f86f1371ecf001c1b2fedc40c3ec61dc13729d5cfa941,abe0f50d9007db1e,256,256,RGB,JPEG,20189,2
Potato___Late_blight/f14f54ba-3706-4f6e-8152-01226e55c86e___RS_LB 4237.JPG,Potato___Late_blight,True,1937,c6aaf4f72074fb750beb5cb87faa68c584f2cedbb38be89876a83505101835dc,f843c71c98339772,256,256,RGB,JPEG,19264,3
Potato___Late_blight/f1764cd0-d391-4214-93db-20299d62e853___RS_LB 3012.JPG,Potato___Late_blight,True,1938,a2d002443663ddb83f45d2dc5b361bb7fe12c578c8ef4600c4dc3d69439fb707,a8a7f57f80804f1d,256,256,RGB,JPEG,18804,4
Potato___Late_blight/f18c34fd-e43a-4338-b3f3-6537f2f84f98___RS_LB 4111.JPG,Potato___Late_blight,True,1939,9c150cc8a4c855a774c1814ee5c9085b342cb33e8b94ef77da8a6c64a7a39f82,aef5b0c2c80fc566,256,256,RGB,JPEG,12469,2
Potato___Late_blight/f1a2b03a-d724-4f81-a8d7-d7f38f26ea29___RS_LB 3039.JPG,Potato___Late_blight,True,1940,542a8dd538c7023989af074dd60bc30fe901b6408a79a3d44254e5b8e3e529f2,efb4e092c39b0d49,256,256,RGB,JPEG,15654,4
Potato___Late_blight/f1b1a037-34e4-4016-a0bc-703059820f24___RS_LB 4343.JPG,Potato___Late_blight,True,1941,4d3959f9a90c183b3252965318c743a85c49b4d0e45ddc0d6fcfaab5c4e25905,ebcab425e3a6c906,256,256,RGB,JPEG,16645,0
Potato___Late_blight/f2676f08-798e-4291-8aa2-0655ca54cb07___RS_LB 4292.JPG,Potato___Late_blight,True,1942,c9a2d15f3fb08e33803dc62d7f1f61337603cd7913909aeffcbf71d652e77236,f983c638d366644d,256,256,RGB,JPEG,21375,1
Potato___Late_blight/f27d1c83-25e9-4ab8-8970-3ddfd2a4c6fc___RS_LB 3230.JPG,Potato___Late_blight,True,1943,ab1c0543374cae64341cf43eb63e44885f3c46f1ba7bfd28183585c355495c1c,fe3f81d59062c1cc,256,256,RGB,JPEG,17478,3
Potato___Late_blight/f2bfd338-f718-4794-a115-3337a0669988___RS_LB 2944.JPG,Potato___Late_blight,True,1944,357e9b8eee87819289523040b0c6e8987321e8e2f6d5a6d524d84b49361d3c31,eec0b01f9664cb1e,256,256,RGB,JPEG,15356,0
Potato___Late_blight/f37f6160-4f5b-447f-b497-cc6eb7662e3b___RS_LB 4951.JPG,Potato___Late_blight,True,1945,7d5485de20053888ee840427bdeee554da2a1f5b5d853fa0b0b3686115e457d8,abb6a5c992c3c88e,256,256,RGB,JPEG,19271,2
Potato___Late_blight/f3ee2886-4ada-4287-94b6-c4c93005b887___RS_LB 4352.JPG,Potato___Late_blight,True,1946,5c97ddd5545fe54d017b8557320becf1c7ed120f50d8adb10a204e0882abcf98,efb7d2c2e4cc9084,256,256,RGB,JPEG,17341,1
Potato___Late_blight/f46c0317-fc28-4b5b-a09d-b52ef54fae67___RS_LB 3889.JPG,Potato___Late_blight,True,1947,204c6960ac053ab6ccebe11c6ec619e26338a95493b6cfd978dc5ffc58205bd9,bf6cd060c31f4c1e,256,256,RGB,JPEG,14849,4
Potato___Late_blight/f477f5a9-90cf-416b-8a3d-782ea2365c9f___RS_LB 3884.JPG,Potato___Late_blight,True,1948,89d35597eb91c34647e890c091f17752a70c8324816e0abcb15dd63b40c60c4c,ba15c4609ce7936d,256,256,RGB,JPEG,14746,3
Potato___Late_blight/f4e0bb0f-5f98-497c-a090-4e4c47f6707b___RS_LB 5153.JPG,Potato___Late_blight,True,1949,33106fd015b9c5d9633f460960d587d6fccf8788dc0f392799d72d06dddbfa7a,a86e9681df169cb4,256,256,RGB,JPEG,14617,3
Potato___Late_blight/f4e6847d-d381-4849-9ff1-930cfb597d08___RS_LB 5097.JPG,Potato___Late_blight,True,1950,e5298d865f68e44eeef95727c3507b8e532ffbdf81ff1edbed4480324ad3e3e4,ab6ac481db829e3e,256,256,RGB,JPEG,19501,0
Potato___Late_blight/f528b00d-99a6-41db-8d96-9eed58b519c1___RS_LB 4544.JPG,Potato___Late_blight,True,1951,30d94528982c61ff88ae148e99dacf1c272a33a443597a1770edf6738be40ef9,eac1850f9c3193f6,256,256,RGB,JPEG,13234,1
Potato___Late_blight/f528e881-b237-4797-ab54-0152eb901f53___RS_LB 3854.JPG,Potato___Late_blight,True,1952,8bd61d4f5d0e6bfc427dca42e5ba3ab4a705ac36b45dd9ae5ca6bd2111b08495,fe62c09fc818e939,256,256,RGB,JPEG,14272,2
Potato___Late_blight/f5ad9b49-ea3a-46c0-8a54-d4e0aa76eda4___RS_LB 4379.JPG,Potato___Late_blight,True,1953,5d592cc7fe84f0529a39a4318a9d8595a4418b2927be6b8e97c1cbe611c3eca9,b63b91c4ce13719c,256,256,RGB,JPEG,13679,4
Potato___Late_blight/f5cf6151-96d1-49bb-af1b-fa6026d749e8___RS_LB 4048.JPG,Potato___Late_blight,True,1954,ce641692f1a1df0b0b030881b896c58a05be9b2d9ba92407f143e4246f6e0bba,ff37e0708760b443,256,256,RGB,JPEG,12637,0
Potato___Late_blight/f5f41985-23db-4902-96a1-db4d7f95a26a___RS_LB 3177.JPG,Potato___Late_blight,True,1955,53174c01749c2d3468c688fcfe1086a8e6200e1824ba1b420316e5ad571f268d,aba1d4c6865b9e1c,256,256,RGB,JPEG,19817,2
Potato___Late_blight/f62c0408-af09-4883-a780-7bd335e60443___RS_LB 5258.JPG,Potato___Late_blight,True,1956,86c3543d420ebb634a0daa7bbfdd01617df644ab64c3a01f7eea4d90f416237f,eae0a58b9b8d98b4,256,256,RGB,JPEG,14151,3
Potato___Late_blight/f68e448a-c2f5-4638-a7cb-45e73083ae4a___RS_LB 3892.JPG,Potato___Late_blight,True,1957,dbfd0058948576b39fda586af5e10d217616570baf3120166c9ba6dc54ee676f,ebc2948d9a369933,256,256,RGB,JPEG,14797,1
Potato___Late_blight/f7438ce7-c12a-40df-83a1-1ab0cde13bb0___RS_LB 3847.JPG,Potato___Late_blight,True,1958,f147b3c8cc093fc8bfe1cb5284d810319b92092cbf1d6292d97798c087041090,aa7ab461c337cd06,256,256,RGB,JPEG,12839,4
Potato___Late_blight/f7936082-7315-477d-9710-529a7024b32d___RS_LB 2546.JPG,Potato___Late_blight,True,1959,26f1c8649377b1b0e16958164fe4fa021c651513370c86502df2962a59a737e5,fe2da93494d292ca,256,256,RGB,JPEG,17074,0
Potato___Late_blight/f795a3d7-2915-447c-9e6f-df1d895f98bc___RS_LB 2792.JPG,Potato___Late_blight,True,1960,78588a67fae8dcbbe5183e69b9b1ecc4f32cbd7413f9277a349dbd7048b8555b,fcc8b1879a96c932,256,256,RGB,JPEG,15255,2
Potato___Late_blight/f7bbae6e-df8d-4f2a-b8b8-52c94d9bf2b5___RS_LB 3212.JPG,Potato___Late_blight,True,1961,caa7978c82ad3d706feabf5922f5101807e3bd538352cb306420ca5cd8b0dde6,be95c158c3698e65,256,256,RGB,JPEG,17615,1
Potato___Late_blight/f81452c0-aa6a-4d2e-a4ba-c761a2e7870f___RS_LB 4280.JPG,Potato___Late_blight,True,1962,e09e793558b68595e60f1242dff4195e47628a159e11791512adaa4aa9da6daf,a9efde908396b604,256,256,RGB,JPEG,15764,3
Potato___Late_blight/f87fce12-78df-4a8c-92ff-8c0b83cc82b9___RS_LB 3025.JPG,Potato___Late_blight,True,1963,f1391989161303fb52df69d97924e4689362c7e919b993e9d27582e6f00604e1,fec4b4e1c2845b1e,256,256,RGB,JPEG,14815,0
Potato___Late_blight/f8d2bf55-3044-4d09-9372-63aa960f1881___RS_LB 2538.JPG,Potato___Late_blight,True,1964,306aeec359ea50deafedc88af4bc7665df1cd7550c2a902fb6bd2a32284a1348,ea35b41a8dc1ce4d,256,256,RGB,JPEG,19297,4
Potato___Late_blight/f9102bc2-7c64-4dd8-afe5-d31db2159899___RS_LB 4401.JPG,Potato___Late_blight,True,1965,258e3650f3b4da2d5af6782917a9f2c36545dc04d93c5cf51678e899ed569436,bfb4d0c22d1a94cd,256,256,RGB,JPEG,20246,1
Potato___Late_blight/f926e3c1-74bb-4397-85ca-725a54dfaf49___RS_LB 3053.JPG,Potato___Late_blight,True,1966,37710fb7f9fd23b67a5b5336f2b491bf8170c61fdc647dd869d6a0046607b67a,afe1919b922ccb64,256,256,RGB,JPEG,16058,2
Potato___Late_blight/f93b9fc8-469b-4a2f-8c0b-ca3d1a093185___RS_LB 3870.JPG,Potato___Late_blight,True,1967,3b8e0511f6768b4fb89ebe52e5a3036d68f9e17603a5289155201ebecbabbf83,abc5943e82584f79,256,256,RGB,JPEG,13975,3
Potato___Late_blight/f95a6bbd-39a3-48e7-a612-8833c2b7b3ff___RS_LB 2784.JPG,Potato___Late_blight,True,1968,ee42b2d531f14f9f476a7a96bd61e3a2769d68b58324d74b3de95623b41f04fa,aef2e08d8b8e980f,256,256,RGB,JPEG,17274,4
Potato___Late_blight/f964b423-2146-4523-9f71-d7937c475bf0___RS_LB 3842.JPG,Potato___Late_blight,True,1969,b944e6474845463a5618c1e8ca14e17da5523e72b116dbfc1062d57c4de57955,af68d027cd3ecc18,256,256,RGB,JPEG,11650,0
Potato___Late_blight/f973bbe0-ce70-4215-8d5b-9e7adc099261___RS_LB 2507.JPG,Potato___Late_blight,True,1970,6124011a6b54e68196a1f85f0c33e538fa4ca2d76c29e7ccb3af440b06a8628c,bac0e58f969cb125,256,256,RGB,JPEG,13231,1
Potato___Late_blight/f9bd5093-1f62-4d00-bb66-7f65ce5c412b___RS_LB 2854.JPG,Potato___Late_blight,True,1971,2a8a94c3fb7a5db56c720a98ef305de4798869c3781c2ee83d9ffb2d378ec243,eee4e596ca5a8819,256,256,RGB,JPEG,14732,2
Potato___Late_blight/f9d861a9-0217-4de2-844f-fd23ccaa9def___RS_LB 3067.JPG,Potato___Late_blight,True,1972,ba55e7d5284df7efb5f8aeb39c2c64f0f8574004eaaaa2dab27eb884db7cbfbb,be1dc0f0ce5388e6,256,256,RGB,JPEG,15928,3
Potato___Late_blight/fabf3179-8fba-4551-93fe-28e7f6c0efc3___RS_LB 3269.JPG,Potato___Late_blight,True,1973,2840e7b744c3bc757ba52d3d04650ed0d57d31f6c9d869fea49c78fc2c3c680d,aee8c185f61691b6,256,256,RGB,JPEG,20977,4
Potato___Late_blight/faf67766-afc0-4f41-af0b-a3971fe325c7___RS_LB 4777.JPG,Potato___Late_blight,True,1974,5cf21e1f8a9510cc554b5c5efc2b4a5f983086cfd0c89df6a12188222da875d0,abea94859e34c933,256,256,RGB,JPEG,13458,0
Potato___Late_blight/fb13e4c8-17e4-48a9-899b-dfc7f302196c___RS_LB 4374.JPG,Potato___Late_blight,True,1975,c8bd120ccbfbb0e8c070360067078102b9348b1153de5664371c1c6f5d246210,a93995d3d3c09ccc,256,256,RGB,JPEG,16927,1
Potato___Late_blight/fb61ea12-3f1a-4ea3-911b-d830eeb74717___RS_LB 2914.JPG,Potato___Late_blight,True,1976,92b7b6685d8c66c6a06fc7ba94bd0bc619e64aff320c3fa4610238f114fad390,f6d4952bca9e9818,256,256,RGB,JPEG,16211,2
Potato___Late_blight/fb91b663-6a03-4165-8125-afc96e41ab5c___RS_LB 5130.JPG,Potato___Late_blight,True,1977,f39622df0861030027df1b79aa60bb8df9fcece341ab08dbd003aca2dcc063f9,eaca879eb0913396,256,256,RGB,JPEG,14930,3
Potato___Late_blight/fb9dc049-ec76-4502-9a11-13fb62a26ed4___RS_LB 3916.JPG,Potato___Late_blight,True,1978,1f6ff796a15d91f10a91b72c66c679b20c01bebb96a0d310e906982482cd5f8d,ea50a5af8b889e95,256,256,RGB,JPEG,14772,4
Potato___Late_blight/fbe08e9f-d4a0-4a6e-9741-c34fda88b3d2___RS_LB 4540.JPG,Potato___Late_blight,True,1979,35a9ef9190a26b8034334ddd0ff0f2cf947ddf8260102aec3708e5ce7fcf4419,efe18c9b12e71832,256,256,RGB,JPEG,16383,0
Potato___Late_blight/fc748621-bd56-4012-a617-9e30df58ecfc___RS_LB 4402.JPG,Potato___Late_blight,True,1980,925268b37ed1edc01d48310eee2eba5a977a2515cc005f4d06bfdb3d7e5193ec,a6f2d8c96537d206,256,256,RGB,JPEG,17329,4
Potato___Late_blight/fc759d3f-64c7-4e45-9a0c-5a2f07fd1055___RS_LB 3030.JPG,Potato___Late_blight,True,1981,ca1842da3adf1c0c19e4d573587ec75dc00c93f83bdce241ad62a2e21ff82945,fe13a00d9762dc4b,256,256,RGB,JPEG,15688,0
Potato___Late_blight/fc9b06c8-7c63-445d-9858-a5a0c7be719b___RS_LB 3273.JPG,Potato___Late_blight,True,1982,f5e04ac2820d02fb62be5ddd56443294bfac9e393073aeb39a1dec3d71b62ba2,ff1fa1709e63c041,256,256,RGB,JPEG,15438,1
Potato___Late_blight/fcc8393e-18f5-48c2-bd87-a0dabc151810___RS_LB 4029.JPG,Potato___Late_blight,True,1983,c430a576bd2c2a52b869c6ac0b421fa36e17d296c82d8707166dafe3973a2d9a,fe58c10dcee58932,256,256,RGB,JPEG,13159,2
Potato___Late_blight/fd35fb86-6558-40f2-b8ac-6922e2107af5___RS_LB 4095.JPG,Potato___Late_blight,True,1984,a748ad73397af1e59c4636b877a623a04c7e5a6bd69b3011c07b33281ea60ea5,ee7aa08d1bcd1a86,256,256,RGB,JPEG,15404,3
Potato___Late_blight/fd81a3e2-1d3e-4e52-a010-ad1b36a5220d___RS_LB 4067.JPG,Potato___Late_blight,True,1985,0137c7d12fc97e2aa32a55a460a916d66275870ea17cd4672574f7911bd64f52,ffe0808b9f3cb031,256,256,RGB,JPEG,13672,1
Potato___Late_blight/fdb4e132-c71b-413f-93c0-c863dd4582a7___RS_LB 2582.JPG,Potato___Late_blight,True,1986,1ea07a32c2efd7c2a6cbd8ea104433cdc2387a705dbcf5aa8d57f9f64983789a,afe0f086803fcbf0,256,256,RGB,JPEG,18512,4
Potato___Late_blight/fdb7d904-91df-4f00-85bd-0fb038723329___RS_LB 2628.JPG,Potato___Late_blight,True,1987,ff1b083243bcee520efdcf8ed46fd3f4274380b0dfe23b8a5a4b758d2e8bc056,eb69b19c96929a34,256,256,RGB,JPEG,15568,0
Potato___Late_blight/fdc86644-2491-4ace-b7e3-190e1d68ebba___RS_LB 5129.JPG,Potato___Late_blight,True,1988,12ab91ef10976b2ba65dbb3d41eb1da37df74cfee743f968b287f7b26a738e57,ffbe80d08a43a4e6,256,256,RGB,JPEG,15082,2
Potato___Late_blight/fdf53f6c-db92-48b9-9e06-0358e4114be6___RS_LB 2656.JPG,Potato___Late_blight,True,1989,70f30cb4f98094fb38d09213f8d486d21803e59ff24a67bd87c7a9b60bf62a1e,ff4ba834955292c3,256,256,RGB,JPEG,16747,3
Potato___Late_blight/fe3eb287-4bb0-4a6f-b50e-253370bd19dd___RS_LB 4073.JPG,Potato___Late_blight,True,1990,b82b76037c500b2f63523a0d1eeb82511317f24e95e6d9dacc187e8afd1b444f,fac2851ed1319774,256,256,RGB,JPEG,11764,1
Potato___Late_blight/fe4bbe61-ddd7-464f-8aa6-e292b8686c70___RS_LB 2902.JPG,Potato___Late_blight,True,1991,f7e8a66af5c0621af0a5fa7bd32c8866edc0ebf6d858c12518d7d6ab125c2f1d,eaa6a192c3da1ec9,256,256,RGB,JPEG,15609,2
Potato___Late_blight/fe72d959-6788-4b19-9285-e0b2919dc718___RS_LB 2516.JPG,Potato___Late_blight,True,1992,a9c1c705e350835ad86b8b198602cbeb39aa3f6612b2f8268859538f1be60e94,afb79048c86dc764,256,256,RGB,JPEG,16069,4
Potato___Late_blight/fe93615b-4160-4956-a65c-cdbc79af2052___RS_LB 5131.JPG,Potato___Late_blight,True,1993,793ec2d3a72f92a57c396c3ae766930094a360dffc3e9cd0a1ac29e3b368f6cf,abe0a586d63eda18,256,256,RGB,JPEG,15151,0
Potato___Late_blight/fe9d57f1-8e00-4069-963a-b344cceca7b3___RS_LB 4486.JPG,Potato___Late_blight,True,1994,9931430bd39af589217f2a245292bc88954f53d3facfb49e819beb0838cd04e4,bc9cc3610cc63b9d,256,256,RGB,JPEG,16233,3
Potato___Late_blight/feefc118-4434-4ffb-afbb-02fb292f72b6___RS_LB 2874.JPG,Potato___Late_blight,True,1995,5f3ff4bb6b7c04aa3883a6ce1c785bd0d06941e64131745998d9fcde7ae0003b,aee4a4c49e1b9999,256,256,RGB,JPEG,15864,1
Potato___Late_blight/ff03a125-445b-40e1-a7ed-0bb9b155dfd8___RS_LB 5039.JPG,Potato___Late_blight,True,1996,e732f2640a7244248859d868b55aa0e8af7d55569f831d33843a645038b6ab57,aaca9527d836cc33,256,256,RGB,JPEG,16952,3
Potato___Late_blight/ff7160f9-f8d7-4576-82b8-009bf1b63b3b___RS_LB 4974.JPG,Potato___Late_blight,True,1997,b9db18be72c49205f1b396a355cb7a9d2760a419fa3d45a2491416dc6099d3e5,ab17845acf619c66,256,256,RGB,JPEG,18320,4
Potato___Late_blight/fff55a7e-2f86-4747-8d31-f1fde3c307aa___RS_LB 3081.JPG,Potato___Late_blight,True,1998,f0ee49651628a1e415636656a867b03b450346baa14adb01568ec19d1aab99ce,af7ccc81d193841f,256,256,RGB,JPEG,16590,2
Potato___healthy/00fc2ee5-729f-4757-8aeb-65c3355874f2___RS_HL 1864.JPG,Potato___healthy,True,1999,1c057430715c288100b64ac6136b69f23f8708f92e7e4f0410ac16b110325946,ea14b156c56a8f69,256,256,RGB,JPEG,21345,0
Potato___healthy/03da9931-e514-4cc7-b04a-8f474a133ce5___RS_HL 1830.JPG,Potato___healthy,True,2000,ca02edeb23fcea64bae292a7b20f9a4b26484df6a287b3fb5d6b4fe53b131f33,ea25955a8b698c6d,256,256,RGB,JPEG,20229,1
Potato___healthy/04481ca2-f94c-457e-b785-1ac05800b7ec___RS_HL 1930.JPG,Potato___healthy,True,2001,aed52452d81d81597b1bac54981bcae6952906110f7aa47be945a6a28f4a7e60,efd0958f9835c832,256,256,RGB,JPEG,21257,3
Potato___healthy/046641c1-f837-49eb-b5f2-4109910a027c___RS_HL 1878.JPG,Potato___healthy,True,2002,19e47ed531b27e96708e33447d17075a20c7a28c5e4fea4212ecac0a65c0abcd,ee17b54ad019c369,256,256,RGB,JPEG,24030,4
Potato___healthy/07dfb451-4378-49d1-b699-33a5fc49ff07___RS_HL 5399.JPG,Potato___healthy,True,2003,5b8d8f9041f427aa28dcb6bc36b8e4d7a8c92d7b7a60905ab62c329a1024bd13,fa4ac36d8f8ccc30,256,256,RGB,JPEG,20048,1
Potato___healthy/0b3e5032-8ae8-49ac-8157-a1cac3df01dd___RS_HL 1817.JPG,Potato___healthy,True,2004,081328b5e520f5606bf763771d08a7085f040ecad789f5d422b2f48db14fd21a,eaa1b49ac49acf61,256,256,RGB,JPEG,16148,2
Potato___healthy/0be9d721-82f5-42c3-b535-7494afe01dbe___RS_HL 1814.JPG,Potato___healthy,True,2005,ad7859ad619e22ca6adaf7ca4b83a1c3130f5270dab3ac3c71e7c1f3fab1d71b,a9f9d4c2961d3e30,256,256,RGB,JPEG,19453,0
Potato___healthy/0f4ebc5a-d646-436a-919d-961342997cde___RS_HL 4183.JPG,Potato___healthy,True,2006,0f9b82836c810e4c782b44be63c8f89926b38e26d2d8e7f9069c43305fce458b,fa62c40f8db0cd95,256,256,RGB,JPEG,18420,3
Potato___healthy/1106c3fc-92cb-41a6-a6c6-8f08b9b45108___RS_HL 1914.JPG,Potato___healthy,True,2007,cd1ef2774e1af39ca7b1916188fb59d2ebef111dc86c9191810bc615dc442564,eb92848d755bb229,256,256,RGB,JPEG,23700,2
Potato___healthy/111cd9d8-4d27-4225-be9e-d29b21cf56b9___RS_HL 5419.JPG,Potato___healthy,True,2008,97ffd530447b2042eb52a12f59e7ddb77a39f672c92d0a15e12ef03dd0cad9b4,bb15d07ac9608f63,256,256,RGB,JPEG,19226,4
Potato___healthy/142fb983-2166-4a0f-b99b-a6c21e99987e___RS_HL 5398.JPG,Potato___healthy,True,2009,786a7d203443a46a34b93bcb5f3bb520287c9dcd1f474bb3d5b47eebf4d7b13b,af07dd1ec148c761,256,256,RGB,JPEG,20618,0
Potato___healthy/14484ea5-9c34-427c-abe4-2743265aced0___RS_HL 4204.JPG,Potato___healthy,True,2010,a0c43497abeebe5a1022e99315a9352943f156778e8a65a6e40f5ecf33f0ed08,adc99b1cd833c632,256,256,RGB,JPEG,16643,1
Potato___healthy/144d2475-21ab-4bdc-a67c-9672a9b711e6___RS_HL 5376.JPG,Potato___healthy,True,2011,07bb6d02abf2c95c8f49dd07f1b2607bfc4a5f6aa8231a507595cf68c0741e2c,afe4b485de949892,256,256,RGB,JPEG,18385,2
Potato___healthy/163ada72-4288-4f85-a3c1-feed23c8d1de___RS_HL 1940.JPG,Potato___healthy,True,2012,ea670134ff78cf3effc45ad239c3a8c3ccb5afd45dcdf212eca65f2890113460,ea8d955ac9603d27,256,256,RGB,JPEG,20815,3
Potato___healthy/170f1f57-0fd4-421f-9c82-3b1804be63ad___RS_HL 1771.JPG,Potato___healthy,True,2013,43c2666ad8304046ab8f03ae0e49637502ab3864030c215f4ece4816e088f988,aacab48d9abd1127,256,256,RGB,JPEG,18647,3
Potato___healthy/1a1184f8-c414-4ead-a4c4-41ae78e29a82___RS_HL 1971.JPG,Potato___healthy,True,2014,22a4b976ad6f7fc439abdbfa6ec4e0e4e5a713ddd1adb14dead55b2e4c0ae5fe,fec2c58f943c9035,256,256,RGB,JPEG,19143,4
Potato___healthy/1ae826e2-5148-47bd-a44c-711ec9cc9c75___RS_HL 1954.JPG,Potato___healthy,True,2015,51e904d43d5a346fdfbf6a9b362942fd0cb069ef42fd400611d92e427cada84f,bf9ec0d0caa54a27,256,256,RGB,JPEG,22187,0
Potato___healthy/1b434c52-7be4-40c4-90d5-13220f1a3eba___RS_HL 5418.JPG,Potato___healthy,True,2016,6ff1db5b951cbb193c43dda3a7e273d10bb9d7086695a020d056b6bdbdba6a87,bf4ad0079b369c31,256,256,RGB,JPEG,16644,1
Potato___healthy/1dcfeaa9-006d-470c-b3e5-d67609d07d4e___RS_HL 1808.JPG,Potato___healthy,True,2017,34e7acb77839f89c8c284e3299dd7de5a08b0bf959a3b80e780212ca0d33edc3,af97d2d8cdc0c464,256,256,RGB,JPEG,18978,2
Potato___healthy/1f9870b3-899e-46fb-98c9-cfc2ce92895b___RS_HL 1816.JPG,Potato___healthy,True,2018,702444f64237854ed02c1399cbb584608b3d453ca33f409f588fc17703ae2d6a,aee2b587921f823c,256,256,RGB,JPEG,19589,3
Potato___healthy/20ac28d6-5708-4e31-8676-1b1979de094f___RS_HL 1735.JPG,Potato___healthy,True,2019,9c8d896f52507bc8346a4689592ce7f8aaf7cb356d9ceb35a932bc2e716a2a11,ea92f54ac22f8b34,256,256,RGB,JPEG,18602,4
Potato___healthy/22322780-95b4-4b45-b626-26b22965d55e___RS_HL 1880.JPG,Potato___healthy,True,2020,4e7ad43ef5fc153ec8da25f31242fa9a9c84ad334206228aab4c4dcf4a328ad2,afe095c39a0fc81e,256,256,RGB,JPEG,20175,0
Potato___healthy/23f1ab77-d664-49c4-92eb-41eb66c6d101___RS_HL 4169.JPG,Potato___healthy,True,2021,b4c50ce2b1848b619b249ff81ed7ab435808ba6134e936e8f64868c3b46f433f,adc0969f92b23366,256,256,RGB,JPEG,19387,1
Potato___healthy/23f4d3b1-23f4-43fb-96c2-dae37224ec74___RS_HL 1803.JPG,Potato___healthy,True,2022,3737b3756c3ed9406a0e84ee51441e0700780f6bb95c873eb9e20b50f0202079,fae485da96891ab1,256,256,RGB,JPEG,22382,2
Potato___healthy/2ccb9ee9-faac-4d32-9af5-29497fa2e028___RS_HL 1837.JPG,Potato___healthy,True,2023,3da0a0e5f5aee349171c71b479de233c0b1175f0ebb291e95d07f8faf3e438cf,fea5a01c87789e29,256,256,RGB,JPEG,20700,4
Potato___healthy/2d98cbc8-cbe6-423c-b2ab-3f7f8bcea5d5___RS_HL 1945.JPG,Potato___healthy,True,2024,b390c4da5469f53ce9168d73e6becfe405b1677adb7324b39a35569b4913b879,eb97944a4e2dc631,256,256,RGB,JPEG,16212,1
Potato___healthy/2dee1571-ef6b-40ef-8c46-334e89aad3f1___RS_HL 1950.JPG,Potato___healthy,True,2025,393b556bfdbca0629e8ef9db922eeea6f322ac7deb8bd8e80ba6503feee6e91f,bb30f241ca3dc99a,256,256,RGB,JPEG,19247,4
Potato___healthy/2e0b8b4b-e900-408b-b760-730690bbd382___RS_HL 1901.JPG,Potato___healthy,True,2026,57a2252913eb374e4a49b8e5e14f6de7f9f71f8839cbf1ce2062f4f4387b39ef,bb94c0d2c7ca4f19,256,256,RGB,JPEG,24468,0
Potato___healthy/30126310-39de-4c02-b10a-23409417a4f6___RS_HL 1826.JPG,Potato___healthy,True,2027,93334e7ac982660f843c04e2fc13815837e860d422becd91532664ebaafe86d9,babdc01a8f4985c7,256,256,RGB,JPEG,19398,2
Potato___healthy/30937333-8898-4634-8c00-af57d3020ba6___RS_HL 1922.JPG,Potato___healthy,True,2028,fddde13a83a70c8ba7022f5fc492cbb9fcafb9f37582315c6135147a5fd70ae8,bab9c0d68f4a8566,256,256,RGB,JPEG,24405,3
Potato___healthy/31a09d39-6791-4ecb-8f44-af2ed85dbd33___RS_HL 1970.JPG,Potato___healthy,True,2029,54aad0a15c17ee2fa54775aac16f85aad8644d36897c40693bf6cf1f9fc56098,ff81c05f872adc24,256,256,RGB,JPEG,22962,0
Potato___healthy/369479a9-3c28-4d77-8731-9ae54e719af3___RS_HL 1785.JPG,Potato___healthy,True,2030,756fa522d2bfa2bad0bf35cd0ef6b1b44686af2467a68dfbccaec27401bac24b,ff1ec05583609c6e,256,256,RGB,JPEG,21564,1
Potato___healthy/36bdc44c-96a4-40bb-86f7-63a91d706e96___RS_HL 4203.JPG,Potato___healthy,True,2031,fb3e937b447382752f31804214040518a6af3cd4e230c13d6885830c852a1ec1,eac5859f9818b372,256,256,RGB,JPEG,17855,2
Potato___healthy/38faf81d-c83b-42ca-b4c3-e3bbfa070589___RS_HL 1805.JPG,Potato___healthy,True,2032,2407460081cec6761554d50b6b5020a61bb985590ae16c5b66f1e47f42f8296c,ff9dc0d4ca60b462,256,256,RGB,JPEG,19227,3
Potato___healthy/3a00204c-5e53-4e5d-95a6-f8819031744e___RS_HL 5420.JPG,Potato___healthy,True,2033,958e02cf91adc25e357e1bd183a70b6858c99c9d5569afc8e809a25d65cce77c,ff42d007dd3a803b,256,256,RGB,JPEG,16976,4
Potato___healthy/3a1dbeee-089c-43f0-8f51-a92d3687a515___RS_HL 1754.JPG,Potato___healthy,True,2034,aa28f4b859c44604f51c5a4005623cc0cee364c83a1beb42b21b2d573fa04015,aa14b55ac769ce64,256,256,RGB,JPEG,21808,1
Potato___healthy/3c0d6888-c7e1-4cf8-9c25-9a0b8c62ba72___RS_HL 1780.JPG,Potato___healthy,True,2035,4e763dbfa5c183fa2aae930ddbcedb86273238ed806d141b5b8ee13a189ee907,ee93b44ad36c8b24,256,256,RGB,JPEG,18055,2
Potato___healthy/3edf7c3f-73e0-439c-870d-76cfd7c3bc45___RS_HL 1859.JPG,Potato___healthy,True,2036,0443835f56c9ac4a7b7b1bfa732d100dde58e6ccade0d5fc271772d1248d1314,bbb1b0d5c34a8d68,256,256,RGB,JPEG,23878,3
Potato___healthy/3f369e63-81eb-4194-a145-df9ed91abc5d___RS_HL 1745.JPG,Potato___healthy,True,2037,4b8e298a9bcd1d003dbe620de1ae526effc12a0a19726237869fe2743a0c8624,fea580570f6a1c66,256,256,RGB,JPEG,17711,0
Potato___healthy/413bc2e9-eb2a-48fd-ba65-48b5121fd85c___RS_HL 4200.JPG,Potato___healthy,True,2038,a5eb55aca6e99b10719aac043f7fffbc87fea4156a4044f9e98b7af1f0a81f70,be42c307cc1cdd99,256,256,RGB,JPEG,17131,4
Potato___healthy/414f6249-9f78-4af5-9593-9d5a7e7d979f___RS_HL 1918.JPG,Potato___healthy,True,2039,a3237de22973fd78539a1a8b6a776218d8cdc4dd54e8497d588468d9d878a152,ff4ad027c936cc18,256,256,RGB,JPEG,24388,4
Potato___healthy/415ac4a2-8f16-4052-880e-1e1f208965f0___RS_HL 1884.JPG,Potato___healthy,True,2040,91fc20ebce29dcf5c8194fc6911556dd3cb9cbb0257f52c98a9437a6a81852d9,bbb9e0d2876a1a86,256,256,RGB,JPEG,23680,1
Potato___healthy/43fd6ace-3712-494a-9aba-de5482d22561___RS_HL 1968.JPG,Potato___healthy,True,2041,b3aca833eac476f36803eabfcc87214cdb8cfe83e1da5add9a15ddb9699ffcb2,aad895cb929f123c,256,256,RGB,JPEG,20722,0
Potato___healthy/45bc0b37-ca59-4a89-8531-705af42a6fd5___RS_HL 1946.JPG,Potato___healthy,True,2042,600ae07f3c7c7fc14bc898e64e3deda8d138ccf731cfd7880954b8f269f32f81,ea37a172c663c20f,256,256,RGB,JPEG,23001,2
Potato___healthy/468d3107-f09a-4f0d-8b9d-f08d7c49738f___RS_HL 1747.JPG,Potato___healthy,True,2043,bf09317b45b31d91218f22f8f22e2281218fd1b1749156895c0ea38bf68596c3,bf97d058c720c663,256,256,RGB,JPEG,17626,3
Potato___healthy/46b2555a-c0a6-48c2-af13-0816e147e4de___RS_HL 1943.JPG,Potato___healthy,True,2044,249bc8066b6ce1610a4f1558c30c9963a70d49fd68288d73872bedf1a820eafe,eb13b05a46ebc62c,256,256,RGB,JPEG,21326,1
Potato___healthy/4a08efaa-28cc-4356-8769-4002f4b299ef___RS_HL 1850.JPG,Potato___healthy,True,2045,3bd0dd84239a5bef137b2ed0eb793fd2c864cd99725d3818337d2a7a1cd1fab5,bac7c01e8738dc39,256,256,RGB,JPEG,20664,2
Potato___healthy/4ae82355-6885-40e7-9807-dabe46ed3441___RS_HL 5410.JPG,Potato___healthy,True,2046,d98f18fd0bd416caf63685e5da2d6ff6eda2c5234ad384426275d4b5c30b35a5,abc2b59e8298cb78,256,256,RGB,JPEG,17750,0
Potato___healthy/4bbccfb6-5720-4c80-9b37-0c3ed8999c9f___RS_HL 1791.JPG,Potato___healthy,True,2047,38d64354b2aa5fc529b5109243abea3bd306084c415941ff06fe5ff8919bb2b6,af4ed021c33f4d1a,256,256,RGB,JPEG,22527,3
Potato___healthy/51a03694-82cd-43a5-9877-ddce42c1a5ad___RS_HL 1779.JPG,Potato___healthy,True,2048,17a954f569f33792edc1ed260d1f85f8c03e3e9b1148931608a35f5c3cd3f0e9,ea35b54ac26f0e34,256,256,RGB,JPEG,19021,4
Potato___healthy/52dd2fdd-6966-450c-a42b-ee14428d4271___RS_HL 1955.JPG,Potato___healthy,True,2049,a3f39599509c1996532de855f1ed4ce358176698756ba9c6a911a4604f64832a,fbe6c48f86199a30,256,256,RGB,JPEG,18983,1
Potato___healthy/533abd3a-3e1d-42d0-ae9c-5189282b78af___RS_HL 5369.JPG,Potato___healthy,True,2050,57c0866e2e4ec714eed0dce07db3a53a0c876e8b0e0b6d9e655095ed16460ea2,aae1b487da8e98cc,256,256,RGB,JPEG,19375,4
Potato___healthy/54f86311-9d76-421b-b401-0b02f6e738a5___RS_HL 4172.JPG,Potato___healthy,True,2051,ae8756beae5d897f2f0e359642385f55c59f1724435745be2cb29548b3a820f7,fac0c595741d434f,256,256,RGB,JPEG,18425,2
Potato___healthy/56ae1281-5ee5-4f2a-8678-c2e4491878c6___RS_HL 1869.JPG,Potato___healthy,True,2052,a3caa0f0d7f152e91674649bf84e906b43fd438ee9dc3e08732a98518f58f597,ea15915a8f6b4ca5,256,256,RGB,JPEG,20724,0
Potato___healthy/57c2663b-5d1d-4476-b067-38b2149c3b2d___RS_HL 1796.JPG,Potato___healthy,True,2053,dd79c98ff690f03b4e1447726e9340e637afd77f72135f5f0dd2376d9c9e9cf0,a8cfb59cd6989231,256,256,RGB,JPEG,20968,3
Potato___healthy/57e24d88-fd01-4422-b8b5-d688d2296184___RS_HL 5401.JPG,Potato___healthy,True,2054,3e120ed724efb8dadd0f2198cf2aa11a4a5126346aacd998da346076a8cfb069,fa99e1b083d20f4b,256,256,RGB,JPEG,21751,3
Potato___healthy/57e262fc-e0ba-44db-a967-5ba6f1826e49___RS_HL 1897.JPG,Potato___healthy,True,2055,8ab0d27f2336f9a91da5fdc351dbc390d9bdef840293ad91985b5ad10a2d08b4,af6af007c716ce18,256,256,RGB,JPEG,19678,0
Potato___healthy/58a98860-86d8-41e7-9f8c-cc2ca5e90012___RS_HL 1758.JPG,Potato___healthy,True,2056,ba274c118cde44eefc3a3bf2485e2708ac5d7ba7f178f13bc199833e66478923,fa9d85529967b124,256,256,RGB,JPEG,18957,1
Potato___healthy/5a3fc4bb-a78c-4276-8934-f0b037ffb860___RS_HL 5412.JPG,Potato___healthy,True,2057,d5770a0871aa0eece913ebdaaa7e85cf614ae07798d858ea8eebb42b54a04cee,ab15945acb65b466,256,256,RGB,JPEG,18317,2
Potato___healthy/5cb360dd-5c17-4c57-b31d-97cd8dd8d0bd___RS_HL 1797.JPG,Potato___healthy,True,2058,856d74cd84e27c2aa8d431f8b8b41fb684d2407ebd0d90d71503b89a92391bfc,fae481981f6ab865,256,256,RGB,JPEG,21283,4
Potato___healthy/5d505af8-3f73-4781-980c-a4a696a04550___RS_HL 1934.JPG,Potato___healthy,True,2059,3ccd13d16aafa862722696f05ff26306118fe77d3f4c9665e11b85432809f0ff,a9d3914fca3ccd30,256,256,RGB,JPEG,22619,1
Potato___healthy/5df30492-0b54-474d-8883-bba9474ca88f___RS_HL 1801.JPG,Potato___healthy,True,2060,61d874d1ea66650c77f62d0edfcb79732f0298f148a480cc999baaeee001a320,ea46a50dd23ccbb2,256,256,RGB,JPEG,16262,0
Potato___healthy/5e19b1f4-fd65-4c4d-bcd2-18c8c519eddb___RS_HL 1965.JPG,Potato___healthy,True,2061,782e5b9e2ff05400e5e52d4e45a692925db0bbb2b8639620fc2a9cbf1ca45160,ba99c0528f679c66,256,256,RGB,JPEG,22436,0
Potato___healthy/5ea316eb-10a2-42c0-b781-40d90356ccaa___RS_HL 1935.JPG,Potato___healthy,True,2062,459c285e78f6f682807bd6608832f6eac763a10d7991213eae5b1748934127d9,f3b3a253c52a9c25,256,256,RGB,JPEG,21163,2
Potato___healthy/5fcbde8f-52af-4963-b324-ff7f4dd6bd4c___RS_HL 1762.JPG,Potato___healthy,True,2063,4c108060e2d5d992b4ffecaca4a90a90ef5321d3ecebf325d11424ea3a52799b,aa74d50a966fd829,256,256,RGB,JPEG,23068,3
Potato___healthy/60e9a878-13e0-4345-964c-fd807cd20bbb___RS_HL 1876.JPG,Potato___healthy,True,2064,3ae60f7d82062b35c8fe50d3dae1096cb8d78d6b6b61a4a05d5e79d11b5f3cb1,fe8de8da9128c561,256,256,RGB,JPEG,24532,4
Potato___healthy/61b05f0a-14bc-4c8f-a256-57c8b8898d8c___RS_HL 1769.JPG,Potato___healthy,True,2065,c16255e657b91840ef5f082a3ea4471b92be7716aa6629615956706831ee189f,ae739581522fc93c,256,256,RGB,JPEG,23277,4
Potato___healthy/61b8a692-91d8-40f5-a4a4-4d910875a638___RS_HL 1966.JPG,Potato___healthy,True,2066,b20a2071b49c39c681f3fae700e8a9046eafe67f8b9389c43b3a61a640672498,bee0c41f933c72b0,256,256,RGB,JPEG,19424,1
Potato___healthy/683b04ad-7941-4819-9965-ba32c725eb22___RS_HL 1861.JPG,Potato___healthy,True,2067,ee09db8f85a6d9e2780c0eb422fdc2a08ad5ce6d208f907665696d10cdee8e4d,be87c1d8cbd86530,256,256,RGB,JPEG,20748,2
Potato___healthy/6f4b9acd-f34d-4771-a6bc-2001de2dd1d3___RS_HL 1898.JPG,Potato___healthy,True,2068,30e8e8ea3d549ab920722c0ce71cf1b9ef0c2261f0af13f7d57aa042fd7a3e00,eab580529f4a9c6d,256,256,RGB,JPEG,19150,4
Potato___healthy/71c06efe-089f-49b3-beed-095bd7640e32___RS_HL 1947.JPG,Potato___healthy,True,2069,c3a7f4edfc03af8fb2cbe5d88971408b2d93a24ae3d78732b41280bbd00d17f3,ba31f419d0796371,256,256,RGB,JPEG,20394,3
Potato___healthy/750584fd-72e0-45c8-b37c-97208bd559cc___RS_HL 1885.JPG,Potato___healthy,True,2070,dbcfd2fcd21e80a2a82cb6eaf65adf5d8ca877087596b7204f80d3596650f685,ea2495ce92c89a7d,256,256,RGB,JPEG,19783,1
Potato___healthy/762672f4-17e6-4fd6-84f1-3bcb091b3ca5___RS_HL 5417.JPG,Potato___healthy,True,2071,fe8132d101da8c1164b4a916655e0738d39567ffd6c3e6e9f8ac0fd730773af0,ab93a44e96699b25,256,256,RGB,JPEG,15491,0
Potato___healthy/774875d3-438a-4305-afe2-7d59e2925dc4___RS_HL 1759.JPG,Potato___healthy,True,2072,c5e1145f7f44b48d3ec80bde9636a79b65032200affc637a67bd118f92d4bad2,fab985339c43994c,256,256,RGB,JPEG,19602,2
Potato___healthy/77c75478-e1f0-4aaa-9cbc-af1fed928a74___RS_HL 1748.JPG,Potato___healthy,True,2073,0404e7f770290023ebe201ef2d48e7249ac03c39e45d2cfe7ceb1230da77fda3,baa4e58e96589a39,256,256,RGB,JPEG,14695,3
Potato___healthy/7948ada9-eabc-4cb7-a579-b73e938eb716___RS_HL 4185.JPG,Potato___healthy,True,2074,a70cbe9835f93396fe3044bf413e2113fbaefe6a1d97cb16d7b3d5112fd2907d,fac1e197954e920d,256,256,RGB,JPEG,17796,0
Potato___healthy/799b10e8-ba67-4e08-9abe-748789572ad1___RS_HL 1881.JPG,Potato___healthy,True,2075,3d12ef4275af1553878f3327d135c6b77b4041919c2e4e9f5cd409e4eaec289b,bab9e1d3872a0e31,256,256,RGB,JPEG,23386,1
Potato___healthy/7bfda067-6e35-4af5-a9c4-4b3b5f357871___RS_HL 1813.JPG,Potato___healthy,True,2076,9a49e9e1459fd669954b6b13135a8ce4784ce7b062e5827f3f992189995a771e,fe80a09f8f788d61,256,256,RGB,JPEG,20248,2
Potato___healthy/7e6c8297-dfe1-4826-826e-01d696cc263b___RS_HL 1863.JPG,Potato___healthy,True,2077,cb7f24b3d93c1c4e7759d812c1f07a1b31e2d695082c2747d37c57ae9831c1d7,ee3794da8b618d24,256,256,RGB,JPEG,23534,3
Potato___healthy/7e7b6ab4-9adb-4a3b-abfb-8716b0039879___RS_HL 1921.JPG,Potato___healthy,True,2078,4d5a033270cfefcdfc53d2f27e07dfcea9d5e29aae2ff80f8bb687b883adc696,af97d04ac5c8e670,256,256,RGB,JPEG,20276,4
Potato___healthy/80bb8697-bfab-449b-b870-e1ed2089df58___RS_HL 1827.JPG,Potato___healthy,True,2079,0a98fc3172a4085f2bc2acb0541a781ccb9967461c5c8019ff876b51ca2e749a,bfe0c00fdc1ad839,256,256,RGB,JPEG,18824,0
Potato___healthy/849aa978-c7b9-4344-9ca8-129219a65f8e___RS_HL 1874.JPG,Potato___healthy,True,2080,bc34f81f66245129f593349937dc305a2fd45456f84409e8c84cd273e463ceb1,abf0f589c04f98b4,256,256,RGB,JPEG,23743,1
Potato___healthy/8583c4ff-2d8b-4b6f-89a8-fcc98917ce9b___RS_HL 1961.JPG,Potato___healthy,True,2081,f438cdc131616a54a406508bee7b6f68862838292e89562614eddb6a5e54919a,eab5b55a846a8c69,256,256,RGB,JPEG,21243,2
Potato___healthy/8665efd2-fa3d-45f8-b1c0-746c99fb7d1e___RS_HL 1924.JPG,Potato___healthy,True,2082,2afe098c3ee7f6b6c4712ad7f2a60ee67023b682f691ee0d873dd79403a5ce6a,ea15965acd48cf61,256,256,RGB,JPEG,23883,3
Potato___healthy/875d6ded-5f01-495c-a945-ad2e17f87f91___RS_HL 1848.JPG,Potato___healthy,True,2083,6da0817e19c552691a4137ed2b4aa018aa2b173733c6b2094239f5f005563fed,abc8b5079237cb32,256,256,RGB,JPEG,19740,2
Potato___healthy/882798ca-67c3-45a3-86cf-4aed69388145___RS_HL 1750.JPG,Potato___healthy,True,2084,0d5fb5753d68b92e65b75413f072d8ea0c05a4f771ecb21ffaaa51bdf17b76af,ef6c9402cb374d98,256,256,RGB,JPEG,21080,4
Potato___healthy/8b2ce6b6-f00a-4f25-ac6d-4249dd7dc5f6___RS_HL 1890.JPG,Potato___healthy,True,2085,25e6b1adc6d1ec216dcd37097cc74fc2e2fc5845485e614254d83484b5d159b6,af49f0c687b41b0e,256,256,RGB,JPEG,19877,0
Potato___healthy/8c1e1281-5937-4559-a02f-02817de6e122___RS_HL 4173.JPG,Potato___healthy,True,2086,8d4b8a14e52926fcd9b3220266790fbc25b57eeb309eff7c9697a3d6ce863f90,f044853d9d71d671,256,256,RGB,JPEG,17831,1
Potato___healthy/907f26b7-a14f-463f-a41e-f35d6e0f1417___RS_HL 1757.JPG,Potato___healthy,True,2087,432ca2641094c76ce275eed4e3f0f3058802474f09e260215df6018f6bdb7c21,f9e6a058972a9e29,256,256,RGB,JPEG,15215,3
Potato___healthy/923d4cc3-021a-4bcd-9f5f-1d6f69e4ad33___RS_HL 1888.JPG,Potato___healthy,True,2088,c190a8bb524bbdd22020fcfb472b7c530edb5683e9589e83966a6e695bde02f7,bfe0c026c31e5f38,256,256,RGB,JPEG,19408,4
Potato___healthy/929107f1-4ae9-4dae-8319-ae7cf4804236___RS_HL 1932.JPG,Potato___healthy,True,2089,dbc454d0272e14c3955bde82eeb84201dcf456c665eca4586cea0db4a95ba96e,fa43819dd2789a33,256,256,RGB,JPEG,22739,0
Potato___healthy/949cafd0-098b-497f-9590-f0fb8ccafc94___RS_HL 4168.JPG,Potato___healthy,True,2090,54efe3a279ed7515bf4b505bc7372071f8865015b15693f39b19a6589758ea77,edc0e407d6cc9a9a,256,256,RGB,JPEG,17092,1
Potato___healthy/9a6eb7c4-6b43-477a-89e0-69f62ef67991___RS_HL 1846.JPG,Potato___healthy,True,2091,213a7e67b438addd2a051d96dbd674de46269061ecdc162eae0727002f685c3a,fb87c11e87389c31,256,256,RGB,JPEG,19335,2
Potato___healthy/9b5be0c5-7d7e-493d-88ba-c721c85f73ca___RS_HL 5405.JPG,Potato___healthy,True,2092,4d5781514ee6162896a2bffc2e00020ba7874fb7179a36056563ceaeefc41bb2,aa15ffde80608d63,256,256,RGB,JPEG,19914,2
Potato___healthy/9c620128-2872-4bbb-bc14-d5b785242cf6___RS_HL 1751.JPG,Potato___healthy,True,2093,91a7a31d0f6657e5e14d5529eb2eb0646f4219ebd0acd331be2f93c7a995029b,ea4ab12791b5cf90,256,256,RGB,JPEG,19324,3
Potato___healthy/9d7d1bb9-1b10-4a8f-a961-e404b9d5acf8___RS_HL 1960.JPG,Potato___healthy,True,2094,86bcfff62a4b5caefe1f675eb4529379e7103fdb18a84480c1eea02d83e81dfe,faa4e096856a9e39,256,256,RGB,JPEG,22126,4
Potato___healthy/a02b6205-b40a-4178-8b34-3494f84b9d1f___RS_HL 1958.JPG,Potato___healthy,True,2095,b8128c3d774823ee5baa6614566a4e38a5e7ef27e3ad870127651ea2876233b4,fab5a152c54a8e65,256,256,RGB,JPEG,19126,0
Potato___healthy/a1abff90-34e5-464d-b4d3-0c09f5924900___RS_HL 5414.JPG,Potato___healthy,True,2096,9cb556fa5118816d8827d409c5ebe79b98454b39ca4e0f025580474fb7cf2542,faa7e1c785189668,256,256,RGB,JPEG,18054,1
Potato___healthy/a3ec91aa-8503-4711-a912-0d1427e25686___RS_HL 5409.JPG,Potato___healthy,True,2097,5c19cd25a9d2f028b63fc5853e9b3908064a6a77165772f4e134e522522e5a6b,eac0878f94c939b3,256,256,RGB,JPEG,19306,4
Potato___healthy/a4d1d8cb-26a2-413f-a229-021e2eea87ac___RS_HL 1819.JPG,Potato___healthy,True,2098,1f09bc34918ab9c889425d920a312e3a530a6dcc4763590563c1f0ede2906c6d,eab385439726d89c,256,256,RGB,JPEG,18121,0
Potato___healthy/a5050bde-febc-4931-b31d-45c9652df318___RS_HL 5373.JPG,Potato___healthy,True,2099,4cd16b35cb0621cf430384c637e61f13069b85a9497579c231cdbec1f00ed1b3,ffc0808b9eb8b037,256,256,RGB,JPEG,19141,3
Potato___healthy/a8d687be-3777-403f-bae7-5c8c19340b3f___RS_HL 1738.JPG,Potato___healthy,True,2100,0dec65baa6ebb220fbe59dbaf891f094c799cacd676850edfeab3db02126b59c,af5ad081c017cf3e,256,256,RGB,JPEG,17942,2
Potato___healthy/aa04db6d-645f-4e8a-88dc-c9f9396f0800___RS_HL 1975.JPG,Potato___healthy,True,2101,65b065c500ba6aa2420a20df4a8d3ac2c891038e3b1987fa1026b920e51b5365,bfc0879d983191b6,256,256,RGB,JPEG,16738,1
Potato___healthy/ad9b6cf4-e065-496d-91c7-5713ce14e19e___RS_HL 1926.JPG,Potato___healthy,True,2102,b94dc423169dd43c35ede2a68ae1a306889473868526cacd6f50099ba33ab083,be6095879c269cb3,256,256,RGB,JPEG,24084,3
Potato___healthy/af15ac00-67ff-4114-ace8-6dca48b94665___RS_HL 1865.JPG,Potato___healthy,True,2103,21370ab6620a588a4bb9b6af20ae40929db42eebdd8aedf93cf68334a34e7393,ab70f087825fc339,256,256,RGB,JPEG,22560,4
Potato___healthy/b0fe9fe9-52e7-40e4-b4c0-769f1a0c7fb9___RS_HL 4175.JPG,Potato___healthy,True,2104,2096ec8d310892b74b8e7fec12ea767c5f128a86e1eb0d4bbdf5ef246993c4a2,afe882f307dd1e80,256,256,RGB,JPEG,17448,0
Potato___healthy/b28c43f9-5844-4e9b-86bf-36bc114cae07___RS_HL 1736.JPG,Potato___healthy,True,2105,1dee85d2f00cdaf270fdf1ec9d5607f0fcada51ede9fdd110dc19044235e360a,ee50946dcb368db0,256,256,RGB,JPEG,18018,1
Potato___healthy/b35b9f8b-daca-4d12-a5be-defe68d0acc5___RS_HL 1903.JPG,Potato___healthy,True,2106,3d1290bb622b4001b250883b81d9cd46af54f9f94f39b29b47a131c1c8dfa992,fac2878d90bcc3b4,256,256,RGB,JPEG,24047,2
Potato___healthy/b4031970-60ea-4739-9fed-6c81be1bad1c___RS_HL 1752.JPG,Potato___healthy,True,2107,372d1eec9cab0bef9f548c69ed4dfc9c95f07f6122441bc98223720c2a2e4c34,e56cd226c9930dd9,256,256,RGB,JPEG,20331,4
Potato___healthy/b42621c3-f751-46e1-a8d2-83ed85b90554___RS_HL 1740.JPG,Potato___healthy,True,2108,880cc46d4574fab84d4d394eda6b09f00471f520b85a937c5870a28f41dd11c1,aa62f44e902fdb38,256,256,RGB,JPEG,18190,3
Potato___healthy/b536ea91-c5f8-413b-87f3-a22ac3d959d1___RS_HL 1825.JPG,Potato___healthy,True,2109,8d0cfffe8979e6f03252537b5dd3786774e0ef3386709c34681afd23dfee5d59,bf8fc0d28b408de3,256,256,RGB,JPEG,21997,0
Potato___healthy/b61b9d33-59ea-41b0-a554-c382eb6128c5___RS_HL 1919.JPG,Potato___healthy,True,2110,850ac7ee097ce512de40591d190638f03c6bbca0d9da90721c182980c8a06c3f,ebc9958d1236d136,256,256,RGB,JPEG,23442,2
Potato___healthy/b89db9d3-a413-4781-bc88-5f6c2085ab5f___RS_HL 1909.JPG,Potato___healthy,True,2111,90ff6e9232f91ba8f459b85baf4363d8e33e0f6b2deee5d3cee7a49cd4031f32,ba1da54ac763d161,256,256,RGB,JPEG,24355,1
Potato___healthy/b8b7b98a-eb1a-4213-9b0b-aeef4df427e8___RS_HL 1858.JPG,Potato___healthy,True,2112,e90fa394857caaa3f4853bae3b3a57a1b424e12b1163ced5911e15e0be37fcfe,aee0b584560fd89d,256,256,RGB,JPEG,20180,4
Potato___healthy/b925ad3e-fc49-497d-a6eb-115f0de20800___RS_HL 4170.JPG,Potato___healthy,True,2113,355b5b20d2adc2018b2484389c2997ef93e074ae13061a8709fef209bbec9d61,afd0a546974eba09,256,256,RGB,JPEG,20394,0
Potato___healthy/b9ea902d-e557-4fa5-893b-39a7a57c0121___RS_HL 1893.JPG,Potato___healthy,True,2114,e8690115a69af1ef1635381e70f125bd71ff1d12d67bd57c30e059944e06aab7,afe0f40fc01ccb3c,256,256,RGB,JPEG,16933,3
Potato___healthy/bb04f738-1848-4dda-8834-384a48b335cd___RS_HL 1765.JPG,Potato___healthy,True,2115,4d6a805f5a9e94cea724da07f927b74425e9a7b71a16b1f72e1dd3dda17df129,af62d4059ab66d89,256,256,RGB,JPEG,21584,3
Potato___healthy/bb328d40-e4e6-4b84-a92a-e7cb3922c19d___RS_HL 1829.JPG,Potato___healthy,True,2116,0dc8fc470e342c10413faa7eaf671c189b4734123153d5c8bf658123810c5cc0,bf9fe0d2c129c425,256,256,RGB,JPEG,17930,1
Potato___healthy/bde33d08-678c-4f84-b80e-fcb986a9a446___RS_HL 5415.JPG,Potato___healthy,True,2117,262f50d67ea0f1a5f8a6e03a4c48da57d952b518159dc8cdbd91f0502078771b,febb81f492c28ac8,256,256,RGB,JPEG,17821,2
Potato___healthy/bf2bffbb-cd8f-4d36-bd58-847808397c75___RS_HL 1786.JPG,Potato___healthy,True,2118,5e34489b0ba7f13ab9166c717ef5c488f37cf354d37d4f03aa0a0725c9aa795a,ee93944a832dcf34,256,256,RGB,JPEG,17983,2
Potato___healthy/c07db642-c675-4066-99b6-56bc8207fb37___RS_HL 4164.JPG,Potato___healthy,True,2119,349455886da8b4d94cc998aafdb77e09e6096fa20a5c60c9193d309b2b74f500,afd0d00fc36d8f24,256,256,RGB,JPEG,14436,4
Potato___healthy/c3caa84b-6078-4489-80ac-919d92d25ff7___RS_HL 1772.JPG,Potato___healthy,True,2120,c33f80896152f9df6946b4fa23de37cb5854b9bfc8de3ecc64e3e1a4feedadc6,abe99580de16d833,256,256,RGB,JPEG,19650,0
Potato___healthy/c548fe0e-21c2-4241-b806-1e438a1213bd___RS_HL 1770.JPG,Potato___healthy,True,2121,b248838515e8dbd0f9a4deade3e18974e57b7ac82f1081681e8f2f1d21138b30,abc09587da2f5037,256,256,RGB,JPEG,20611,1
Potato___healthy/c6204cb3-cd9f-4d7b-92a6-9773fe562cab___RS_HL 1939.JPG,Potato___healthy,True,2122,5368fa118326aaa886efc0ff065649a1f3fc89127ceeca38d3e604cd5f1a4cb6,bfe2c08f81ad8cb8,256,256,RGB,JPEG,21661,3
Potato___healthy/c6abf1da-b06f-4cd2-8af6-d68be5eff6f9___RS_HL 1766.JPG,Potato___healthy,True,2123,b1cf7edaa38f7200d1d400345514077318b0502c688df8d9845c11f194462c71,aee2b583524f582d,256,256,RGB,JPEG,21636,4
Potato___healthy/c85bacb0-e5e8-4127-a0b0-a7342f2cab5f___RS_HL 5406.JPG,Potato___healthy,True,2124,c310d95d77f39b4f518ac7777b0944be95aad0ed5528f9545c8ddcf3d8ac8649,ff48e12dc427c836,256,256,RGB,JPEG,19143,1
Potato___healthy/c9ad5c9a-c9b0-4e07-9e03-9e9edfd58a19___RS_HL 1755.JPG,Potato___healthy,True,2125,535d4ece0e4ce1617993cf9aa7e1b1376be03ed102abef0f720da357d1ed9a54,bb9dc0788f630c27,256,256,RGB,JPEG,20810,3
Potato___healthy/d1752ed4-a0a7-4075-917d-205c0e785dcf___RS_HL 1911.JPG,Potato___healthy,True,2126,3a3849d90065b18371843ce005086215ca2dcc82187fd5356881c946a44af7f8,bb95f4cac161d960,256,256,RGB,JPEG,23529,0
Potato___healthy/d227e4c8-e203-4aa4-b813-25b96baa2869___RS_HL 1831.JPG,Potato___healthy,True,2127,f8a8a565b2d0b58a0a40c0c55dff08b66101a17178ce0824fd6dfdc488b2e689,ea61a516965ada39,256,256,RGB,JPEG,17622,4
Potato___healthy/d287be3d-cac6-4485-8c31-674fb8b459be___RS_HL 1973.JPG,Potato___healthy,True,2128,e64267e6ca7bbb8b367a9462dffd15cdcdafb9b7dc0005e01dedbb2ff72433ec,bfd0e027d7b60ac0,256,256,RGB,JPEG,17530,2
Potato___healthy/d325e580-5faa-4aea-927d-2700f52cc343___RS_HL 1872.JPG,Potato___healthy,True,2129,002ef3d8b0b98eb2ce88b38b7e152979cd9adaefa273fd0778d768ef23d76db0,ea35a59a85dac519,256,256,RGB,JPEG,21975,2
Potato___healthy/d340704d-cc00-4068-bb8a-ae70840b7bfa___RS_HL 1773.JPG,Potato___healthy,True,2130,c13fc411a63eaf28d0af0b22352a4bfd7f49855b7bb084928830a959fc2b3e9e,ffc2a80f95389331,256,256,RGB,JPEG,19472,0
Potato___healthy/d50a580b-46bd-47f5-a0bf-8535da774104___RS_HL 5408.JPG,Potato___healthy,True,2131,f501aecdd826a741369814a6ca636e309d9c746897a2c669f62250e4bf9298d1,ffb6e892c198430d,256,256,RGB,JPEG,20604,1
Potato___healthy/dbe4f332-9189-4b76-b30c-f0c9a55e48d3___RS_HL 1841.JPG,Potato___healthy,True,2132,22f6e18dc4c232118b8db62ebd5068d3abd82c9fc842f3c1b23cf24a1811ea4c,ab92a59ed2698e61,256,256,RGB,JPEG,21261,3
Potato___healthy/dca8ac5c-b925-435a-a5e9-da09fa8938a1___RS_HL 4182.JPG,Potato___healthy,True,2133,b5af83b3ed01b359ffeb202cfa2f95c68d9510c2cce641eaa7ebf7184df9350d,af69d034c8b097cb,256,256,RGB,JPEG,18028,4
Potato___healthy/de9a8669-d437-40f0-aa56-fe2d8276a1e0___RS_HL 1910.JPG,Potato___healthy,True,2134,19b06033c2e6ae81bc8012fae7541ae380f492d0758168992c15628540b15026,fa3d8412939a9e4b,256,256,RGB,JPEG,21490,0
Potato___healthy/e1b49d1b-165b-4f4e-8a30-735e62bc39c5___RS_HL 1839.JPG,Potato___healthy,True,2135,607ee58451167bfe2a4cfb96999d00781cfe88505ed1bf587c0dca4c78960197,babdc45ac1688d63,256,256,RGB,JPEG,20458,2
Potato___healthy/e34e563f-7a4a-4b44-bdf2-b6f96cbcd929___RS_HL 5370.JPG,Potato___healthy,True,2136,8e5741511380247e2fbfde9efa75b1536926f48df767433e00ac08a426c5b0d9,ab68d425cf37cc18,256,256,RGB,JPEG,19221,1
Potato___healthy/e51367c1-d582-45e3-acf6-b0e652b43d3a___RS_HL 1873.JPG,Potato___healthy,True,2137,e5095e99b3e9d603e939cb03d91f2f290f9cd2a3ab54f8971ffa4fd106e0937f,ffae88d48242eb61,256,256,RGB,JPEG,23202,3
Potato___healthy/e693354a-053c-4093-8642-cc8f5f9eb2cc___RS_HL 1746.JPG,Potato___healthy,True,2138,ad963a48a9d29c03a9543cf272be3b3b9066842e73039bfc8aebbad81d01c5e8,fea5a05e077a5861,256,256,RGB,JPEG,12097,4
Potato___healthy/ec6e43d3-512d-4908-99f2-c9e2a0be54be___RS_HL 4202.JPG,Potato___healthy,True,2139,b6da280f8bf18d3861a25ec172bb48ec8eadf2c1b52e64a867af720a598ce858,ffe0e09752135a0b,256,256,RGB,JPEG,15666,2
Potato___healthy/ee052892-e935-4fbb-9344-4d23c57c6890___RS_HL 5400.JPG,Potato___healthy,True,2140,b582baab8f7d8252d0e2d36f1b8d7d2b8416f171e453fac4033f976608e944c4,f6c1ab0a9ab4b135,256,256,RGB,JPEG,20519,0
Potato___healthy/ef7005dc-1d44-412e-b858-145a2d7a6fa9___RS_HL 1951.JPG,Potato___healthy,True,2141,70dfad43f8d50501470c59af496fc9bca2f2280473d980d12fbaa1004f745d1e,ab22b40fc25f8f98,256,256,RGB,JPEG,23400,1
Potato___healthy/f0036dfd-9f46-4f2f-9001-5973495f2171___RS_HL 1849.JPG,Potato___healthy,True,2142,fb34f9b49e309eb0599081ab4b8a59a8d3beed0c93142713d758d30fe35395da,8be6b11f8278da31,256,256,RGB,JPEG,17240,4
Potato___healthy/f0fdde26-78b4-46f0-9eb8-7c2a743d34aa___RS_HL 4165.JPG,Potato___healthy,True,2143,f81181852d0025ad7bcaec69a8bc22439852fe6a0b342a2186be7d2d9f53b8e3,bd61d1078d1ec437,256,256,RGB,JPEG,16616,3
Potato___healthy/f30983c0-6e20-43cc-8672-4622ca34c830___RS_HL 1949.JPG,Potato___healthy,True,2144,a8ed0c605480ff9881229a772583b5740ffb0b882846380454310ec2fb46a81d,f963c10793bf4a30,256,256,RGB,JPEG,23365,0
Potato___healthy/f4b5ec24-d318-4309-8294-9126450d5d7f___RS_HL 1824.JPG,Potato___healthy,True,2145,2b79c69335da2e5b19b7497a4038ef7949700b14c59024f4a75db740f9de9ad6,eec1a50f923c9b38,256,256,RGB,JPEG,19422,1
Potato___healthy/f4be3632-42a1-415a-9f7e-1d5ecb9f49d7___RS_HL 1783.JPG,Potato___healthy,True,2146,4d34ce5b8506af0777ddba2bfc189ba0c18e28d26f1b5140ceec72538f991b61,ebf0c5cb920d9a34,256,256,RGB,JPEG,17245,2
Potato___healthy/f5bd2732-197b-4d8e-bb50-a4966dc416f5___RS_HL 1840.JPG,Potato___healthy,True,2147,9bc63b1644476cd56b9d6abf3ecbc3ed3d11c938ed284c9656cec0469db65063,aaf6e4da84689e29,256,256,RGB,JPEG,23424,3
Potato___healthy/f66af6c0-6fc6-4020-b1de-a73685d497c2___RS_HL 4181.JPG,Potato___healthy,True,2148,c4219fd8c2b3d78742daa3c2c69b8f382a95716128d0000b6c52159e11da0557,abc2d485c27bcbb0,256,256,RGB,JPEG,16422,4
Potato___healthy/fd92bd9c-02cb-4599-8673-9316159504a1___RS_HL 1927.JPG,Potato___healthy,True,2149,f493f46d86663366b8e5c53176477ef177aa4604e6299577058c5125d4b86248,ea90a5db966d9225,256,256,RGB,JPEG,21224,1
Potato___healthy/ff700844-68ad-4e99-8427-58a39c07f817___RS_HL 1860.JPG,Potato___healthy,True,2150,73c70944c9e3a096b2d59439327a98c692cff8c40254f7fc35c765de48cb7ec5,bbb2a1d7c14acd18,256,256,RGB,JPEG,22214,2
